country_iso3,t,gdp,gdpcap,pop,co2_pc,source
ABW,2012,2649051221.82866,25444.733664668714,104110.0,,hist
ABW,2013,2819423912.92302,26680.14112063421,105675.0,,hist
ABW,2014,2859631679.07374,26773.822680851816,106807.0,,hist
ABW,2015,2962906703.91061,27458.220153750583,107906.0,,hist
ABW,2016,2999478909.44476,27587.249804048304,108727.0,,hist
ABW,2017,3104263601.0989304,28548.890431773856,108735.0,,hist
ABW,2018,3203987172.7481,29419.208623316008,108908.0,,hist
ABW,2019,3243239612.14075,29699.180536622163,109203.0,,hist
ABW,2020,2468170539.29889,22729.88975935324,108587.0,,hist
ABW,2021,2831747261.74117,26292.91793631541,107700.0,,hist
ABW,2022,3132944104.21046,29195.26702274215,107310.0,,hist
ABW,2023,3374393790.1973,31430.9353682253,107359.0,,hist
ABW,2024,3604216215.9983697,33373.91745912653,107995.0,,hist
ABW,2025,3609757881.048732,33425.23154820808,107995.0,,projected
ABW,2030,4663229184.272831,41293.67834113752,112928.40385273298,,projected
ABW,2035,5932256819.673102,50602.03268528687,117233.567603263,,projected
ABW,2040,7557914816.548601,62415.13388832773,121091.06150554951,,projected
ABW,2045,9573795507.488878,76929.18353429325,124449.46205910404,,projected
ABW,2050,12101726364.194435,95017.20469410263,127363.52751225005,,projected
ABW,2055,15111458871.360807,116274.55068181199,129963.5972166744,,projected
ABW,2060,18722878900.831944,141480.34443461426,132335.54792117997,,projected
ABW,2065,22964116505.10313,171382.1180695522,133993.6556028767,,projected
ABW,2070,27855381477.55211,206591.2123735227,134833.33176431918,,projected
AFG,2012,17386490239.3536,568.92902145834,30560034.0,2.0913397278028936,hist
AFG,2013,18360263162.7578,580.6038333330952,31622704.0,1.9339513699654791,hist
AFG,2014,18860496494.0404,575.146245808546,32792523.0,1.7809587343559539,hist
AFG,2015,19134221644.7325,565.5697304087513,33831764.0,1.6448296575379333,hist
AFG,2016,19566715174.1633,563.8723367231477,34700612.0,1.5242626651550082,hist
AFG,2017,20084646751.4954,562.769574140988,35688935.0,1.4048669668970377,hist
AFG,2018,20323499020.3639,553.125151688294,36743039.0,1.2895929593858906,hist
AFG,2019,21118473702.3471,557.8615332074594,37856121.0,1.1789090312884107,hist
AFG,2020,20621957125.2077,527.8345544993049,39068979.0,1.0718038337283533,hist
AFG,2021,16345202562.5485,408.62585521740374,40000412.0,1.1542175944635564,hist
AFG,2022,15325233810.1388,377.66562708070376,40578842.0,1.2436056494744183,hist
AFG,2023,15672648238.1005,378.0663031225895,41454761.0,1.3209333182374021,hist
AFG,2025,,,42647492.0,1.485404363115789,projected
AFG,2030,,,47982311.48922811,1.520073487020014,projected
AFG,2035,,,53505641.48936217,0.7826767908916422,projected
AFG,2040,,,59037590.56789527,0.8515759306248416,projected
AFG,2045,,,64487038.39047656,0.8826843509632379,projected
AFG,2050,,,69771505.40866165,0.9344131174294238,projected
AFG,2055,,,74859381.50269005,0.9326090008164213,projected
AFG,2060,,,79666625.7613016,0.9308048842034188,projected
AFG,2065,,,84184348.55666398,0.9047764927123532,projected
AFG,2070,,,88298897.1306264,0.8787481012212877,projected
AGO,2012,92712034533.3955,3682.352293227627,25177394.0,0.4922185354052131,hist
AGO,2013,97239220009.2494,3716.2971872728185,26165620.0,0.4815334014634471,hist
AGO,2014,101766409287.849,3746.8161997861325,27160769.0,0.47150579573059953,hist
AGO,2015,102543067840.73201,3641.7289391994364,28157798.0,0.46215616718324354,hist
AGO,2016,100799291837.039,3454.033171871191,29183070.0,0.45300717162382165,hist
AGO,2017,100648701499.631,3328.898212410888,30234839.0,0.4440896807818292,hist
AGO,2018,100050434318.105,3196.7900698355807,31297155.0,0.43562489945172334,hist
AGO,2019,99845650843.2744,3083.9753442735696,32375632.0,0.42750238821592734,hist
AGO,2020,95809443080.1137,2864.1614603689254,33451132.0,0.41994094549625405,hist
AGO,2021,97824078558.145,2832.817771322863,34532429.0,0.4548252310893045,hist
AGO,2022,101948344238.666,2860.9025192224763,35635029.0,0.4872997297125814,hist
AGO,2023,103236265970.233,2809.1572797555727,36749906.0,0.5176519363069936,hist
AGO,2024,107803341999.578,2845.4777930297405,37885849.0,0.545913066380009,hist
AGO,2025,107805703934.37846,2845.5401364868044,37885849.0,0.5896951128111185,projected
AGO,2030,117863776812.18907,2789.334750012276,42255156.65040575,0.5587204869026428,projected
AGO,2035,123390663624.12805,2654.3550862729912,46486117.950926535,0.6744998640521426,projected
AGO,2040,132092841880.8847,2609.3223597330784,50623427.72182322,0.869155657564913,projected
AGO,2045,149196553363.3425,2733.640471585211,54577972.09039157,1.0393986419573176,projected
AGO,2050,177746153926.63153,3047.073901213189,58333391.21045344,1.2323229182484468,projected
AGO,2055,216182128767.03494,3501.367887450198,61742192.1135129,1.309981201688261,projected
AGO,2060,267180673604.6721,4122.762571337768,64806223.73506616,1.3876394851280751,projected
AGO,2065,332736975427.49274,4931.3092158317895,67474368.54279037,1.4694906269620618,projected
AGO,2070,413811264575.33234,5931.092812151484,69769817.75222358,1.5513417687960485,projected
ALB,2012,10790155229.509197,3771.847818620145,2860708.0,1.5370926043278494,hist
ALB,2013,10974367815.094,3895.8997562194213,2816902.0,1.5271775997749173,hist
ALB,2014,11220218560.8998,4045.1193488493445,2773767.0,1.5165823807049454,hist
ALB,2015,11470171826.9575,4199.539129253983,2731293.0,1.5052880396209656,hist
ALB,2016,11918533446.9749,4431.556358141663,2689469.0,1.493275888593665,hist
ALB,2017,12309839868.7084,4648.230786606578,2648285.0,1.4805263542404865,hist
ALB,2018,12761785703.1071,4893.823755387189,2607733.0,1.467018387718151,hist
ALB,2019,13025007474.8895,5072.436483547401,2567801.0,1.452732819435411,hist
ALB,2020,12593390460.142,4980.616995246947,2528480.0,1.4376484337225206,hist
ALB,2021,13722964212.462,5511.757434028634,2489762.0,1.3713998166180954,hist
ALB,2022,14385344334.623,5867.650962305578,2451636.0,1.3027435511416399,hist
ALB,2023,14962975920.9066,6198.17195301204,2414095.0,1.2316196451550867,hist
ALB,2024,15568367220.7999,6549.233874153979,2377128.0,1.1579690558500229,hist
ALB,2025,15661645263.654903,6588.473680699947,2377128.0,1.0651654030908877,projected
ALB,2030,17520960971.258286,7352.318826062658,2383052.392824643,0.6883288197987526,projected
ALB,2035,19449421953.127674,8177.318030450726,2378459.7689244626,0.4894459369489854,projected
ALB,2040,21568740202.950665,9123.190888245277,2364166.2733091316,0.41441426715410545,projected
ALB,2045,23687288639.412037,10116.480257007897,2341455.52975338,0.21757338633600928,projected
ALB,2050,25857617973.79349,11186.398607571473,2311523.0272852834,0.10393584647610023,projected
ALB,2055,27978577814.581074,12294.749587556153,2275652.5145415687,0.05516054142762476,projected
ALB,2060,30156457550.19063,13495.001558515085,2234639.05650033,0.006385236379149293,projected
ALB,2065,32300959996.05325,14788.719524261916,2184162.052912106,0.006481320647508591,projected
ALB,2070,34323426789.776035,16160.493061625944,2123909.6269456693,0.006577404915867888,projected
AND,2012,2781928287.88297,36206.995443201835,76834.0,,hist
AND,2013,2683236696.87851,35684.1861967512,75194.0,,hist
AND,2014,2750437434.80254,37300.641940986745,73737.0,,hist
AND,2015,2789882569.1005,38654.95287916009,72174.0,,hist
AND,2016,2893378230.93931,40085.03942781771,72181.0,,hist
AND,2017,2903391399.65727,39361.080753999566,73763.0,,hist
AND,2018,2949519480.26811,39242.16333078031,75162.0,,hist
AND,2019,3008968450.49925,39346.29351804862,76474.0,,hist
AND,2020,2672447226.31612,34536.66614520703,77380.0,,hist
AND,2021,2893907016.25363,36929.03649958693,78364.0,,hist
AND,2022,3170698001.4214096,39780.41529918336,79705.0,,hist
AND,2023,3252614722.13544,40227.252425737606,80856.0,,hist
AND,2024,3362287046.47556,41034.526672307846,81938.0,,hist
ARE,2012,324917470354.939,43958.56811208562,7391448.0,24.946385371701943,hist
ARE,2013,340898464870.844,44312.63371626138,7693031.0,23.955810683895873,hist
ARE,2014,356691886612.605,44257.65147610814,8059440.0,22.854649725016714,hist
ARE,2015,381973042886.317,44910.33499552299,8505237.0,21.64531830661923,hist
ARE,2016,403584822847.176,45168.49824732429,8935095.0,20.5931158086939,hist
ARE,2017,399301267917.2,43293.0203824801,9223225.0,19.939265284662184,hist
ARE,2018,405439194566.321,43377.78586972248,9346701.0,19.66546421176572,hist
ARE,2019,410593714983.921,43468.45868119177,9445785.0,19.448896833034144,hist
ARE,2020,374899053476.789,39878.47442769501,9401038.0,19.531139213613223,hist
ARE,2021,391967404019.4891,40935.893656778404,9575152.0,18.68136751333839,hist
ARE,2022,421421732891.067,41828.555329810384,10074977.0,17.28449455375295,hist
ARE,2023,439547849791.1149,41926.582364567315,10483751.0,16.158800095814502,hist
ARE,2024,457093751868.536,41605.416867084394,10986400.0,14.988420978746861,hist
ARE,2025,457015399558.1905,41598.285112338024,10986400.0,14.557338147028478,projected
ARE,2030,541075556766.2541,45141.71358988999,11986154.572728366,14.286950733967497,projected
ARE,2035,624040718647.0953,48300.80518883912,12919882.312671935,13.634264534540613,projected
ARE,2040,703354743455.7009,51044.25093486874,13779313.64598072,13.952164585985683,projected
ARE,2045,776493264777.1411,53421.01930051943,14535350.97129064,13.883271497915704,projected
ARE,2050,845869591316.2134,55732.2250779435,15177387.770418905,12.254942405351274,projected
ARE,2055,906425015345.0946,57723.06225298389,15702995.994434418,9.764453430632537,projected
ARE,2060,972648341338.7812,60346.75546863921,16117657.59046058,7.2739644559138,projected
ARE,2065,1039267064045.3907,63536.571936407345,16356989.877980435,6.2674891122383745,projected
ARE,2070,1101179631075.8906,67067.5399904409,16418965.58652429,5.261013768562949,projected
ARG,2012,579910247223.428,13754.42542355963,42161721.0,8.357869452245557,hist
ARG,2013,593858966307.156,13946.095083225146,42582455.0,7.89224317855793,hist
ARG,2014,578937574935.696,13456.131915915072,43024071.0,7.4321191037454355,hist
ARG,2015,594749285413.212,13679.626498095407,43477012.0,6.979526329914299,hist
ARG,2016,582376550428.0901,13265.886063912347,43900313.0,6.540679561897429,hist
ARG,2017,598790850843.677,13520.112984615895,44288894.0,6.115005039412364,hist
ARG,2018,583118120294.002,13058.328544995415,44654882.0,5.699617345310642,hist
ARG,2019,571450737224.4419,12706.397810896757,44973465.0,5.29656031617755,hist
ARG,2020,514874343768.066,11393.05059578768,45191965.0,4.910023275155218,hist
ARG,2021,568636554720.066,12549.281169934173,45312281.0,5.203043298570646,hist
ARG,2022,602872713790.916,13276.823211018856,45407904.0,5.497499289991452,hist
ARG,2023,591684674129.454,12993.09288724156,45538401.0,5.78628309764324,hist
ARG,2024,583738758865.705,12774.350659662772,45696159.0,6.069793305822487,hist
ARG,2025,584636286784.3102,12793.991871052229,45696159.0,6.373279644794653,projected
ARG,2030,681158244835.5419,14513.383166914016,46933112.49360315,5.8919766101128985,projected
ARG,2035,782501002330.1526,16297.226598781812,48014365.97737698,4.64184528069416,projected
ARG,2040,885099648214.6058,18080.685840284583,48952769.603604525,5.176800527151527,projected
ARG,2045,986251124987.636,19852.99364194528,49677703.16028767,5.8569145822518704,projected
ARG,2050,1094239135649.7974,21793.652426279004,50209075.296179034,6.0589381265064315,projected
ARG,2055,1201350255414.3528,23770.283323073676,50540005.73262873,6.236428974260179,projected
ARG,2060,1310071981016.486,25853.02657364518,50673834.15572651,6.413919822013924,projected
ARG,2065,1420253681526.7847,28029.6438809313,50669701.24772045,6.366646702187813,projected
ARG,2070,1529792362340.9153,30292.655988076298,50500436.90269574,6.319373582361703,projected
ARM,2012,9555426006.05632,3159.7586078688933,3024100.0,2.1606287131300843,hist
ARM,2013,9870755064.25618,3266.298829998736,3022000.0,2.1908475360475115,hist
ARM,2014,10226102246.6276,3393.09252326883,3013800.0,2.2256039606126725,hist
ARM,2015,10553337518.414001,3512.393502767091,3004600.0,2.261302396010572,hist
ARM,2016,10574444193.4325,3533.8850360700803,2992300.0,2.299600020590267,hist
ARM,2017,11367527508.1135,3815.3747426037125,2979400.0,2.3386846694539667,hist
ARM,2018,11958638938.496,4027.8339301098013,2969000.0,2.3761067924318087,hist
ARM,2019,12867495497.6469,4343.458395830177,2962500.0,2.410614355878121,hist
ARM,2020,11941035821.9185,4032.090434549553,2961500.0,2.4407323963693486,hist
ARM,2021,12633615899.668198,4264.799615051885,2962300.0,2.5079027000495375,hist
ARM,2022,14225451502.9981,4791.004817121818,2969200.0,2.569746512483384,hist
ARM,2023,15406163977.6894,5197.235090135749,2964300.0,2.641777998642035,hist
ARM,2024,16315127652.444302,5378.3179998168125,3033500.0,2.6477513426350763,hist
ARM,2025,16312331009.655119,5377.39608032145,3033500.0,2.7139887504178084,projected
ARM,2030,18792917760.08094,6322.612269409934,2972334.3705583285,2.5970200660127687,projected
ARM,2035,21396605521.643192,7364.223930141175,2905480.0240482385,2.5965019790289157,projected
ARM,2040,23892025399.109646,8449.05658731488,2827774.338140935,2.5338832485367733,projected
ARM,2045,26201263174.297832,9570.440886200173,2737727.915134819,2.6117057486506625,projected
ARM,2050,28375443777.299267,10755.833205568986,2638144.645326731,2.53015478677117,projected
ARM,2055,30120641676.20879,11882.267452607792,2534923.7253196347,2.554749112275255,projected
ARM,2060,31944359508.284763,13131.483663774705,2432654.247319241,2.57934343777934,projected
ARM,2065,34131647896.269745,14606.538740002026,2336737.5737549313,2.527564220823331,projected
ARM,2070,36182998894.23686,16125.614427619892,2243821.4095124807,2.475785003867322,projected
ASM,2012,657587786.259542,12068.266737498247,54489.0,,hist
ASM,2013,641148091.603054,11871.793719272933,54006.0,,hist
ASM,2014,652450381.679389,12203.089471428366,53466.0,,hist
ASM,2015,673000000.0,12727.410265138622,52878.0,,hist
ASM,2016,661697709.923664,12665.282992126788,52245.0,,hist
ASM,2017,615461068.70229,11930.77712368259,51586.0,,hist
ASM,2018,631900763.358779,12412.602407456176,50908.0,,hist
ASM,2019,628818320.610687,12524.016025228286,50209.0,,hist
ASM,2020,656560305.343511,13194.274740128032,49761.0,,hist
ASM,2021,651422900.763359,13233.578481734057,49225.0,,hist
ASM,2022,662725190.839695,13709.097489547288,48342.0,,hist
ATG,2012,1395234173.14327,15989.390019977882,87260.0,,hist
ATG,2013,1386849062.30615,15748.19520242267,88064.0,,hist
ATG,2014,1417336052.73314,15967.284996711993,88765.0,,hist
ATG,2015,1437485185.18519,16077.634076940687,89409.0,,hist
ATG,2016,1496714858.2025797,16635.895232831084,89969.0,,hist
ATG,2017,1537316639.9839,16992.93274952359,90468.0,,hist
ATG,2018,1640501407.75149,18042.159643572686,90926.0,,hist
ATG,2019,1692541753.29144,18525.258890716694,91364.0,,hist
ATG,2020,1373179832.3414001,14950.894239720838,91846.0,,hist
ATG,2021,1485407940.3184097,16084.721440604768,92349.0,,hist
ATG,2022,1620696017.30498,17456.872224310428,92840.0,,hist
ATG,2023,1660036192.7894,17789.405812394445,93316.0,,hist
ATG,2024,1720733551.2869403,18350.18503697202,93772.0,,hist
AUS,2012,1260921781880.75,55465.446287257575,22733465.0,18.350445224433198,hist
AUS,2013,1294392358274.42,55966.15092705596,23128129.0,17.626039156980344,hist
AUS,2014,1328061960035.21,56571.80625244391,23475686.0,16.959905261951278,hist
AUS,2015,1356805839935.9,56970.3613028093,23815995.0,16.31817245749923,hist
AUS,2016,1394194533274.64,57632.999592559296,24190907.0,15.672071195782891,hist
AUS,2017,1426167740135.16,57991.771347332775,24592588.0,15.029313707536032,hist
AUS,2018,1467158231105.1,58772.70631522136,24963258.0,14.425113223194241,hist
AUS,2019,1499347932643.95,59181.299790413,25334826.0,13.838102784184619,hist
AUS,2020,1497345824797.34,58377.76705178023,25649248.0,13.297622969104442,hist
AUS,2021,1527396783519.68,59465.53567136396,25685412.0,12.784288792785038,hist
AUS,2022,1592357665099.43,61200.458896478034,26018721.0,12.13224201890156,hist
AUS,2023,1649424913623.6,61869.082498575954,26659922.0,11.363916054176245,hist
AUS,2024,1672078242948.22,61480.67071053107,27196812.0,10.672457163122521,hist
AUS,2025,1672765989795.6592,61505.9584849746,27196812.0,10.205332392197537,projected
AUS,2030,1886130471238.2605,65265.607225437314,28899301.66011142,10.058458027905383,projected
AUS,2035,2100447910837.0745,68807.19324346635,30526574.50224544,9.052304073806765,projected
AUS,2040,2318007033231.903,72164.72448923693,32121054.291250344,7.427148683774947,projected
AUS,2045,2558406026069.7896,75931.90968289334,33693423.97358632,5.045505126780156,projected
AUS,2050,2818716578801.2856,80020.10240787879,35225105.866944686,2.2525161789444845,projected
AUS,2055,3061246126387.4653,83440.9363708866,36687581.17455122,1.747900109238724,projected
AUS,2060,3328138292795.561,87453.69496187729,38056005.45804679,1.2432840395329634,projected
AUS,2065,3619977150614.596,92286.75026684634,39225318.26234496,1.1129919427156112,projected
AUS,2070,3922192324668.623,97561.49820140607,40202255.9818797,0.982699845898259,projected
AUT,2012,372786509411.403,44221.459953089274,8429991.0,9.719523383596691,hist
AUT,2013,371851835129.742,43851.36754974037,8479823.0,9.485785469622467,hist
AUT,2014,374662287024.534,43838.83458921369,8546356.0,9.236693270059327,hist
AUT,2015,379546097300.633,43915.22802085702,8642699.0,8.960436560279598,hist
AUT,2016,387581921834.297,44362.67028051163,8736668.0,8.692632391370791,hist
AUT,2017,396388751744.592,45056.63859124126,8797566.0,8.462219027377962,hist
AUT,2018,406235924915.185,45951.581916403455,8840521.0,8.251687604177873,hist
AUT,2019,413365268699.049,46550.56224594918,8879920.0,8.046413109637808,hist
AUT,2020,387247796560.501,43428.69831372341,8916864.0,7.845111448475126,hist
AUT,2021,406312360757.929,45368.64343373672,8955797.0,7.2447628429066775,hist
AUT,2022,427972725600.496,47332.42403579709,9041851.0,6.6149573596749685,hist
AUT,2023,424607814488.72,46497.91146403415,9131761.0,5.994494632618383,hist
AUT,2024,421809268656.554,45958.82500712619,9177982.0,5.41176979690887,hist
AUT,2025,420472117387.8092,45813.13380085178,9177982.0,4.859233682033007,projected
AUT,2030,450698193918.69275,48474.82605367948,9297572.17528958,3.8894867335032792,projected
AUT,2035,482965721634.2674,51424.866640910004,9391676.69615411,2.320127503968958,projected
AUT,2040,521149487108.6591,55045.823793525095,9467557.231289191,0.9507105906043842,projected
AUT,2045,556112618145.4064,58343.67074871543,9531670.03393681,0.16442472832188326,projected
AUT,2050,594883322371.2107,62123.00331680779,9575894.445049489,0.08682033718553432,projected
AUT,2055,631846140385.9617,65879.60079863001,9590922.420997748,0.05179723635227205,projected
AUT,2060,672067536834.518,70185.33133856305,9575612.51071922,0.016774135519009758,projected
AUT,2065,714478291928.5154,75065.52563724181,9518061.531751208,0.01724481699321363,projected
AUT,2070,752961347552.7615,79817.67286045563,9433516.670789884,0.01771549846741749,projected
AZE,2012,48274633178.2711,5193.175011195516,9295784.0,3.7798826340837506,hist
AZE,2013,51095520771.413,5425.995597805773,9416801.0,3.7808658659983325,hist
AZE,2014,52524961505.77851,5508.602656126762,9535079.0,3.782910495424773,hist
AZE,2015,53076235354.746,5500.50364628486,9649341.0,3.7864802767162784,hist
AZE,2016,51450192645.68659,5272.718171418613,9757812.0,3.7922157483475902,hist
AZE,2017,51529227685.0867,5229.252599934129,9854033.0,3.8025463576000287,hist
AZE,2018,52302373078.674,5261.929382344322,9939771.0,3.8166982164705665,hist
AZE,2019,53599371924.6281,5346.953186041146,10024283.0,3.831076517276223,hist
AZE,2020,51348755387.0791,5087.500227836276,10093121.0,3.85118578879978,hist
AZE,2021,54232727563.5559,5349.582260714251,10137750.0,3.940816309422838,hist
AZE,2022,56789627303.76039,5599.585249710247,10141756.0,4.045802021056919,hist
AZE,2023,57558830022.9022,5668.610213170293,10153958.0,4.147354490030478,hist
AZE,2024,59902281408.46219,5871.143732519526,10202830.0,4.233393057014148,hist
AZE,2025,59892013313.29754,5870.137335748762,10202830.0,4.339297632608836,projected
AZE,2030,65166279000.90134,6264.459957382359,10402537.400547365,4.152280669016035,projected
AZE,2035,67562114303.38239,6393.630274843001,10567097.470308669,4.151452318632426,projected
AZE,2040,70490205666.28697,6588.830353635934,10698439.917699223,4.051333514182815,projected
AZE,2045,74797235505.2604,6948.160698170265,10765041.10288606,4.175761071392076,projected
AZE,2050,80440679737.93861,7475.908837640213,10759986.709967678,4.045372212644531,projected
AZE,2055,86544288616.2183,8089.219446007176,10698719.350349236,4.0846951827265015,projected
AZE,2060,94602229645.97008,8915.850761405834,10610566.75101338,4.124018152808474,projected
AZE,2065,105352731460.53598,10037.505713418182,10495907.496192005,4.041230251229677,projected
AZE,2070,117050267716.90923,11314.044535976824,10345572.47363738,3.958442349650881,projected
BDI,2012,2579999920.33893,256.1803939318737,10071028.0,0.021061708553975503,hist
BDI,2013,2707037177.57679,259.3111172033551,10439341.0,0.020907554915655355,hist
BDI,2014,2821948416.12645,261.2967217520025,10799785.0,0.02077903716662677,hist
BDI,2015,2810532912.49975,254.40258522678724,11047580.0,0.02086947300426012,hist
BDI,2016,2900474875.87058,258.0619708089461,11239451.0,0.021060211147166333,hist
BDI,2017,3011616941.94606,261.7258392887643,11506762.0,0.021105264009462915,hist
BDI,2018,3172504889.35261,267.5086921726875,11859446.0,0.020996030385389105,hist
BDI,2019,3313977733.08389,270.41100571080955,12255336.0,0.020819447727561856,hist
BDI,2020,3324133212.69452,263.4638763568971,12617036.0,0.02070988510308862,hist
BDI,2021,3431737891.18244,264.6826516642491,12965481.0,0.02190487760368509,hist
BDI,2022,3511275322.2302194,263.5875500516376,13321097.0,0.023024919258096858,hist
BDI,2023,3625559222.01905,264.8433079502135,13689450.0,0.02406430436070464,hist
BDI,2024,3774652142.6554594,268.7008573917242,14047786.0,0.02506708173138599,hist
BDI,2025,3774734844.008575,268.7067445367245,14047786.0,0.02668370007084331,projected
BDI,2030,5338863281.682492,349.5974775193831,15271458.248397926,0.03220026350213426,projected
BDI,2035,7526475963.192736,457.8633439284111,16438258.408320043,0.04204876723237275,projected
BDI,2040,10583373206.64303,602.3167003538624,17571110.348468296,0.06342657078777712,projected
BDI,2045,14828044408.15153,795.4091509568195,18642033.964927945,0.08020589965898473,projected
BDI,2050,20622649629.457203,1051.217427140559,19617872.665556308,0.10217089359586602,projected
BDI,2055,28029029754.592052,1369.9826388900963,20459405.07487016,0.09783709104793858,projected
BDI,2060,37645272186.760185,1779.6421463193153,21153282.003698748,0.0935032885000111,projected
BDI,2065,49906170454.41929,2301.7301662208297,21682024.75981768,0.0917304274711396,projected
BDI,2070,65120984060.53192,2946.532699351746,22100886.26366132,0.08995756644226806,projected
BEL,2012,445104666468.521,40074.49280039898,11106932.0,10.773675379872634,hist
BEL,2013,446464436962.24,40007.89978914113,11159407.0,10.527006408356307,hist
BEL,2014,454346946885.841,40533.913502789845,11209057.0,10.285237925955144,hist
BEL,2015,461044767544.531,40893.804537772005,11274196.0,10.031800701241115,hist
BEL,2016,466547349432.055,41172.886283120955,11331422.0,9.78810572114131,hist
BEL,2017,473426439010.72,41619.32862916893,11375158.0,9.558181580862724,hist
BEL,2018,482317238282.145,42208.36256502726,11427054.0,9.32335620739519,hist
BEL,2019,494099718080.5691,43006.404230886386,11488980.0,9.08271787497905,hist
BEL,2020,470417598101.755,40769.02180729619,11538604.0,8.854089557056778,hist
BEL,2021,499839663858.827,43140.96766529711,11586195.0,8.178497016771926,hist
BEL,2022,519614510458.48804,44486.74385635943,11680210.0,7.478588938645967,hist
BEL,2023,528521336864.4141,44866.1935177304,11779946.0,6.786560598060996,hist
BEL,2024,534178915343.8369,45045.660102139875,11858610.0,6.11700236661046,hist
BEL,2025,528428614451.4348,44560.75496634385,11858610.0,5.492462733704429,projected
BEL,2030,575809641923.2832,47543.30881787296,12111265.627915638,4.396343607839567,projected
BEL,2035,633059092668.9927,51268.71636041172,12347863.133897834,2.622473971587361,projected
BEL,2040,688441207776.5399,54763.158644430405,12571247.25486514,1.0746020527352032,projected
BEL,2045,743490228361.3038,58202.695079327845,12774154.656377297,0.18585166960515082,projected
BEL,2050,793768270680.7904,61270.99638044487,12955041.007528448,0.09813429394893651,projected
BEL,2055,856890877551.3478,65346.13915849427,13113106.42963918,0.05854717204189031,projected
BEL,2060,918918956126.4054,69336.58138132177,13253017.928194948,0.0189600501348441,projected
BEL,2065,984717112638.651,73708.32370218146,13359646.00982382,0.019492068273026786,projected
BEL,2070,1045837451631.3828,77806.87344290879,13441453.246399518,0.020024086411209476,projected
BEN,2012,9814543622.240711,943.9187715310007,10397657.0,0.4297817388126107,hist
BEN,2013,10520350021.8969,982.3992062905168,10708834.0,0.4604173630810235,hist
BEN,2014,11189200116.267,1014.4330062135064,11030004.0,0.48887952523568484,hist
BEN,2015,11388160996.7738,1002.4188687961399,11360681.0,0.515299490037877,hist
BEN,2016,11768488383.3269,1006.0392663302257,11697842.0,0.5399254950356053,hist
BEN,2017,12435945492.7429,1032.9047119418212,12039780.0,0.56294825483635,hist
BEN,2018,13268812302.661798,1071.504521569314,12383347.0,0.5846224890999894,hist
BEN,2019,14179807374.684301,1114.1730452644292,12726755.0,0.6051340780461463,hist
BEN,2020,14725558723.2985,1126.6540412215404,13070169.0,0.6245675293379509,hist
BEN,2021,15779238957.311703,1176.377276372732,13413417.0,0.6306974855331707,hist
BEN,2022,16765906414.7949,1218.4966892909054,13759501.0,0.6363903449882589,hist
BEN,2023,17831007125.9788,1263.6215833636857,14111034.0,0.641556019367872,hist
BEN,2024,19159972710.8241,1324.7831259743393,14462724.0,0.6464635580512432,hist
BEN,2025,19160392499.352695,1324.8121515250305,14462724.0,0.6669718118178509,projected
BEN,2030,25197391398.832996,1576.7459301701913,15980628.7853321,0.7702827115868579,projected
BEN,2035,33032307825.359596,1892.162127434184,17457440.536637407,0.8759542890759344,projected
BEN,2040,43446707924.423615,2299.755088168258,18891884.682828844,1.0981556092002067,projected
BEN,2045,57630189174.63955,2843.6763564587927,20266085.851768997,1.3776304469500007,projected
BEN,2050,76880885919.02951,3568.913830131872,21541816.24390431,1.7348749134228643,projected
BEN,2055,101106503530.21712,4457.146081509289,22684135.02300562,1.4791764931032723,projected
BEN,2060,132010849443.0083,5567.121719793733,23712585.44135073,1.2234780727836803,projected
BEN,2065,170970797174.59232,6941.849462250496,24628998.093998548,1.0767761784514776,projected
BEN,2070,218871813627.87122,8611.253019073825,25416953.043078944,0.9300742841192748,projected
BFA,2012,10315931043.8746,600.7313436978196,17172287.0,0.2045620960627696,hist
BFA,2013,10913490102.1529,616.7413311640834,17695409.0,0.21902976267549049,hist
BFA,2014,11385699970.029999,624.5768851876641,18229461.0,0.23252708593633287,hist
BFA,2015,11832159315.6298,630.1247507523132,18777487.0,0.24507356364162658,hist
BFA,2016,12537116611.6541,648.4204801760147,19334856.0,0.2567843208208329,hist
BFA,2017,13314855313.1302,669.276310328335,19894407.0,0.26780944397754075,hist
BFA,2018,14194244128.6065,694.492813126349,20438288.0,0.27844466658543915,hist
BFA,2019,15030172259.3791,717.0215950966351,20961952.0,0.28880681047936146,hist
BFA,2020,15332394848.5201,713.8421779224012,21478690.0,0.2987601529397631,hist
BFA,2021,16396850182.5889,745.4725634351437,21995243.0,0.30234418443046496,hist
BFA,2022,16663583086.9504,740.3063199302609,22509038.0,0.30580120318887133,hist
BFA,2023,17163536264.1285,745.4053346184077,23025776.0,0.3090644154561027,hist
BFA,2024,17987353311.1315,763.8337335224061,23548781.0,0.31210129716278273,hist
BFA,2025,17987747407.96527,763.8504688614357,23548781.0,0.3220023233279644,projected
BFA,2030,24687247198.094105,936.3458790542596,26365521.278343257,0.37187901850651217,projected
BFA,2035,33485710413.140686,1146.5743283304664,29205006.239673465,0.4228954075926918,projected
BFA,2040,45248086483.78086,1413.5125357852298,32011096.70997349,0.5301703179544157,projected
BFA,2045,61384623206.25623,1768.6747260261604,34706564.35746925,0.6650958807332457,projected
BFA,2050,83500330574.62634,2239.0382157694407,37292945.68825911,0.837567259826155,projected
BFA,2055,111678175493.54347,2811.5915543850915,39720625.60771492,0.714120535458912,projected
BFA,2060,147703377469.26862,3521.1482766597314,41947502.87806242,0.5906738110916688,projected
BFA,2065,193379625388.25845,4397.4111087947485,43975789.52795713,0.519848702781869,projected
BFA,2070,250000376387.8933,5451.606570093972,45858110.48055582,0.4490235944720691,projected
BGD,2012,162884301114.117,1050.3914040406603,155070101.0,3.8985756928611504,hist
BGD,2013,172679520662.469,1103.15695907123,156532141.0,3.695699461520042,hist
BGD,2014,183145728910.398,1159.4075347598075,157964929.0,3.4972254630041006,hist
BGD,2015,195146608978.131,1224.3864766816516,159383179.0,3.3026207534522243,hist
BGD,2016,209028320490.615,1299.8309136079217,160811932.0,3.1112456100132317,hist
BGD,2017,222803809377.443,1373.7536374018614,162186147.0,2.924224102992607,hist
BGD,2018,239111739541.45197,1462.2505025571338,163523103.0,2.7409696535972516,hist
BGD,2019,257958323968.61298,1564.2080244563597,164913055.0,2.559864564641128,hist
BGD,2020,266852772253.895,1604.665923474202,166298024.0,2.3818581782870076,hist
BGD,2021,285368829855.224,1702.080284141892,167658854.0,2.6048413735477944,hist
BGD,2022,305629528154.3109,1804.3493461776047,169384897.0,2.818144586906406,hist
BGD,2023,323279976841.364,1885.3773361354508,171466990.0,3.020858659895349,hist
BGD,2024,336932927922.21,1941.2787436002543,173562364.0,3.2184624580887204,hist
BGD,2025,337071512680.40155,1942.0772160052024,173562364.0,3.45253630974149,projected
BGD,2030,439495531673.93604,2436.3486879121665,180391063.8302609,3.533118009969694,projected
BGD,2035,554568782070.9471,2982.2243971418766,185958099.8004169,1.8191814339882213,projected
BGD,2040,688913091214.7864,3620.2160709038926,190296125.3477832,1.9793242123087675,projected
BGD,2045,846547013564.1338,4379.520232382649,193296746.82278508,2.051629742993843,projected
BGD,2050,1033318242157.6559,5300.130933916871,194960889.65372393,2.171863296171257,projected
BGD,2055,1235960325996.569,6328.911572330795,195287975.17096496,2.1676699746299533,projected
BGD,2060,1464127807893.5188,7533.9911482431435,194336279.2820562,2.1634766530886504,projected
BGD,2065,1720095043063.6372,8938.610547575689,192434275.3170019,2.1029786708970737,projected
BGD,2070,2001863819898.262,10544.181434129127,189854834.38464767,2.0424806887054956,projected
BGR,2012,48901433349.8318,6693.427732512708,7305888.0,5.499502298161073,hist
BGR,2013,48636020141.1525,6792.735499647346,7160005.0,5.489980380712926,hist
BGR,2014,49097794392.256,6941.018539467188,7073572.0,5.434005069221816,hist
BGR,2015,50765918159.1476,7268.654454738729,6984225.0,5.3788881708714325,hist
BGR,2016,52302413861.9149,7586.504110508202,6894139.0,5.322913327524085,hist
BGR,2017,53738599840.5621,7898.706930136528,6803468.0,5.265909017960048,hist
BGR,2018,54990790971.566505,8194.37434587757,6710798.0,5.208915932844597,hist
BGR,2019,57076766353.313,8626.134186803716,6616726.0,5.151418050860907,hist
BGR,2020,55288418257.038895,8440.083047211914,6550696.0,5.070462876570632,hist
BGR,2021,59616490915.7479,9161.477379907261,6507301.0,4.7945059291334955,hist
BGR,2022,62051147380.8758,9597.867964065474,6465097.0,4.5140120203320855,hist
BGR,2023,63094544094.4155,9787.265107727473,6446596.0,4.2142795847714805,hist
BGR,2024,65231613490.8247,10126.898007570799,6441421.0,3.9047269628124095,hist
BGR,2025,64315567414.10967,9984.68620729955,6441421.0,3.591788613255159,projected
BGR,2030,73988066385.35109,11735.27516605397,6304757.693230116,2.3210776560657447,projected
BGR,2035,83447410954.71387,13494.861976948787,6183643.159689543,1.6504350761262603,projected
BGR,2040,93111552278.82501,15321.913374868904,6077018.581213699,1.3974247019432988,projected
BGR,2045,100125430295.7305,16742.325788820137,5980377.610534272,0.7336678503839484,projected
BGR,2050,107733419032.61522,18293.329559412134,5889218.727663773,0.35047663846254234,projected
BGR,2055,114967755965.58783,19818.696870374526,5800974.540230465,0.18600398025115605,projected
BGR,2060,123684655334.93689,21643.841487273505,5714542.652128689,0.02153132203976975,projected
BGR,2065,132651852729.94652,23633.372981831795,5612903.957125498,0.021855322781818266,projected
BGR,2070,139943323313.47833,25448.137269910123,5499157.829478833,0.02217932352386678,projected
BHR,2012,28888050241.956898,23894.880444708775,1208964.0,29.0368514161183,hist
BHR,2013,30416985616.3829,24271.627881450553,1253191.0,27.997343497886323,hist
BHR,2014,31727610007.9685,24135.499130484906,1314562.0,26.676208315380542,hist
BHR,2015,32523297872.340397,23734.055114301893,1370322.0,25.577229742722437,hist
BHR,2016,33764059498.7261,23715.279132871143,1423726.0,24.60484073166502,hist
BHR,2017,35436675410.8102,23606.886750131373,1501116.0,23.32402181813673,hist
BHR,2018,36164044588.1584,24059.783864156198,1503091.0,23.281074263353155,hist
BHR,2019,36906448210.9064,24873.66400601339,1483756.0,23.571991658737268,hist
BHR,2020,34724774104.3146,23586.930958151588,1472204.0,23.744396099742286,hist
BHR,2021,36235315986.0804,24086.7847803428,1504365.0,22.637416351419425,hist
BHR,2022,38474716945.1891,25234.402561820054,1524693.0,21.74423230340874,hist
BHR,2023,39966811156.113,25342.62266415714,1577059.0,20.450484552105706,hist
BHR,2024,41007465668.6828,25812.450457730552,1588670.0,19.733464250686023,hist
BHR,2025,41000436411.198105,25808.025839978163,1588670.0,19.16590895844666,projected
BHR,2030,50954856439.41721,28951.14287327884,1760029.1864970634,18.809922136549936,projected
BHR,2035,62142708133.03813,32231.572598219485,1928007.3270911695,17.950608150001944,projected
BHR,2040,73695020412.62566,35178.472739348865,2094889.705947755,18.36914918974041,projected
BHR,2045,85385236856.9259,37852.81348552843,2255717.0523023256,18.27844588667226,projected
BHR,2050,97717688991.37129,40662.80199268134,2403122.367439384,16.13461939674145,projected
BHR,2055,110231516220.07016,43516.78431718517,2533080.464232251,12.855689933856235,projected
BHR,2060,123949416830.72127,46863.40558936362,2644908.4370183614,9.576760470971026,projected
BHR,2065,138253104624.79407,50525.73890434055,2736290.604013652,8.25165456143068,projected
BHR,2070,152280603114.2876,54189.2998549133,2810160.004318278,6.926548651890335,projected
BHS,2012,11847358068.6233,31553.491949064504,375469.0,,hist
BHS,2013,11508144415.7879,30368.263124418863,378953.0,,hist
BHS,2014,11720696405.6022,30658.534456372254,382298.0,,hist
BHS,2015,11837600000.0,30719.405417468977,385346.0,,hist
BHS,2016,11700697195.6515,30152.161924602184,388055.0,,hist
BHS,2017,12095174365.8385,30974.7477261316,390485.0,,hist
BHS,2018,12385211217.3941,31537.24238419549,392717.0,,hist
BHS,2019,12281350586.0076,31117.629913238998,394675.0,,hist
BHS,2020,9814105056.96843,24791.67049451055,395863.0,,hist
BHS,2021,11540027214.2601,29114.059772638648,396373.0,,hist
BHS,2022,12795339943.1948,32186.457503923648,397538.0,,hist
BHS,2023,13185372844.5039,33009.64561512092,399440.0,,hist
BHS,2024,13630862492.2464,33968.20321879173,401283.0,,hist
BHS,2025,13651820633.976158,34020.43105234001,401283.0,,projected
BHS,2030,14990846987.661173,35740.96262663371,419430.4206146419,,projected
BHS,2035,16323444227.503855,37473.706468399825,435597.26981553866,,projected
BHS,2040,17703778000.749702,39377.19236027072,449594.725768508,,projected
BHS,2045,19142732703.34734,41497.277908145436,461300.9254660013,,projected
BHS,2050,20609146343.239395,43735.026205319235,471227.48358460626,,projected
BHS,2055,21999329359.68394,45892.91045044788,479362.2619214215,,projected
BHS,2060,23402137620.012608,48177.001268684275,485753.3055969659,,projected
BHS,2065,24869716166.850773,50843.99083717558,489137.76745996095,,projected
BHS,2070,26412581274.262825,53934.7663860795,489713.4639500336,,projected
BIH,2012,15193964403.4513,4139.917327736584,3670113.0,5.645110313060546,hist
BIH,2013,15551001102.680801,4306.731750722141,3610859.0,5.613439664794036,hist
BIH,2014,15730436007.5757,4412.676178177327,3564829.0,5.560010177980339,hist
BIH,2015,16404348361.092602,4662.258692194464,3518541.0,5.505586523203914,hist
BIH,2016,16936219694.6475,4876.534714956336,3473003.0,5.448534970779286,hist
BIH,2017,17485647420.4505,5099.816028564474,3428682.0,5.388054269046332,hist
BIH,2018,18155173558.4672,5360.252010176321,3387000.0,5.32183970341992,hist
BIH,2019,18679105074.111904,5583.297212764574,3345533.0,5.253637451390919,hist
BIH,2020,18115912618.3228,5490.753666351392,3299349.0,5.191134327361296,hist
BIH,2021,19454976126.4078,5995.541975904948,3244907.0,4.9579023944691425,hist
BIH,2022,20277301651.4265,6327.162068491751,3204802.0,4.695610062154914,hist
BIH,2023,20681710969.038,6493.324005144623,3185073.0,4.398350948847549,hist
BIH,2024,21296271621.8748,6730.2682882420595,3164253.0,4.0987990483008865,hist
BIH,2025,21423868466.73488,6770.5927644644335,3164253.0,3.770307089309149,projected
BIH,2030,25148348949.35044,8053.174598352599,3122787.0006065588,2.4364394689616042,projected
BIH,2035,28867392279.386517,9406.266213432298,3068953.3577269395,1.7324647238423854,projected
BIH,2040,32545644992.57412,10843.02878202324,3001527.1237250473,1.4668792704194296,projected
BIH,2045,35663613046.1911,12197.742520224938,2923787.9867571946,0.7701324869989775,projected
BIH,2050,38350308384.092224,13513.318200420543,2837963.83799345,0.36789596964477334,projected
BIH,2055,40575629776.287994,14770.963271012348,2746986.031433486,0.19524871892310133,projected
BIH,2060,42770144303.925865,16118.056636603551,2653554.6603550417,0.02260146820142925,projected
BIH,2065,44427656739.61042,17391.350874647622,2554583.4282703814,0.02294157237409098,projected
BIH,2070,45836577752.547424,18697.382656777314,2451497.013991574,0.023281676546752707,projected
BLR,2012,57178272607.7523,6052.637370623593,9446836.0,5.78004965681033,hist
BLR,2013,57749323051.4988,6115.432880987071,9443211.0,5.859068503915577,hist
BLR,2014,58702836389.80221,6212.9166741866,9448515.0,5.932536394567272,hist
BLR,2015,56454769844.7632,5967.055950587776,9461076.0,6.001315080684314,hist
BLR,2016,55028470318.3987,5811.201591825472,9469379.0,6.072640776600672,hist
BLR,2017,56421892161.1976,5964.896688345615,9458989.0,6.155983055976887,hist
BLR,2018,58198729025.2815,6165.913200192768,9438785.0,6.245996171843877,hist
BLR,2019,59040547731.7471,6267.7350874350595,9419758.0,6.335603732393451,hist
BLR,2020,58643356627.7874,6251.988989686451,9379952.0,6.43980831770021,hist
BLR,2021,60073587228.1282,6457.7305370634285,9302585.0,6.673869782134587,hist
BLR,2022,57275121695.7263,6206.619096854186,9228071.0,6.909720237875091,hist
BLR,2023,59638602543.5231,6497.784506835919,9178298.0,7.130138612110654,hist
BLR,2024,62030020167.7391,6792.13183495564,9132629.0,7.349656378384335,hist
BLR,2025,62401673713.51206,6832.826967296281,9132629.0,7.533518880409736,projected
BLR,2030,70559016036.91374,7884.37206346751,8949224.550659044,7.20883596039159,projected
BLR,2035,78581284707.1946,8962.62658468779,8767662.466429973,7.207397849023609,projected
BLR,2040,86148636107.07405,10023.479578640763,8594683.655628923,7.0335801099643644,projected
BLR,2045,92253110626.5887,10955.505171211455,8420708.053610219,7.249600634676717,projected
BLR,2050,97658271995.80717,11856.617074779368,8236605.043401424,7.023230606083137,projected
BLR,2055,102795190485.03671,12782.2548671475,8042023.22308854,7.091499796774308,projected
BLR,2060,108895607875.86821,13885.333836070979,7842491.160924189,7.159768987465479,projected
BLR,2065,115445828990.55779,15119.40772635068,7635605.248567667,7.016039685532716,projected
BLR,2070,121500530954.5399,16359.135549677283,7427075.262356191,6.8723103835999515,projected
BLZ,2012,1973959679.2192297,5902.7423469688165,334414.0,,hist
BLZ,2013,2054230070.85013,6013.078798953625,341627.0,,hist
BLZ,2014,2134186060.0205,6116.495788527841,348923.0,,hist
BLZ,2015,2193095150.0000005,6154.622642303689,356333.0,,hist
BLZ,2016,2192684131.16429,6012.21296983669,364705.0,,hist
BLZ,2017,2152487028.0072,5767.619219637622,373202.0,,hist
BLZ,2018,2170181947.82235,5707.61059954435,380226.0,,hist
BLZ,2019,2262557632.66642,5864.146118271099,385829.0,,hist
BLZ,2020,1956594233.22066,5006.484532769362,390812.0,,hist
BLZ,2021,2308584056.87279,5839.401579560157,395346.0,,hist
BLZ,2022,2522139931.9872203,6262.560882736751,402733.0,,hist
BLZ,2023,2534753858.51431,6165.694148259354,411106.0,,hist
BLZ,2024,2623588473.35997,6290.492944527492,417072.0,,hist
BLZ,2025,2627622373.5696173,6300.164896156101,417072.0,,projected
BLZ,2030,3118154649.3728228,7148.956598691234,436169.1956478888,,projected
BLZ,2035,3685088451.0183477,8147.580210241005,452292.380796254,,projected
BLZ,2040,4344533505.993268,9329.198241629963,465692.0555730636,,projected
BLZ,2045,5091702543.323395,10690.675542144681,476275.09816858,,projected
BLZ,2050,5947718737.885151,12286.425083711105,484088.6341927417,,projected
BLZ,2055,6878286663.179333,14050.128095690498,489553.3062996816,,projected
BLZ,2060,7909299828.78723,16045.686479171036,492923.7424060554,,projected
BLZ,2065,9061036228.64367,18317.798132824017,494657.4999321028,,projected
BLZ,2070,10333745865.690023,20876.084513103153,495004.0252617252,,projected
BMU,2012,6876350478.40565,108040.57565920326,63646.0,,hist
BMU,2013,6857116738.50431,107860.39479196384,63574.0,,hist
BMU,2014,6603330213.03728,103941.98260695557,63529.0,,hist
BMU,2015,6654541000.0,104855.36682213539,63464.0,,hist
BMU,2016,6610806937.02849,104190.87672033429,63449.0,,hist
BMU,2017,6849550930.14215,107734.60835732722,63578.0,,hist
BMU,2018,6819905984.64909,106843.16373939136,63831.0,,hist
BMU,2019,6840850356.57848,106709.88123884256,64107.0,,hist
BMU,2020,6373786302.28159,98999.50766179353,64382.0,,hist
BMU,2021,6667453991.67615,103134.7294839152,64648.0,,hist
BMU,2022,7099253361.41199,109642.67187774314,64749.0,,hist
BMU,2023,7448338953.24063,115124.71719745015,64698.0,,hist
BMU,2024,7893193425.434859,122117.6035867761,64636.0,,hist
BOL,2012,27943010890.6533,2657.2388491585384,10515807.0,2.085211684761646,hist
BOL,2013,29842021104.1397,2793.5145709867575,10682608.0,2.0735922235718394,hist
BOL,2014,31471565408.6312,2900.902415863377,10848888.0,2.062429082264868,hist
BOL,2015,33000198248.9146,2996.0128981134403,11014705.0,2.0516892069830606,hist
BOL,2016,34407300587.1524,3077.570575647664,11180020.0,2.041359551393501,hist
BOL,2017,35850757840.606804,3160.164212289685,11344587.0,2.0314648613420996,hist
BOL,2018,36878987707.3734,3204.5367081912395,11508368.0,2.021991224307947,hist
BOL,2019,37434651169.5829,3207.3869521223014,11671386.0,2.0129150340220447,hist
BOL,2020,32673162315.3388,2765.092717723104,11816299.0,2.0071595676820997,hist
BOL,2021,35949969735.497,3011.5511080755714,11937360.0,1.9775156547189994,hist
BOL,2022,37297165304.9227,3088.241261552407,12077154.0,1.945444676750033,hist
BOL,2023,38235698454.9001,3122.7704944782326,12244159.0,1.90985380401907,hist
BOL,2024,37806175459.305305,3045.6147660238466,12413315.0,1.8748958136274074,hist
BOL,2025,37864304369.635544,3050.297553041677,12413315.0,1.865963363558588,projected
BOL,2030,48169327563.03614,3695.247079199487,13035482.210156083,1.8053199197302394,projected
BOL,2035,60242154611.30427,4435.870849211135,13580682.7247952,1.7775094685493358,projected
BOL,2040,74702129265.91226,5316.4299586844045,14051182.813738776,1.8416502529426606,projected
BOL,2045,91721601809.63904,6350.903116606203,14442292.714213729,1.8879463061304558,projected
BOL,2050,111826856998.33234,7576.121230274766,14760436.587453691,2.0645050184778273,projected
BOL,2055,134291058770.95766,8957.299412011196,14992360.151641406,2.096427127253504,projected
BOL,2060,159366518837.12057,10520.512100610453,15148171.240435466,2.1283492360291807,projected
BOL,2065,187254561685.80246,12277.9941530988,15251233.984220618,2.2144481993647123,projected
BOL,2070,217834253202.9994,14226.901170517907,15311433.641952366,2.300547162700244,projected
BRA,2012,1804861390164.77,9167.498184504315,196876111.0,8.930350620345198,hist
BRA,2013,1859094274383.73,9366.738246702376,198478299.0,8.19010671791378,hist
BRA,2014,1868463286696.58,9338.341708409842,200085127.0,7.461545105249128,hist
BRA,2015,1802211999456.42,8936.195588944423,201675532.0,6.7451412499558945,hist
BRA,2016,1743173031878.48,8577.842779696695,203218114.0,6.041369422412807,hist
BRA,2017,1766232928473.27,8628.252096457243,204703445.0,5.349697216869018,hist
BRA,2018,1797736638146.8198,8722.335299709892,206107261.0,4.669836449866752,hist
BRA,2019,1819683008336.2202,8771.439503726051,207455459.0,4.0002463854180865,hist
BRA,2020,1760056385298.89,8435.010462091828,208660842.0,3.341588643642107,hist
BRA,2021,1843880907790.4402,8799.228445799461,209550294.0,3.418967095316984,hist
BRA,2022,1899505159031.73,9032.083776577761,210306415.0,3.4979076601158363,hist
BRA,2023,1961080569227.7002,9288.025946086887,211140729.0,3.5749581976673004,hist
BRA,2024,2028136094548.34,9566.744086283732,211998573.0,3.650996933833135,hist
BRA,2025,2031254456555.2075,9581.45344004371,211998573.0,3.7415015996357672,projected
BRA,2030,2317624998678.7085,10667.384576749295,217262720.96069548,3.1946243336270004,projected
BRA,2035,2594691100127.717,11725.724774133112,221281937.79983577,2.3553955714598134,projected
BRA,2040,2882731292787.4717,12863.069237780674,224109132.8592462,2.6128694743619807,projected
BRA,2045,3171671378090.348,14048.99980926824,225757806.33137816,2.8147444181145502,projected
BRA,2050,3469391356503.4517,15345.439787530982,226086147.05995744,2.970479428651626,projected
BRA,2055,3760185975044.1147,16708.447323869063,225047001.8044378,2.7986127057562786,projected
BRA,2060,4054934408156.4663,18186.596348478583,222962798.0111675,2.626745982860932,projected
BRA,2065,4343317937881.2705,19749.239387336947,219923301.99137548,2.6017295408870513,projected
BRA,2070,4629992653699.746,21429.68424037397,216055103.83474267,2.5767130989131704,projected
BRB,2012,5825750942.63272,21036.300336655568,276938.0,,hist
BRB,2013,5722566701.83324,20609.607627296344,277665.0,,hist
BRB,2014,5765635622.77349,20713.767021043765,278348.0,,hist
BRB,2015,5698150000.0,20424.208753001898,278990.0,,hist
BRB,2016,5783423169.47156,20684.780182517614,279598.0,,hist
BRB,2017,5824392171.7044,20788.704654316116,280171.0,,hist
BRB,2018,5750071519.41267,20483.955097636608,280711.0,,hist
BRB,2019,5763165130.17653,20494.38716026461,281207.0,,hist
BRB,2020,4935303060.93692,17519.83706287201,281698.0,,hist
BRB,2021,4930526775.24948,17475.028177685675,282147.0,,hist
BRB,2022,5779882130.08259,20472.949404864692,282318.0,,hist
BRB,2023,5948328550.318309,21068.261044706695,282336.0,,hist
BRB,2024,6095981657.86298,21581.21712576329,282467.0,,hist
BRB,2025,6105354538.532859,21614.399340570257,282467.0,,projected
BRB,2030,6609699356.597392,23363.743628426957,282904.12109107757,,projected
BRB,2035,7116277047.214435,25235.242328435033,281997.5712773649,,projected
BRB,2040,7637268602.355808,27346.557014654583,279277.1535467195,,projected
BRB,2045,8174607769.667982,29732.700719757693,274936.6042027884,,projected
BRB,2050,8724806840.777775,32366.002698108623,269567.0182740122,,projected
BRB,2055,9225076764.900063,35014.84522757038,263461.8746689852,,projected
BRB,2060,9700664838.649632,37744.105011030515,257011.38855497207,,projected
BRB,2065,10179776536.481092,40711.73080026784,250045.29005222543,,projected
BRB,2070,10692589107.096115,44047.852108809326,242749.38720468635,,projected
BRN,2012,13604222581.2368,33544.538945787644,405557.0,0.14568112533617766,hist
BRN,2013,13315162382.5279,32381.073979523204,411202.0,0.1507784741306623,hist
BRN,2014,12981233119.370098,31148.72974054013,416750.0,0.15577401341569022,hist
BRN,2015,12930296870.1247,30625.128774465673,422212.0,0.1606710137620468,hist
BRN,2016,12609894752.9469,29492.41459277886,427564.0,0.1654854946487864,hist
BRN,2017,12777445780.0952,29524.659127889972,432772.0,0.17023756159253856,hist
BRN,2018,12784137461.5724,29200.19520242205,437810.0,0.17494451925958382,hist
BRN,2019,13278735842.9555,29996.240722317474,442680.0,0.1796125190850068,hist
BRN,2020,13429260053.625002,30015.958850669645,447404.0,0.18423903210535267,hist
BRN,2021,13215632407.1015,29256.18336783435,451721.0,0.19805515873208837,hist
BRN,2022,13000438095.7254,28549.175606046512,455370.0,0.21192012823675738,hist
BRN,2023,13147036779.497898,28645.964539628363,458949.0,0.22559906053336362,hist
BRN,2024,13679822692.2189,29563.868275308232,462721.0,0.23896658606434806,hist
BRN,2025,13685449375.64103,29576.028266797985,462721.0,0.2541731456057447,projected
BRN,2030,15515678952.0707,31662.359758128394,490035.4575779052,0.31782159493623613,projected
BRN,2035,17437384765.891735,33818.10138362448,515622.81891837146,0.4307971119145807,projected
BRN,2040,19358770356.593773,35877.920417230074,539573.3680064935,0.59597867307169,projected
BRN,2045,21402389415.574715,38089.7428691168,561893.7751592908,0.7549307441625016,projected
BRN,2050,23728563746.281,40715.43142382601,582790.4289967912,0.972365842434078,projected
BRN,2055,25953145298.39087,43148.58849593341,601483.065913891,0.8962420166003325,projected
BRN,2060,28266805992.83724,45774.24004337992,617526.494509772,0.8201181907665874,projected
BRN,2065,30570027912.724052,48645.560586360756,628423.7974491608,0.7844572153670983,projected
BRN,2070,32700964156.115723,51522.178401550074,634696.8464969232,0.7487962399676091,projected
BTN,2012,1904194983.1320703,2654.747989460266,717279.0,11.955316503922168,hist
BTN,2013,1937258289.82484,2671.0746020117117,725273.0,11.313938551264336,hist
BTN,2014,2051190106.3328102,2797.8188397190847,733139.0,10.688410851374003,hist
BTN,2015,2187815803.36833,2954.0408191109723,740618.0,10.081428660172765,hist
BTN,2016,2373253832.39027,3173.367732174307,747866.0,9.489513120952394,hist
BTN,2017,2422779966.72395,3211.809032755937,754335.0,8.918160907273997,hist
BTN,2018,2507622616.5436206,3300.5500646173596,759759.0,8.368018801044645,hist
BTN,2019,2651940022.25787,3467.3859897935604,764824.0,7.829349346434249,hist
BTN,2020,2380954251.4208,3092.1242839936317,770006.0,7.296658692025225,hist
BTN,2021,2486224986.25084,3206.203669972532,775442.0,7.988653940727001,hist
BTN,2022,2615853471.18587,3349.7330963279824,780914.0,8.670614952989546,hist
BTN,2023,2737023912.04454,3480.513885748762,786385.0,9.343097111074764,hist
BTN,2025,,,791524.0,10.738531054370847,projected
BTN,2030,,,848090.9015312869,10.989166822595214,projected
BTN,2035,,,900979.0070387336,5.658256588727991,projected
BTN,2040,,,951637.9034043195,6.156353652407293,projected
BTN,2045,,,999828.4632027554,6.381247793121656,projected
BTN,2050,,,1043946.1540014502,6.755213952704111,projected
BTN,2055,,,1082172.3589970767,6.742171334306386,projected
BTN,2060,,,1113177.4154220116,6.7291287159086615,projected
BTN,2065,,,1135472.551826778,6.540959960475741,projected
BTN,2070,,,1149797.9132215665,6.352791205042818,projected
BWA,2012,12109617148.6354,5742.919244526342,2108617.0,1.4208616476278948,hist
BWA,2013,13454136663.42,6284.976780026179,2140682.0,1.4438137768958783,hist
BWA,2014,14220638232.789,6547.122541158927,2172044.0,1.4665629712242743,hist
BWA,2015,13530748844.505001,6141.203947266181,2203273.0,1.4887544307885097,hist
BWA,2016,14505561464.3559,6490.834635934832,2234776.0,1.5101404255744317,hist
BWA,2017,15102375175.898598,6662.576448054679,2266747.0,1.5306157760086856,hist
BWA,2018,15734967212.8207,6843.846120277399,2299141.0,1.550236308750614,hist
BWA,2019,16212015762.4196,6951.731890511443,2332083.0,1.5689428703240962,hist
BWA,2020,14796887965.3696,6254.248062410911,2365894.0,1.58654535434422,hist
BWA,2021,16560125447.6096,6895.911849431071,2401441.0,1.743024809019143,hist
BWA,2022,17468616755.5627,7159.586061826793,2439892.0,1.892683916427701,hist
BWA,2023,18029021881.095,7269.051706644589,2480244.0,2.0361373526336495,hist
BWA,2024,17489977781.8862,6937.331809902667,2521139.0,2.174529273423785,hist
BWA,2025,17490360981.390137,6937.483804498735,2521139.0,2.345949058618048,projected
BWA,2030,20438282072.230904,7812.184708804801,2616205.6881726994,2.5737631510672783,projected
BWA,2035,23399568729.870674,8650.038209456472,2705140.5049621155,2.741539326663237,projected
BWA,2040,26477071799.06934,9493.005004245246,2789113.856700683,3.5363223661326955,projected
BWA,2045,29885072898.386395,10415.057460879063,2869410.275520842,3.942891420228553,projected
BWA,2050,33751977883.01959,11450.521139197639,2947636.8344039107,4.677488103719771,projected
BWA,2055,37574080231.26809,12433.871442319352,3021913.199406476,4.532674318917256,projected
BWA,2060,41688955478.88051,13474.30593462287,3093959.398068791,4.3878605341147425,projected
BWA,2065,45997697287.136024,14607.082679119443,3148999.5844884817,4.5895721773577005,projected
BWA,2070,50320789106.07956,15812.362171594827,3182370.132937844,4.791283820600659,projected
CAF,2012,2553162918.7141595,553.7295783149129,4610848.0,0.02182879794628125,hist
CAF,2013,1624016454.05115,349.8211716889729,4642419.0,0.02262229395731445,hist
CAF,2014,1625333052.55944,351.56155491162576,4623182.0,0.023662288274402477,hist
CAF,2015,1695825714.1928203,366.32285393812055,4629320.0,0.024575523655101676,hist
CAF,2016,1776382808.69192,376.8582541203985,4713663.0,0.025063493318262697,hist
CAF,2017,1856804600.57752,387.35795131742054,4793511.0,0.025558251361694775,hist
CAF,2018,1927167163.54408,395.0200154559093,4878657.0,0.026008521808574717,hist
CAF,2019,1986909345.61394,401.82582161434976,4944703.0,0.026545488155519655,hist
CAF,2020,2004791529.66202,398.8342741221391,5026628.0,0.02698279101956007,hist
CAF,2021,2024497026.4904802,396.02062293196144,5112100.0,0.02668172691577332,hist
CAF,2022,2033686256.48235,398.9153979564201,5098039.0,0.02690580818922339,hist
CAF,2023,2047921417.64834,397.46779575045207,5152421.0,0.026770728320577027,hist
CAF,2024,2078640238.88184,389.93830796422975,5330690.0,0.026019383249315062,hist
CAF,2025,2078685781.1871674,389.9468513808095,5330690.0,0.026163305201080313,projected
CAF,2030,2752771297.8226457,481.59224022355943,5715979.34498443,0.02882099347135476,projected
CAF,2035,3624609656.5681987,596.7215450711745,6074206.112561043,0.026696314526902073,projected
CAF,2040,4774222672.226432,745.1555362631717,6407014.965182097,0.04303319187023969,projected
CAF,2045,6326990919.815091,944.2741757535849,6700374.829975404,0.05493392221579988,projected
CAF,2050,8417804700.605208,1211.1265989216288,6950392.063142128,0.07184644963102502,projected
CAF,2055,11029836243.383272,1539.4688101600013,7164702.636773077,0.06258237019650771,projected
CAF,2060,14328507949.703632,1953.234295615731,7335785.564417791,0.05331829076199041,projected
CAF,2065,18441523848.019825,2471.267333978627,7462375.111934903,0.049567980542748254,projected
CAF,2070,23464644430.080578,3108.646425849793,7548186.964899419,0.045817670323506074,projected
CAN,2012,1469093201732.39,42320.64313307269,34713395.0,16.840408147920996,hist
CAN,2013,1503261570451.97,42851.17052710397,35080992.0,16.50945503479491,hist
CAN,2014,1546457292263.22,43643.23564400484,35434066.0,16.191999529492325,hist
CAN,2015,1556508816217.1401,43594.194104539434,35704498.0,15.917565904441508,hist
CAN,2016,1572673952924.25,43551.34259751161,36110803.0,15.58838278949377,hist
CAN,2017,1620386284360.03,44339.38866892543,36545075.0,15.254841863096466,hist
CAN,2018,1664832887873.71,44907.34369121227,37072620.0,14.891573889301592,hist
CAN,2019,1696605090551.84,45100.29150692605,37618495.0,14.531415464653756,hist
CAN,2020,1611126165625.03,42366.12853778855,38028638.0,14.232176813694984,hist
CAN,2021,1706996679677.69,44639.193269036994,38239864.0,14.556850411392679,hist
CAN,2022,1778503389905.0,45677.686578804045,38935934.0,14.692691332382061,hist
CAN,2023,1805692180594.62,45048.28424082648,40083484.0,14.656793306689607,hist
CAN,2024,1833766996134.79,44413.3983847403,41288599.0,14.602506130082059,hist
CAN,2025,1835624897428.0044,44458.39631003232,41288599.0,14.976015533973435,projected
CAN,2030,2028233279045.7551,47055.064060257646,43103400.65520781,13.948717417125245,projected
CAN,2035,2218694342209.674,49548.29028840251,44778423.82240566,13.110139678025888,projected
CAN,2040,2435130121140.462,52491.13895555916,46391260.879329145,12.496176002484368,projected
CAN,2045,2650564728097.1274,55240.11069351847,47982610.730143376,12.348357957120317,projected
CAN,2050,2877874757889.0483,58065.77662619822,49562322.68131938,11.66682357035171,projected
CAN,2055,3094095158122.2803,60560.34977484343,51091104.48710713,11.347701577377329,projected
CAN,2060,3329507881725.1836,63344.253972394254,52562113.73451805,11.028579584402948,projected
CAN,2065,3592958403581.4307,66723.50662425211,53848464.886818334,11.058374734390963,projected
CAN,2070,3877757703224.6914,70563.28148496841,54954327.82630358,11.088169884378978,projected
CHE,2012,655461804171.543,81964.88649378087,7996861.0,5.7992396591496815,hist
CHE,2013,667208623614.234,82479.92156773045,8089346.0,5.628143968846883,hist
CHE,2014,682887235059.834,83394.37128882114,8188649.0,5.456369462621238,hist
CHE,2015,694118186379.628,83806.44760038376,8282396.0,5.292259001577831,hist
CHE,2016,708477337740.424,84611.09986727205,8373338.0,5.133541154977919,hist
CHE,2017,718132464454.115,84967.5886498224,8451840.0,4.985561211457951,hist
CHE,2018,738674254331.744,86756.60223274717,8514329.0,4.849408110886606,hist
CHE,2019,747109782755.794,87123.6604234257,8575280.0,4.716084670502343,hist
CHE,2020,731108655210.761,84637.01329353334,8638167.0,4.583615597518966,hist
CHE,2021,771755519734.1,88661.20297762801,8704546.0,4.218915370715752,hist
CHE,2022,795248228754.84,90605.01942726791,8777088.0,3.8570251128655677,hist
CHE,2023,800682383958.149,90077.44602807313,8888822.0,3.4856311391047914,hist
CHE,2024,811109937475.131,90067.46454311682,9005582.0,3.121715028799742,hist
CHE,2025,815969711556.44,90607.10474419531,9005582.0,2.802991143916867,projected
CHE,2030,874791483275.2354,94777.21260849501,9229976.902663484,2.2436041527911397,projected
CHE,2035,939823847873.1877,99601.59469497761,9435831.331328856,1.3383379503704138,projected
CHE,2040,1021354463862.4131,106170.8876581824,9619910.753225196,0.5484060945134767,projected
CHE,2045,1110298749848.0425,113448.50911809165,9786807.763972484,0.09484644853185,projected
CHE,2050,1211640554368.9583,121935.55115969386,9936729.221669927,0.050081278688600406,projected
CHE,2055,1316223908002.7395,130784.4412432279,10064071.043090489,0.02987861960860542,projected
CHE,2060,1426488508269.594,140313.1098040862,10166466.342748336,0.009675960528610434,projected
CHE,2065,1541728748190.4502,150740.51234403596,10227700.066931931,0.009947467537766487,projected
CHE,2070,1659340826225.7148,161780.26675227136,10256756.646140331,0.010218974546922553,projected
CHL,2012,225695909224.96,12882.834417927066,17519119.0,4.785051120435908,hist
CHL,2013,233163076995.037,13182.732961985595,17687006.0,4.649298473693061,hist
CHL,2014,237342873662.271,13285.954036119232,17864195.0,4.5137471909593465,hist
CHL,2015,242450355830.88397,13433.920298703235,18047625.0,4.379343542432869,hist
CHL,2016,246700604515.85995,13505.097711132961,18267221.0,4.239234856796225,hist
CHL,2017,250050047209.619,13473.34585329337,18558868.0,4.086527799001534,hist
CHL,2018,260027117802.785,13763.00688447944,18893191.0,3.929649575871011,hist
CHL,2019,261676645417.276,13630.593543557827,19197744.0,3.784085775912003,hist
CHL,2020,245600606668.884,12679.024004021967,19370624.0,3.6678322804675783,hist
CHL,2021,273390120031.28,14051.471363067678,19456334.0,3.646784640929787,hist
CHL,2022,279278925615.692,14283.148950152397,19553036.0,3.623883268051059,hist
CHL,2023,280734996501.051,14280.34756388418,19658835.0,3.5995408680117618,hist
CHL,2024,288158504434.814,14579.400107130714,19764771.0,3.5754342916495214,hist
CHL,2025,288601562735.7838,14601.81667350377,19764771.0,3.570620676556283,projected
CHL,2030,334838925089.7717,16507.25112697099,20284353.97960855,3.7727277487808992,projected
CHL,2035,380950743709.9323,18419.814009778616,20681573.848014705,2.7993139915458674,projected
CHL,2040,430083597997.50183,20523.06853155991,20956105.922276143,2.6116568717138184,projected
CHL,2045,481631992792.51514,22806.10787753362,21118552.77449479,2.657187376468971,projected
CHL,2050,534966532407.56055,25283.334684715086,21158859.742143583,2.9041874555490677,projected
CHL,2055,585462351652.149,27730.395292838923,21112657.986643933,3.019546748100446,projected
CHL,2060,636676007230.9904,30334.616342868645,20988431.171659313,3.1349060406518245,projected
CHL,2065,689678453744.7638,33175.78646379468,20788609.02054039,3.022488851502504,projected
CHL,2070,743063118617.4038,36207.52087665869,20522341.784974907,2.9100716623531837,projected
CHN,2012,9104482675356.36,6723.194437528234,1354190000.0,6.244471351878245,hist
CHN,2013,9812695262900.89,7198.068764781616,1363240000.0,6.435672911592969,hist
CHN,2014,10544908798423.998,7686.57792954383,1371860000.0,6.626428950475996,hist
CHN,2015,11280814787468.902,8175.332850773921,1379860000.0,6.817864783383822,hist
CHN,2016,12045152668727.303,8679.377044601346,1387790000.0,7.007447077727898,hist
CHN,2017,12875216222853.402,9221.514038205722,1396215000.0,7.192324291029677,hist
CHN,2018,13745158275136.7,9798.652852331617,1402760000.0,7.384867789215546,hist
CHN,2019,14579283528148.4,10356.480419499554,1407745000.0,7.584017858347925,hist
CHN,2020,14920466234565.299,10573.642005928212,1411100000.0,7.79075139961732,hist
CHN,2021,16199162892908.602,11469.570713492736,1412360000.0,7.688274873261775,hist
CHN,2022,16706875253648.5,11830.598370349639,1412175000.0,7.5937433391753855,hist
CHN,2023,17611526369126.605,12484.157884417495,1410710000.0,7.505991380226978,hist
CHN,2024,18488114837769.3,13121.676990556469,1408975000.0,7.419478486133537,hist
CHN,2025,18524512676190.754,13147.50983955766,1408975000.0,7.323722777196188,projected
CHN,2030,22951952935345.508,16342.847164055873,1404403572.0915,7.245132170549513,projected
CHN,2035,26857864564711.12,19339.417711643284,1388762834.8055878,3.2512152451250023,projected
CHN,2040,29538081339800.04,21677.21256756607,1362632822.2658837,3.3004057559573448,projected
CHN,2045,32507879917536.598,24486.697616070727,1327573053.223867,3.266883727532426,projected
CHN,2050,35166486866217.58,27369.711176529243,1284868760.192633,3.133180858425451,projected
CHN,2055,36721412189211.0,29702.381711041766,1236312042.126909,3.1409762770808567,projected
CHN,2060,37998438543839.07,32098.264243094767,1183815992.5427618,3.1487716957362624,projected
CHN,2065,38986045575150.805,34514.74942819686,1129547402.806903,3.015801877251193,projected
CHN,2070,39733249299462.04,36949.71339433663,1075333085.1424696,2.8828320587661245,projected
CIV,2012,35281210700.9425,1503.434330466814,23467078.0,0.38398128590040537,hist
CIV,2013,39077544167.6054,1632.3271278700572,23939775.0,0.415297623165638,hist
CIV,2014,42739891584.4862,1742.5369300117766,24527395.0,0.44331428292630376,hist
CIV,2015,45815005169.2651,1814.718550880167,25246342.0,0.46757496180358527,hist
CIV,2016,49101205368.91,1889.277779499377,25989405.0,0.4900370080109683,hist
CIV,2017,52739979047.0655,1972.8143178894716,26733372.0,0.5112330437043386,hist
CIV,2018,55294253263.7438,2013.3230759849857,27464173.0,0.5315359761932533,hist
CIV,2019,59010785540.9857,2093.0999433577913,28193009.0,0.5508248117733882,hist
CIV,2020,59423700880.6615,2055.0848399643214,28915449.0,0.5692673748765058,hist
CIV,2021,63620992438.4818,2146.4763531794547,29639736.0,0.5755351131498648,hist
CIV,2022,67692661917.01769,2227.09845246984,30395002.0,0.5809111603078281,hist
CIV,2023,72160377909.6739,2315.381474416481,31165654.0,0.5857372011595007,hist
CIV,2024,76504096839.437,2395.676890892218,31934230.0,0.5903687050901817,hist
CIV,2025,76505773018.35065,2395.729379363481,31934230.0,0.6090974192907945,projected
CIV,2030,114222516183.1282,3376.0503071707067,33833179.54134759,0.7034438389129437,projected
CIV,2035,162906476942.41324,4575.735093609776,35602252.66753742,0.7999460958307542,projected
CIV,2040,223034961753.71765,6001.328066233496,37164267.524154365,1.0028665914988137,projected
CIV,2045,297805407881.25287,7739.988883365975,38476206.15079526,1.2580908744653656,projected
CIV,2050,389030387528.89624,9831.183629886591,39571063.07588967,1.584336569904086,projected
CIV,2055,492022817819.81287,12169.955808621144,40429301.92657446,1.3508255801234108,projected
CIV,2060,609259472897.7695,14824.53877313289,41098039.016360834,1.117314590342736,projected
CIV,2065,742023290628.6079,17810.470425122265,41662194.928998575,0.9833422939734581,projected
CIV,2070,888896481735.2084,21122.307264299976,42083304.18701859,0.8493699976041799,projected
CMR,2012,27461703151.6573,1319.669616340538,20809529.0,0.15932296564681972,hist
CMR,2013,28833560540.7901,1347.213063670599,21402376.0,0.16164005615207083,hist
CMR,2014,30482787768.4783,1381.8193845490682,22059893.0,0.1633519547380383,hist
CMR,2015,32210233020.456905,1415.0000971056847,22763414.0,0.1646313697627343,hist
CMR,2016,33671222913.454803,1435.6183072783888,23454161.0,0.16592439233833337,hist
CMR,2017,34863580363.1151,1444.9068291657316,24128601.0,0.16725639402651943,hist
CMR,2018,36242614248.5756,1461.019699993167,24806383.0,0.16849325355489775,hist
CMR,2019,37502066832.7403,1470.3178527618713,25506095.0,0.1695184451023624,hist
CMR,2020,37599547048.58411,1434.5191372340912,26210558.0,0.1704579867955262,hist
CMR,2021,38854942334.5769,1443.5760023766336,26915758.0,0.16693087371072196,hist
CMR,2022,40306867605.1364,1458.6618043169249,27632771.0,0.1635139324096499,hist
CMR,2023,41656165354.262,1468.1783700733738,28372687.0,0.16014045830922938,hist
CMR,2024,43124429828.9643,1480.730974319933,29123744.0,0.15687842709039382,hist
CMR,2025,43125374670.651474,1480.7634166352882,29123744.0,0.15774617438480007,projected
CMR,2030,57189974334.79256,1834.3089791841023,31177939.47682171,0.17377014972434698,projected
CMR,2035,74892850994.55812,2259.667491112206,33143305.94617527,0.16095984258969998,projected
CMR,2040,96850917443.49438,2771.1003473215037,34950346.54270415,0.25945962625613117,projected
CMR,2045,124462321492.32355,3409.9104342963797,36500173.21290898,0.33121258980447155,projected
CMR,2050,159346198975.84372,4210.626878035849,37843818.41265752,0.43318313513219464,projected
CMR,2055,200074755968.6506,5130.733781053083,38995349.302178234,0.37732730656770336,projected
CMR,2060,248424159501.87607,6223.7210837932535,39915696.11767784,0.3214714780032121,projected
CMR,2065,305239441478.31854,7512.501764399367,40630864.53101456,0.29885976723903673,projected
CMR,2070,370034430190.7626,8988.016331811315,41169754.98599157,0.2762480564748614,projected
COD,2012,32115268325.523106,438.40605824363325,73254618.0,0.10869840315050172,hist
COD,2013,35206198726.08799,464.5267154604941,75789395.0,0.11218310952343662,hist
COD,2014,37777053057.3322,481.83024188377567,78403242.0,0.11532584328591922,hist
COD,2015,40179574490.3032,495.8266330148833,81035531.0,0.11823887474742406,hist
COD,2016,40337814832.805,480.46137788047525,83956415.0,0.12055278920616132,hist
COD,2017,42048626459.9632,482.8546821285408,87083398.0,0.12242069378137954,hist
COD,2018,44601688163.9569,495.31210571102673,90047644.0,0.12438348747913938,hist
COD,2019,44849398935.1374,482.5242951294711,92947442.0,0.12630869389606225,hist
COD,2020,45197173728.8833,470.8529500009293,95989998.0,0.12792687004743974,hist
COD,2021,48103175756.1974,485.16080592978454,99148932.0,0.16234809266528458,hist
COD,2022,52582143957.1902,513.5127043721666,102396968.0,0.19447431295036002,hist
COD,2023,57069235865.1432,539.4591263791303,105789731.0,0.22431780264192183,hist
COD,2024,60565728422.472595,554.2441299807657,109276265.0,0.2520900581658789,hist
COD,2025,60567055397.119255,554.2562732823935,109276265.0,0.2870193266579893,projected
COD,2030,96691669490.63914,796.3393643111958,121420180.6716837,0.36721148915549046,projected
COD,2035,147447242172.66412,1107.781660303332,133101356.93372124,0.5078998627927117,projected
COD,2040,218668657544.93365,1517.1778645081888,144128557.8048014,0.6623926979934756,projected
COD,2045,319635638282.1061,2065.933302635294,154717307.6083243,0.8036923663157777,projected
COD,2050,460129565152.1638,2791.752601617312,164817457.27956071,1.0803764202592392,projected
COD,2055,641494206392.25,3686.112582571104,174030009.1281533,1.0079933643412868,projected
COD,2060,874998338365.0671,4807.133681303789,182020804.15782207,0.9356103084233341,projected
COD,2065,1171340579703.313,6194.26599156599,189100787.9381013,0.9331989888197588,projected
COD,2070,1539011489857.225,7886.159454363956,195153483.61433193,0.9307876692161834,projected
COG,2012,11694979455.2472,2467.0610290683794,4740450.0,0.4982339658362375,hist
COG,2013,11611660392.468199,2390.6575493866194,4857099.0,0.5073951312200764,hist
COG,2014,12383378937.2556,2488.6811854899233,4975880.0,0.5159054409590689,hist
COG,2015,12434793867.3568,2439.351894036956,5097581.0,0.5237187494744903,hist
COG,2016,11354801748.8219,2174.1931025122467,5222536.0,0.5308367290853393,hist
COG,2017,10719526284.716599,2003.2712107518746,5351011.0,0.537268398229034,hist
COG,2018,10472514332.3273,1909.9560382117072,5483118.0,0.5430385211446209,hist
COG,2019,10590275024.738003,1885.5108087773149,5616661.0,0.5483968982794157,hist
COG,2020,9926500702.40064,1725.5104004996253,5752791.0,0.5532574800983507,hist
COG,2021,10027261669.7995,1701.7906045687141,5892183.0,0.5432244684264391,hist
COG,2022,10175199489.7639,1686.002343913858,6035104.0,0.5333431377321967,hist
COG,2023,10369226732.5707,1677.085492059241,6182885.0,0.5235071701566439,hist
COG,2024,10636718505.674,1679.580610977077,6332961.0,0.5139441022308192,hist
COG,2025,10636951552.582626,1679.6174100207827,6332961.0,0.5167868997553627,projected
COG,2030,13935436039.869978,2019.4817612177462,6900501.062939493,0.5692825027059645,projected
COG,2035,17855843887.17534,2394.4160213789964,7457285.504167221,0.5273150893290849,projected
COG,2040,22434670576.499023,2810.9133447523122,7981274.349272368,0.8500068948582452,projected
COG,2045,27930689259.268635,3305.2666680874227,8450358.795234697,1.0850743487918817,projected
COG,2050,34627077674.55193,3899.8679542306827,8879038.490774421,1.419136599060662,projected
COG,2055,42108016152.97063,4545.9239229184595,9262807.048019735,1.2361492106838323,projected
COG,2060,50680101887.34307,5281.796365958343,9595239.644977782,1.0531618223070027,projected
COG,2065,60363882900.19483,6113.7256080329835,9873502.144237738,0.9790843624284632,projected
COG,2070,71049779371.46408,7032.020487103466,10103750.337725472,0.9050069025499233,projected
COL,2012,259471791121.288,5675.756179783055,45715810.0,9.630682251938662,hist
COL,2013,272793056063.57,5910.805923011657,46151584.0,9.044993125263046,hist
COL,2014,285066097496.814,6121.839820198243,46565429.0,8.474249856046638,hist
COL,2015,293492370193.166,6248.514905345121,46969940.0,7.915134658464542,hist
COL,2016,299618678572.191,6316.070677825409,47437512.0,7.3557761629657135,hist
COL,2017,303691577641.583,6309.677452925177,48131078.0,6.7753736992967415,hist
COL,2018,311479214511.795,6353.546428539199,49024465.0,6.1861431838164895,hist
COL,2019,321405606655.842,6439.963598126472,49907985.0,5.6191144563339925,hist
COL,2020,298309675728.093,5891.955232154033,50629997.0,5.087991610981135,hist
COL,2021,330530695024.886,6457.1692180708615,51188173.0,5.135156122880182,hist
COL,2022,354752900899.02,6856.725905053746,51737944.0,5.182144849049278,hist
COL,2023,357280089727.874,6828.5975379111305,52321152.0,5.224804300945057,hist
COL,2024,362990610076.174,6863.595631943418,52886363.0,5.268315387843932,hist
COL,2025,363548726531.15735,6874.148757991873,52886363.0,5.367665384741999,projected
COL,2030,426376307310.76025,7722.828615383318,55209862.67407895,4.775595931979668,projected
COL,2035,497438091420.6644,8692.378491275447,57226924.934290856,1.5731125243004516,projected
COL,2040,578455343192.7324,9810.540723732009,58962636.15658112,1.903762979503809,projected
COL,2045,667324241078.664,11045.250024104957,60417305.14223828,2.0982422255052784,projected
COL,2050,767145209404.6348,12465.931283718057,61539342.06316497,1.4166752211718547,projected
COL,2055,872483767707.3588,13995.26601070652,62341349.356268026,1.4757811952393096,projected
COL,2060,985482630603.8772,15671.30629447674,62884523.605489396,1.5348871693067645,projected
COL,2065,1106725535181.464,17527.456953329165,63142390.71465828,1.5772062072031687,projected
COL,2070,1234975183129.799,19551.736693541785,63164474.976677075,1.6195252450995732,projected
COM,2012,895376387.011074,1313.5812493744024,681630.0,,hist
COM,2013,935365362.1673559,1343.545117104701,696192.0,,hist
COM,2014,955070416.212074,1342.3280242136352,711503.0,,hist
COM,2015,966029600.862227,1329.370482359859,726682.0,,hist
COM,2016,998105646.566284,1345.6255573930575,741741.0,,hist
COM,2017,1036190384.81036,1369.4103826248465,756669.0,,hist
COM,2018,1073934613.01512,1391.8462046101167,771590.0,,hist
COM,2019,1092843397.42943,1389.364306438052,786578.0,,hist
COM,2020,1090706042.10569,1359.7062468671454,802163.0,,hist
COM,2021,1112522258.3942,1359.7624202115933,818174.0,,hist
COM,2022,1141481327.58447,1368.374188533604,834188.0,,hist
COM,2023,1175671154.84031,1382.5130850310625,850387.0,,hist
COM,2024,1214916246.52607,1401.888984115526,866628.0,,hist
COM,2025,1214942864.9305556,1401.9196990295209,866628.0,,projected
COM,2030,1671936583.3728313,1794.6240533001471,931636.1163767392,,projected
COM,2035,2280840800.334934,2290.607396306579,995736.2418424943,,projected
COM,2040,3074776858.7769365,2914.7857954648794,1054889.4754328046,,projected
COM,2045,4123629473.058581,3733.8208351091553,1104399.3954621633,,projected
COM,2050,5518888590.094249,4825.750197435729,1143633.2931254574,,projected
COM,2055,7261580841.046457,6177.507409620497,1175487.192413187,,projected
COM,2060,9444185714.541496,7855.113182152297,1202297.853072283,,projected
COM,2065,12119659237.470877,9889.491867690656,1225508.7925261622,,projected
COM,2070,15290901420.646368,12285.952390396014,1244584.1343646534,,projected
CPV,2012,1710821579.61286,3341.742105483607,511955.0,0.80830826311737,hist
CPV,2013,1721636311.15762,3361.093877022051,512225.0,0.8913709385576822,hist
CPV,2014,1733630380.4449,3383.842280979103,512326.0,0.9746674991336851,hist
CPV,2015,1749857620.35329,3415.062667309317,512394.0,1.0579993585397565,hist
CPV,2016,1824764034.9525597,3560.1400729534053,512554.0,1.1411042455586644,hist
CPV,2017,1907814790.72833,3719.7130604791446,512893.0,1.2237300326511205,hist
CPV,2018,1978536809.33193,3853.6794003524046,513415.0,1.3057810733908959,hist
CPV,2019,2116002110.9275599,4115.9028346940695,514104.0,1.3872146724270622,hist
CPV,2020,1675762033.71886,3255.9362898405802,514679.0,1.4687555429926185,hist
CPV,2021,1793627260.8812304,3471.655342178598,516649.0,1.516318014868382,hist
CPV,2022,2077803747.08658,3997.7676325065368,519741.0,1.5601438755371841,hist
CPV,2023,2177429478.93487,4168.67748407594,522331.0,1.6049924089655956,hist
CPV,2024,2335159974.83501,4448.966090788908,524877.0,1.6495366379537404,hist
CPV,2025,2335211137.4010873,4449.063566132803,524877.0,1.7018661398214865,projected
CPV,2030,2820753822.959983,5264.086889581878,535848.6442430348,1.9654774635326913,projected
CPV,2035,3352020409.5986466,6166.138907426577,543617.4014116727,2.2351123663631807,projected
CPV,2040,3932304268.7506275,7167.708079432385,548613.8979396088,2.8020882058854784,projected
CPV,2045,4587719309.468314,8330.765576168607,550696.0035692478,3.515204944660597,projected
CPV,2050,5324111048.471833,9686.777950853268,549626.6225451007,4.426761100942053,projected
CPV,2055,6055496614.087124,11101.529478519456,545465.0754028092,3.774313012676219,projected
CPV,2060,6839669428.211274,12704.50547680108,538365.6562391017,3.1218649244103864,projected
CPV,2065,7737220464.037544,14572.59517878411,530943.2101223794,2.747535781577243,projected
CPV,2070,8751776710.815853,16715.125491662362,523584.2659501007,2.3732066387440973,projected
CRI,2012,51310359848.0341,11001.519285657581,4663934.0,1.712574664895681,hist
CRI,2013,52590433317.5191,11151.143786976761,4716147.0,1.7108914999147262,hist
CRI,2014,54453244250.76311,11422.673579317636,4767119.0,1.7096901550288761,hist
CRI,2015,56441920820.519394,11714.710598073198,4818038.0,1.7085330231214166,hist
CRI,2016,58814921621.315895,12084.43513256342,4866998.0,1.7080873337438454,hist
CRI,2017,61260269007.51401,12468.565453170933,4913177.0,1.7086171014517477,hist
CRI,2018,62862779082.590805,12679.525364301555,4957818.0,1.709667206856354,hist
CRI,2019,64382494195.799995,12877.650101079036,4999553.0,1.7116929172797888,hist
CRI,2020,61631202097.72049,12242.20989085328,5034320.0,1.7160569981979064,hist
CRI,2021,66522107766.42961,13146.692791846464,5059988.0,1.6993697723069183,hist
CRI,2022,69549856033.0247,13686.161409082219,5081765.0,1.6841395152479093,hist
CRI,2023,73105190307.8725,14318.838965213665,5105525.0,1.6683909748697434,hist
CRI,2024,76264229553.4307,14866.582367610874,5129910.0,1.6525869694088005,hist
CRI,2025,76381489670.52162,14889.440491260397,5129910.0,1.6447136516055745,projected
CRI,2030,89890926633.08905,16692.1529812423,5385220.632359613,1.5912607800793919,projected
CRI,2035,104286795592.30612,18574.63636955704,5614473.06517544,1.5667478504003702,projected
CRI,2040,120036029001.49905,20628.265590662075,5819007.345718707,1.6232833782551106,projected
CRI,2045,136563246398.84871,22790.24240550104,5992180.511686241,1.6640900479788987,projected
CRI,2050,154203355272.16455,25125.58632542746,6137303.753827568,1.819713963313347,projected
CRI,2055,172000023370.7002,27498.711963795628,6254839.266550111,1.8478510259785355,projected
CRI,2060,191141321142.11145,30118.80016078514,6346246.202429359,1.8759880886437235,projected
CRI,2065,211290467359.58777,33020.63905847877,6398739.496997539,1.9518781854980236,projected
CRI,2070,232159241943.65536,36206.05896440942,6412165.493401755,2.0277682823523233,projected
CUB,2012,80357078126.4622,7109.248341856355,11303175.0,1.8943977497244562,hist
CUB,2013,82564971264.2729,7307.820044107411,11298167.0,1.9145712008400664,hist
CUB,2014,83429902609.353,7392.483246330269,11285775.0,1.9360284106515944,hist
CUB,2015,87132800000.0,7727.919972079983,11275065.0,1.957240770848006,hist
CUB,2016,87579654548.8907,7774.069846262299,11265612.0,1.9782727105905349,hist
CUB,2017,89164663941.19939,7927.277694317667,11247829.0,2.0008206617864777,hist
CUB,2018,91169039692.7712,8120.43123558256,11227118.0,2.0239677305592596,hist
CUB,2019,91020354637.1475,8124.75282059108,11202846.0,2.0478510920279454,hist
CUB,2020,81054139247.4509,7252.288111798436,11176354.0,2.0722497060007923,hist
CUB,2021,82070953176.2327,7379.04275283674,11122168.0,2.0726102173232097,hist
CUB,2022,83527427215.72989,7552.331522188417,11059820.0,2.074504086007703,hist
CUB,2023,81915873064.45308,7433.428853996734,11019931.0,2.072187614009033,hist
CUB,2024,81046145427.25609,7381.397740488686,10979783.0,2.0699031365518463,hist
CUB,2025,81170757982.29282,7392.747013515004,10979783.0,2.06004162516537,projected
CUB,2030,89021393305.43391,8278.138964943853,10753793.054504214,1.9930906758490208,projected
CUB,2035,96885008514.36015,9259.850161114022,10462913.203630526,1.9623876684019552,projected
CUB,2040,105952462595.72328,10478.289456131266,10111618.221591145,2.033199715573672,projected
CUB,2045,116521411018.5535,12006.915271897426,9704525.132385638,2.084311006668822,projected
CUB,2050,127552216702.45256,13799.931370589491,9242960.220388684,2.279233535065915,projected
CUB,2055,137283244407.26672,15713.362941722815,8736719.498965189,2.3144758523188855,projected
CUB,2060,146598442839.71643,17874.228829315263,8201665.327193443,2.3497181695718554,projected
CUB,2065,155761725205.1784,20299.27907771046,7673263.893209484,2.4447722589600436,projected
CUB,2070,164890322554.06693,22974.267105373332,7177174.435980227,2.5398263483482313,projected
CUW,2012,3083966131.99718,20277.51125662235,152088.0,,hist
CUW,2013,3064361462.6739,19921.4771792975,153822.0,,hist
CUW,2014,3044829273.42015,19529.52859309052,155909.0,,hist
CUW,2015,3058779211.89831,19361.8129630226,157980.0,,hist
CUW,2016,3026120390.73989,18953.053855220274,159664.0,,hist
CUW,2017,2987500760.4188004,18651.479696699236,160175.0,,hist
CUW,2018,2924640415.44914,18355.176579361476,159336.0,,hist
CUW,2019,2830872591.42199,17980.529794792907,157441.0,,hist
CUW,2020,2308902987.9911,14849.969694183892,155482.0,,hist
CUW,2021,2405500837.76418,15625.411423105075,153948.0,,hist
CUW,2022,2571624725.6201806,16772.814719576447,153321.0,,hist
CUW,2023,2679684396.59073,17326.96468627213,154654.0,,hist
CUW,2024,2814389451.52295,18044.775186564788,155967.0,,hist
CYM,2012,4403722268.68141,77074.3886285601,57136.0,,hist
CYM,2013,4460060434.88737,76038.87878079226,58655.0,,hist
CYM,2014,4578454046.88869,76104.62179003806,60160.0,,hist
CYM,2015,4708167255.28727,76379.20987779874,61642.0,,hist
CYM,2016,4860710632.08443,77031.86421686894,63100.0,,hist
CYM,2017,5015477958.0794,77717.17607622841,64535.0,,hist
CYM,2018,5229501727.25244,79305.76920660045,65941.0,,hist
CYM,2019,5434269999.23381,80714.57215134805,67327.0,,hist
CYM,2020,5165012391.41422,75199.64462486489,68684.0,,hist
CYM,2021,5416518359.79396,77259.63313450619,70108.0,,hist
CYM,2022,5729358427.59835,80029.03196768239,71591.0,,hist
CYM,2023,6062554528.013689,83005.48383052232,73038.0,,hist
CYP,2012,20981332378.0944,18003.592233457268,1165397.0,7.749954492717299,hist
CYP,2013,19599191826.1408,16554.839598225182,1183895.0,7.489414506571888,hist
CYP,2014,19251098679.0346,16018.5410721364,1201801.0,7.2404558313452805,hist
CYP,2015,19909278416.8575,16325.74478504955,1219502.0,6.999983378358748,hist
CYP,2016,21218032913.055405,17151.26270948419,1237112.0,6.76688966009861,hist
CYP,2017,22438246417.1514,17889.4153332813,1254275.0,6.5426697275259205,hist
CYP,2018,23845497750.3008,18765.092816452816,1270737.0,6.327992136690154,hist
CYP,2019,25246562822.6821,19621.61486711218,1286671.0,6.121316494356289,hist
CYP,2020,24433464399.3925,18762.542282218736,1302247.0,5.921324515563147,hist
CYP,2021,27218282939.641,20662.033691139284,1317309.0,5.429273547172261,hist
CYP,2022,29470249084.60581,22135.281014748572,1331370.0,4.952067965993919,hist
CYP,2023,30536911914.859497,22704.428863310197,1344976.0,4.486354067744484,hist
CYP,2024,31740302544.1463,23367.977006355308,1358282.0,4.030858370612352,hist
CYP,2025,44385666410.140625,32677.799168464742,1358282.0,3.6193118881686335,projected
CYP,2030,49085215912.99864,34522.26609158875,1421842.2331481336,2.8970134993699173,projected
CYP,2035,54549222593.24478,36884.12360511466,1478935.0338713357,1.7281048014279936,projected
CYP,2040,60335183219.60074,39378.12491861766,1532200.5134651486,0.7081195035968425,projected
CYP,2045,66105243188.288864,41763.43852762907,1582849.629217101,0.12246877035872661,projected
CYP,2050,72792741461.70511,44669.09294341514,1629599.7224281176,0.06466655013367173,projected
CYP,2055,79765159186.96008,47761.71715868408,1670064.7282413947,0.03858023004681362,projected
CYP,2060,88311549810.08339,51860.66773280253,1702861.796247664,0.012493909959955519,projected
CYP,2065,97276915791.66925,56489.9398349691,1722021.940116348,0.012844488501058762,projected
CYP,2070,106266652828.61813,61497.29619324709,1727989.0240164264,0.01319506704216201,projected
CZE,2012,176290606021.546,16772.353922332728,10510785.0,8.598514825930755,hist
CZE,2013,176216894659.909,16759.78086356421,10514272.0,8.409440636889556,hist
CZE,2014,180173337874.854,17118.042557157878,10525347.0,8.214565447918195,hist
CZE,2015,189107698561.919,17931.598767076783,10546059.0,8.012771155840191,hist
CZE,2016,193988322685.05798,18359.097810390398,10566332.0,7.812092496471646,hist
CZE,2017,204024435232.921,19257.693068091106,10594438.0,7.606554354451613,hist
CZE,2018,209798950825.42,19736.629526128494,10629928.0,7.396962055745537,hist
CZE,2019,217279912681.73004,20360.0599221814,10671870.0,7.184418442198644,hist
CZE,2020,205753475017.539,19233.146954982858,10697858.0,6.983938767011663,hist
CZE,2021,214043320221.167,20373.878304342317,10505772.0,6.680038776777183,hist
CZE,2022,220137498830.72998,20627.34865101098,10672118.0,6.1510511287238465,hist
CZE,2023,220242240981.103,20272.587401733443,10864042.0,5.625026357553496,hist
CZE,2024,222958017484.654,20445.43283012698,10905028.0,5.188093210706319,hist
CZE,2025,220293157412.59073,20201.06297870952,10905028.0,4.772301442890053,projected
CZE,2030,252365768147.7844,22858.715376093336,11040242.813107502,3.0839460335233038,projected
CZE,2035,285379351699.62256,25633.5133983421,11133056.45093817,2.1928834191763644,projected
CZE,2040,319934401210.4252,28509.46079093202,11222043.221251888,1.8567161488299004,projected
CZE,2045,346434502424.887,30575.05189635325,11330626.799891287,0.974802394569714,projected
CZE,2050,381915344302.5068,33375.64483911586,11442935.294388874,0.4656677626465951,projected
CZE,2055,410153340030.3995,35568.56459240902,11531343.610023938,0.24713789114983908,projected
CZE,2060,444598393616.55035,38402.641906500256,11577286.653845944,0.028608019653083083,projected
CZE,2065,483922660020.76013,41907.966211461106,11547271.40847068,0.029038509688902384,projected
CZE,2070,521017217327.417,45471.81585201612,11458025.318870485,0.029468999724721688,projected
DEU,2012,3284148978797.69,40834.508821845564,80425823.0,10.559582071287771,hist
DEU,2013,3297186905208.25,40884.892675902796,80645605.0,10.33830987176708,hist
DEU,2014,3369071713224.2695,41602.46612816682,80982500.0,10.103607939405352,hist
DEU,2015,3425099578746.09,41929.754911072145,81686611.0,9.826477017386107,hist
DEU,2016,3501212900675.89,42516.9337063103,82348669.0,9.558961800419922,hist
DEU,2017,3599173571724.7,43543.480705055095,82657002.0,9.335494129743413,hist
DEU,2018,3640049243667.4004,43905.85500619728,82905782.0,9.120234009974777,hist
DEU,2019,3675639268112.0303,44235.26589546814,83092962.0,8.912864464823386,hist
DEU,2020,3523764998709.97,42372.872678425534,83160871.0,8.718914018511002,hist
DEU,2021,3661544208117.2,44011.01946316748,83196078.0,8.0834307987464,hist
DEU,2022,3727790994177.62,44817.131633139,83177813.0,7.453273561385063,hist
DEU,2023,3695372350062.48,44368.99200748811,83287273.0,6.812376361672374,hist
DEU,2024,3677048776153.86,44027.76315544696,83516593.0,6.164302045941657,hist
DEU,2025,3665392393040.398,43888.19348797428,83516593.0,5.534933164558084,projected
DEU,2030,3820096605787.9287,45923.913933956675,83183167.08113384,4.430338304983325,projected
DEU,2035,4004525275702.5474,48405.05441633676,82729486.0833999,2.6427522337942837,projected
DEU,2040,4263555489491.684,51886.70642287432,82170478.40238498,1.0829114058229943,projected
DEU,2045,4485400920784.338,55032.95519066061,81503908.07189535,0.1872887663804399,projected
DEU,2050,4737098644912.178,58697.48872593333,80703599.89386164,0.09889311671162088,projected
DEU,2055,4974638714760.194,62361.50959687267,79770979.67829926,0.05899988765279898,projected
DEU,2060,5260444538697.205,66758.5550298731,78798058.71087627,0.01910665859397709,projected
DEU,2065,5559552155202.953,71533.88862320781,77719137.91080081,0.01964279055880659,projected
DEU,2070,5838851850810.273,76209.28471290065,76616016.96967347,0.02017892252363609,projected
DJI,2013,2107658964.77279,2140.137694423359,984824.0,0.20628887478638336,hist
DJI,2014,2259262606.11241,2253.140822497684,1002717.0,0.20831486047914585,hist
DJI,2015,2424391785.43897,2376.1255471987224,1020313.0,0.21033101517623543,hist
DJI,2016,2597091693.86547,2502.8518144943155,1037653.0,0.2123311802885481,hist
DJI,2017,2738843335.30256,2596.4513469826825,1054841.0,0.21429647060779342,hist
DJI,2018,2869605010.3792,2677.165033445099,1071882.0,0.21622839126399923,hist
DJI,2019,3028726927.17701,2781.9435011348396,1088709.0,0.2181427154705991,hist
DJI,2020,3065135713.11422,2773.4066178009716,1105188.0,0.22006803797156962,hist
DJI,2021,3200221046.31128,2854.159870350966,1121248.0,0.2357685557218882,hist
DJI,2022,3365561651.66421,2959.7867301126817,1137096.0,0.25107245859838423,hist
DJI,2023,3594666717.82039,3117.8155381531024,1152944.0,0.26595563635243424,hist
DJI,2024,3845591877.0947595,3290.424820525976,1168722.0,0.28045199971854184,hist
DJI,2025,3845676132.7134957,3290.496912622074,1168722.0,0.2985388217483596,projected
DJI,2030,5231699394.168027,4227.603104886526,1237509.592166044,0.3602584611726246,projected
DJI,2035,6998515077.882412,5384.742485168334,1299693.550278223,0.4704441060346119,projected
DJI,2040,9131991954.52416,6739.00472113717,1355095.0522235555,0.709620242329589,projected
DJI,2045,11716197064.15136,8350.226191227332,1403099.364716645,0.8973483706490976,projected
DJI,2050,14827511768.19294,10276.761900624097,1442819.4319936985,1.1430940278187167,projected
DJI,2055,18225025730.171444,12375.055014223284,1472722.8048056748,1.0946071874287657,projected
DJI,2060,22036034624.646175,14749.968838727375,1493971.605335774,1.0461203470388147,projected
DJI,2065,26325229570.33509,17461.808073372562,1507588.988478136,1.0262854725170012,projected
DJI,2070,31010371973.43675,20468.374130161756,1515038.3599711778,1.0064505979951872,projected
DMA,2012,589738544.378908,8532.343881172894,69118.0,,hist
DMA,2013,589765106.18701,8459.65869880241,69715.0,,hist
DMA,2014,603537403.687762,8576.263676236085,70373.0,,hist
DMA,2015,583177777.777778,8282.598747021419,70410.0,,hist
DMA,2016,591617792.302106,8499.522919031491,69606.0,,hist
DMA,2017,546983994.013143,7985.634110212902,68496.0,,hist
DMA,2018,563196657.633243,8261.164925532357,68174.0,,hist
DMA,2019,585432211.240413,8624.51695993537,67880.0,,hist
DMA,2020,493481872.044211,7302.944549512542,67573.0,,hist
DMA,2021,520030399.241901,7738.317300703863,67202.0,,hist
DMA,2022,574096959.632995,8590.922090698157,66826.0,,hist
DMA,2023,595064186.903307,8946.988225880423,66510.0,,hist
DMA,2024,607279298.404095,9172.710496247943,66205.0,,hist
DNK,2012,287802068160.374,51470.68984542701,5591572.0,6.664291298120125,hist
DNK,2013,291810211099.295,51970.39093248057,5614932.0,6.515254699395269,hist
DNK,2014,295539545106.694,52368.36259692724,5643475.0,6.361605141718113,hist
DNK,2015,301758922337.637,53094.01336075731,5683483.0,6.196975878089257,hist
DNK,2016,311032111297.516,54300.203962199084,5728010.0,6.02988726135309,hist
DNK,2017,320538736986.013,55601.01457177874,5764980.0,5.873064955867298,hist
DNK,2018,326500781502.599,56355.0733084714,5793636.0,5.726446999198535,hist
DNK,2019,332088518944.14606,57114.62273363475,5814422.0,5.58882670780025,hist
DNK,2020,326176991232.295,55934.55559455235,5831404.0,5.455743495287599,hist
DNK,2021,347379325644.417,59312.81580437712,5856733.0,5.038355438766999,hist
DNK,2022,348921108389.075,59108.744937406795,5903037.0,4.608129795987767,hist
DNK,2023,351030642724.0,59026.98436509997,5946952.0,4.186282117138379,hist
DNK,2024,363238912546.8901,60772.862427604065,5976992.0,3.7793721209000095,hist
DNK,2025,362023053592.60254,60569.43920831792,5976992.0,3.3935021251834483,projected
DNK,2030,386280249864.56934,63134.36382615016,6118383.4991709,2.716268111331912,projected
DNK,2035,413358870543.5072,66138.40904840264,6249906.468735818,1.6202879158758983,projected
DNK,2040,446972350445.6507,70164.05604594116,6370389.279561996,0.663939752800815,projected
DNK,2045,485432833999.0487,74824.27532821691,6487638.294787301,0.11482791351569162,projected
DNK,2050,531488484572.80817,80431.88131837318,6607933.02184515,0.06063198809261403,projected
DNK,2055,579590729840.6472,86079.3766354544,6733212.442920099,0.03617319996154704,projected
DNK,2060,635527308765.2885,92643.60968122567,6859915.227310911,0.011714411830480082,projected
DNK,2065,693992182808.0573,99464.28491339502,6977300.278309206,0.01204311768978073,projected
DNK,2070,754473855937.6166,106513.85229903957,7083340.238407842,0.012371823549081376,projected
DOM,2012,59015618840.2876,5860.298933210134,10070411.0,2.891881014430425,hist
DOM,2013,61927882062.5429,6075.033999727374,10193833.0,2.8860110674251294,hist
DOM,2014,66331713896.7879,6430.278110513384,10315528.0,2.880763770555973,hist
DOM,2015,70966782572.4386,6800.953093954736,10434829.0,2.876298578120247,hist
DOM,2016,75735566406.0476,7177.7537647548825,10551430.0,2.8726692301138446,hist
DOM,2017,78714898894.65588,7379.399780671365,10666843.0,2.8694387621316184,hist
DOM,2018,84301701754.6018,7818.705932404692,10782053.0,2.8663314169244507,hist
DOM,2019,88427452425.8944,8117.046391857862,10894043.0,2.864136090881661,hist
DOM,2020,81415993438.0734,7395.873426239601,11008300.0,2.861396056701664,hist
DOM,2021,92824351636.87682,8344.905103123952,11123476.0,2.818529329355974,hist
DOM,2022,97686450823.9666,8698.135920943956,11230734.0,2.778498759723595,hist
DOM,2023,99828029402.8707,8809.963353859494,11331265.0,2.740851760962607,hist
DOM,2024,104773032846.36,9168.45418897145,11427557.0,2.704869883263964,hist
DOM,2025,104934126692.99591,9182.551151833757,11427557.0,2.6919832391105674,projected
DOM,2030,123354261974.58151,10394.5547977256,11867200.123046374,2.604494311119762,projected
DOM,2035,142913206593.2711,11671.238610663555,12244904.877764804,2.564372800744382,projected
DOM,2040,164362887659.423,13096.969561042093,12549688.4522304,2.6569072630507287,projected
DOM,2045,187216913568.0555,14632.681485519308,12794436.464248046,2.7236975343135237,projected
DOM,2050,212075772677.78003,16337.791971651377,12980687.540015483,2.978414804566694,projected
DOM,2055,237358450722.14795,18127.938135925877,13093516.148521706,3.0244681105744293,projected
DOM,2060,263427271529.71246,20044.975746640415,13141810.439649122,3.0705214165821646,projected
DOM,2065,290589664856.50903,22111.530370234283,13141996.95773613,3.194734448161746,projected
DOM,2070,318540918455.35736,24297.622859594485,13109962.25005501,3.3189474797413285,projected
DZA,2012,170101934378.955,4518.439789564626,37646166.0,2.0270281972405906,hist
DZA,2013,174524584673.84903,4543.2344400676775,38414171.0,2.0658654849013924,hist
DZA,2014,181680092643.147,4634.101491799534,39205031.0,2.1019542109276745,hist
DZA,2015,187493855609.345,4685.059027290026,40019529.0,2.1353537169315513,hist
DZA,2016,194806115978.439,4768.731400810258,40850721.0,2.1665350778019317,hist
DZA,2017,197728207716.082,4742.900755325293,41689299.0,2.196083700040147,hist
DZA,2018,200496402625.853,4717.003588536111,42505035.0,2.225662442108329,hist
DZA,2019,202300870247.92,4672.664086786359,43294546.0,2.255492643345885,hist
DZA,2020,192185826737.373,4363.685337677836,44042091.0,2.28643095079205,hist
DZA,2021,199488888151.485,4456.746876377744,44761099.0,2.019946382460359,hist
DZA,2022,206670488126.832,4544.466880603722,45477389.0,1.7619929763337996,hist
DZA,2023,215143978140.15503,4660.4054568789525,46164219.0,1.5130042598576183,hist
DZA,2024,223104305329.361,4765.729001683865,46814308.0,1.2723135841290232,hist
DZA,2025,223109193469.31152,4765.833417196117,46814308.0,1.0526333103118817,projected
DZA,2030,262671373745.93173,5383.341080694925,48793373.8190752,1.1201746269537938,projected
DZA,2035,295491251176.22345,5852.9220235681905,50486107.620494045,1.128159365294901,projected
DZA,2040,323681699998.3838,6225.623688355066,51991851.13032538,0.8183972301801407,projected
DZA,2045,359316718001.2024,6740.130529793892,53310053.33099833,0.8775992160345508,projected
DZA,2050,407189680514.41187,7501.5929066779645,54280428.914228216,0.8583465550745725,projected
DZA,2055,460081043253.02344,8392.577024643246,54819996.51621675,0.7823206529080811,projected
DZA,2060,521564374199.1669,9492.371232118121,54945635.96864146,0.7062947507415896,projected
DZA,2065,593001182984.5165,10825.93266839106,54775990.31406573,0.6975805345664835,projected
DZA,2070,669261642149.1613,12308.816875082732,54372540.345772505,0.6888663183913774,projected
ECU,2012,86890603905.3287,5579.856242821577,15572194.0,2.6931832278346235,hist
ECU,2013,93156490881.1886,5893.321726830364,15807128.0,2.6802211362011064,hist
ECU,2014,97093344927.4784,6055.041727614853,16035124.0,2.6687929220307676,hist
ECU,2015,97209558000.0,5976.159680565097,16266225.0,2.6571778210331565,hist
ECU,2016,96540800718.3398,5849.135879336721,16505139.0,2.6446356597653873,hist
ECU,2017,102304671535.156,6104.272535217508,16759519.0,2.630022140589703,hist
ECU,2018,103373033702.498,6063.09561787759,17049547.0,2.6103762699667716,hist
ECU,2019,103544017315.435,5971.389383867239,17340021.0,2.591320954532439,hist
ECU,2020,93971273313.9152,5355.689341964435,17546065.0,2.58527405638711,hist
ECU,2021,102825145845.295,5815.094773909493,17682454.0,2.553339916338448,hist
ECU,2022,108859360917.986,6107.494950065409,17823897.0,2.5211795488862516,hist
ECU,2023,111023744250.546,6174.818228066356,17980083.0,2.4874842668241057,hist
ECU,2024,108801876280.216,5999.393910665934,18135478.0,2.4544763892921995,hist
ECU,2025,108969164677.7651,6008.618282780587,18135478.0,2.442782679362776,projected
ECU,2030,129712147035.14735,6845.911794982653,18947388.006110884,2.3633927207527186,projected
ECU,2035,152932438101.86777,7777.697847447254,19662944.112962972,2.3269853133101543,projected
ECU,2040,180227263483.5885,8886.156999579758,20281800.500723965,2.4109537342431073,projected
ECU,2045,211374573987.41156,10169.662171540278,20784817.668667667,2.4715611390071146,projected
ECU,2050,247282916575.64484,11676.803856503242,21177277.58507512,2.7026988841717516,projected
ECU,2055,286490509484.10803,13354.366495792841,21452946.463193443,2.7444889728352524,projected
ECU,2060,329589097136.0371,15245.70021328429,21618495.216694,2.7862790614987536,projected
ECU,2065,376220135368.4918,17331.443182937346,21707374.93683603,2.8989935233443616,projected
ECU,2070,426178032494.46,19615.140470180653,21726993.65280329,3.0117079851899695,projected
EGY,2012,300070833532.511,3220.991942030668,93161001.0,1.7612464254221571,hist
EGY,2013,306628779736.183,3216.378390262901,95333553.0,1.7488640122329229,hist
EGY,2014,315569804751.572,3235.662462352572,97528654.0,1.7366317800305129,hist
EGY,2015,329366576819.407,3306.9815941414076,99597342.0,1.7271274167135906,hist
EGY,2016,343682967575.512,3381.222463062072,101644589.0,1.7183722391754666,hist
EGY,2017,358053111989.023,3452.9096124553994,103696057.0,1.7098931736623313,hist
EGY,2018,377141312302.669,3568.6396628616103,105682094.0,1.7027966913676031,hist
EGY,2019,398080548973.052,3701.244634518793,107553158.0,1.69777497374833,hist
EGY,2020,412213064649.087,3770.869478674213,109315124.0,1.6946145530603798,hist
EGY,2021,425777537421.99603,3837.31992324447,110957008.0,1.588904776523895,hist
EGY,2022,453827104224.605,4029.782954579786,112618250.0,1.4860223809196111,hist
EGY,2023,470892276431.916,4111.311847899502,114535772.0,1.3830295743761172,hist
EGY,2024,482189779212.6321,4137.60929232898,116538258.0,1.2824928273769116,hist
EGY,2025,482200343827.77893,4137.699945950616,116538258.0,1.2057207857011214,projected
EGY,2030,623823306539.9102,5065.1384695974275,123160168.33188196,1.1972128500496377,projected
EGY,2035,793541073359.1298,6137.409498832347,129295767.78445408,1.1447047715437793,projected
EGY,2040,987235936806.0022,7317.469118642203,134914944.0604936,1.1965186574180644,projected
EGY,2045,1208465019648.4395,8636.903451380069,139918782.98180372,1.212120400838667,projected
EGY,2050,1460149959942.7085,10129.922094973916,144142269.43237597,1.0832322549389746,projected
EGY,2055,1725357730127.1538,11679.053952586144,147730949.5385198,0.9815742226042198,projected
EGY,2060,2015987410293.4746,13378.711418828228,150686216.86960974,0.879916190269465,projected
EGY,2065,2329941833731.3833,15232.647539098429,152957115.81003895,0.8943861165317917,projected
EGY,2070,2656312429803.76,17200.019503473286,154436594.05545193,0.9088560427941184,projected
ERI,2025,,,3535603.0,0.0854351124455752,projected
ERI,2030,,,3907104.052016964,0.10309788844044099,projected
ERI,2035,,,4288383.4403817095,0.13463054775604244,projected
ERI,2040,,,4663817.8437992055,0.20307739155005855,projected
ERI,2045,,,5011097.419342322,0.25680096980445927,projected
ERI,2050,,,5322957.633468288,0.3271278630719462,projected
ERI,2055,,,5601777.477938969,0.3132520172553581,projected
ERI,2060,,,5852511.663920954,0.29937617143877004,projected
ERI,2065,,,6072498.865355997,0.2936998753872521,projected
ERI,2070,,,6261985.25510399,0.28802357933573414,projected
ESP,2012,1158267740898.69,24763.56827448389,46773055.0,6.500744538708992,hist
ESP,2013,1141735527746.3499,24498.555950794515,46604197.0,6.40503951143272,hist
ESP,2014,1159095455877.44,24947.85125059133,46460733.0,6.305190331741067,hist
ESP,2015,1206164777553.12,25982.441619777463,46422303.0,6.190683944543038,hist
ESP,2016,1241326362266.48,26719.24422686152,46458139.0,6.066275000477765,hist
ESP,2017,1277275696051.09,27426.28101509297,46571232.0,5.932200559307299,hist
ESP,2018,1307871701701.25,27956.722546648325,46782011.0,5.786667226674778,hist
ESP,2019,1333521400432.6902,28301.43939495635,47118501.0,5.627385539816895,hist
ESP,2020,1187633217292.02,25077.019882928053,47359424.0,5.481401389486004,hist
ESP,2021,1267004457826.92,26705.362913895995,47443821.0,5.074993758692074,hist
ESP,2022,1347716659731.45,28203.109341947373,47786102.0,4.644827033771263,hist
ESP,2023,1380882052539.27,28558.631981750157,48352528.0,4.201212837368051,hist
ESP,2024,1428595035672.37,29245.219245172866,48848840.0,3.7732798628881525,hist
ESP,2025,1424475045158.4248,29160.877620807878,48848840.0,3.388031880431396,projected
ESP,2030,1514012748750.7095,30577.500191417246,49513947.8136828,2.7118895517103008,projected
ESP,2035,1608887353262.3206,32036.877148238953,50219855.881014295,1.6176760502746192,projected
ESP,2040,1709466506664.4338,33544.90743847606,50960537.297642775,0.6628694977031433,projected
ESP,2045,1798438371349.8784,34850.68419709617,51604105.13546612,0.11464281364890892,projected
ESP,2050,1918605925624.593,36874.098262815,52031263.57016235,0.060534250769213295,projected
ESP,2055,2046983144813.6648,39222.03889534988,52189615.9012874,0.03611488962315472,projected
ESP,2060,2205548346380.658,42321.054998559666,52114682.54880982,0.011695528477096135,projected
ESP,2065,2378704139208.8086,45918.37696061073,51802879.29709027,0.01202370447036591,projected
ESP,2070,2543723337495.6836,49525.64022578567,51361745.671513535,0.012351880463635686,projected
EST,2012,21772481344.2301,16460.68434790012,1322696.0,10.48547154392125,hist
EST,2013,22154913628.3244,16809.532668378153,1317997.0,10.294880372404311,hist
EST,2014,22891074856.693806,17413.686756021136,1314545.0,10.093341515974776,hist
EST,2015,23311847750.9394,17722.15576695228,1315407.0,9.858303779777943,hist
EST,2016,24032887679.5037,18264.98733042788,1315790.0,9.6270772516706,hist
EST,2017,25387062190.0468,19270.814121051113,1317384.0,9.387348073078892,hist
EST,2018,26326306710.8582,19914.345492287837,1321977.0,9.127444978871996,hist
EST,2019,27307395871.0676,20579.87567323758,1326898.0,8.86714917632219,hist
EST,2020,26519903136.8312,19946.945696897983,1329522.0,8.623650217666848,hist
EST,2021,28709089435.118702,21570.66584552682,1330932.0,8.091713489596705,hist
EST,2022,28357067289.1155,21023.299493724608,1348840.0,7.468423350122311,hist
EST,2023,27578887219.405098,20126.373048695747,1370286.0,6.843750782699405,hist
EST,2024,27554054399.2591,20078.13976209929,1372341.0,6.326476887643153,hist
EST,2025,27217952513.502354,19833.22841298362,1372341.0,5.8194511072015995,projected
EST,2030,30677291422.391006,22614.79915298116,1356513.9895724885,3.7606327626422407,projected
EST,2035,34339865835.054703,25594.663808829824,1341680.675766794,2.6740510829847697,projected
EST,2040,38163298566.87083,28664.7198562376,1331368.2728549773,2.2641211954800204,projected
EST,2045,41326995327.93492,31209.111183910052,1324196.484943191,1.1886958404174273,projected
EST,2050,44935044113.26711,34113.22431327887,1317232.393531788,0.5678456839643212,projected
EST,2055,47727508289.17268,36480.13536900057,1308314.99955808,0.3013654714594972,projected
EST,2060,51702096308.85145,39842.52091926916,1297661.2703200364,0.03488525895467307,projected
EST,2065,56461623120.03025,43943.85977195043,1284858.076032501,0.03541020813182955,projected
EST,2070,60801583412.14032,47815.986107355246,1271574.390950134,0.035935157308986033,projected
ETH,2012,46140518129.2398,481.63999990980886,95798767.0,0.09482126215674572,hist
ETH,2013,51023232360.2629,518.3246622081065,98438751.0,0.10240723188371213,hist
ETH,2014,56256936828.98331,556.3625322438672,101115610.0,0.1095569714705771,hist
ETH,2015,62103418181.8182,597.9121132186634,103867135.0,0.11625428967497756,hist
ETH,2016,67961933367.15491,636.8356809514289,106718162.0,0.12249161487620074,hist
ETH,2017,74461941569.3207,678.98541915757,109666481.0,0.1282904299628252,hist
ETH,2018,79537377550.6924,705.9688120733593,112664152.0,0.13372700839216364,hist
ETH,2019,86189951998.924,744.7027897539725,115737383.0,0.1387911112522736,hist
ETH,2020,91412658764.8474,768.7054244852087,118917671.0,0.1434639600366879,hist
ETH,2021,96569731965.9612,790.6570195977802,122138588.0,0.22625937021639714,hist
ETH,2022,101708941221.845,811.1777293262033,125384287.0,0.304739939223804,hist
ETH,2023,108415879003.469,842.4466048940361,128691692.0,0.3790780837662776,hist
ETH,2024,116669335367.212,883.4585886192879,132059767.0,0.4494843611226423,hist
ETH,2025,116671891552.93169,883.4779448984768,132059767.0,0.529558711094803,projected
ETH,2030,158176961705.6032,1098.4470962926557,144000527.8719956,0.6336941363829606,projected
ETH,2035,212395929988.62808,1368.7049084303876,155180220.864555,0.7609728707154239,projected
ETH,2040,285625554806.0923,1724.2670570376051,165650415.71739718,0.9095351500960924,projected
ETH,2045,385922562787.5548,2199.305782133605,175474718.3964392,1.0695823808321576,projected
ETH,2050,521244651127.9782,2825.333109816677,184489626.83971784,1.076809411605277,projected
ETH,2055,690025609440.5657,3580.690833540618,192707396.8456144,1.0501082437923732,projected
ETH,2060,901803551037.3696,4510.3786808751875,199939653.59520212,1.0234070759794691,projected
ETH,2065,1165736816768.0234,5658.4786651176555,206015942.7576077,0.7855878618958945,projected
ETH,2070,1489297986211.2068,7055.307038378756,211089039.514492,0.5477686478123197,projected
FIN,2012,235550695854.07098,43507.934537157846,5413971.0,9.417988985061893,hist
FIN,2013,233242909052.23404,42883.63849864166,5438972.0,9.203336175961198,hist
FIN,2014,232127848351.009,42502.48801998586,5461512.0,8.994698957328218,hist
FIN,2015,233210733506.25003,42560.34567671029,5479531.0,8.795027314569635,hist
FIN,2016,239208760000.401,43529.676161696814,5495303.0,8.600179706237597,hist
FIN,2017,247110710501.527,44862.22040420488,5508214.0,8.410813716464558,hist
FIN,2018,250058685918.643,45337.24095505741,5515525.0,8.230681646555428,hist
FIN,2019,253433824168.6,45898.57084489549,5521606.0,8.052819942750922,hist
FIN,2020,247120696232.09,44690.980110307486,5529543.0,7.872706195974724,hist
FIN,2021,253734502126.39304,45792.04541808715,5541017.0,7.286868884272231,hist
FIN,2022,255670602724.759,46016.149210392854,5556106.0,6.699091286602208,hist
FIN,2023,253269616816.41595,45357.029654737686,5583911.0,6.100573275532695,hist
FIN,2024,254323653957.12,45254.03586589183,5619911.0,5.499954562815645,hist
FIN,2025,253472363852.26022,45102.55835942246,5619911.0,4.938414874289403,projected
FIN,2030,273203639609.27026,47724.948131097706,5724545.553382174,3.952865903342952,projected
FIN,2035,295063462612.2378,50769.02500292026,5811879.637146185,2.357933971813957,projected
FIN,2040,320045224156.20605,54352.38085992559,5888338.635634226,0.9662024156493864,projected
FIN,2045,344493838840.23914,57753.23826012372,5964926.802694945,0.16710402857309356,projected
FIN,2050,371758431659.59814,61461.67472431899,6048621.898558546,0.08823507421204768,projected
FIN,2055,400368042907.2571,65206.7739936281,6139976.238456151,0.052641272099127355,projected
FIN,2060,434274829640.21204,69650.42717324464,6235063.405426369,0.017047469986207042,projected
FIN,2065,470671708092.6925,74420.34161458406,6324503.460764222,0.01752582121303841,projected
FIN,2070,508254234025.60376,79332.56559632388,6406627.974340404,0.01800417243986978,projected
FJI,2012,4051237182.53114,4427.978444550375,914918.0,1.6614551138613582,hist
FJI,2013,4243031642.7950497,4630.351265447175,916352.0,1.6210314593862232,hist
FJI,2014,4480790532.15798,4883.243004362517,917585.0,1.5810803902408637,hist
FJI,2015,4682479893.97558,5097.531068646952,918578.0,1.5416392292073628,hist
FJI,2016,4796997047.63002,5218.8582341274805,919166.0,1.5029451806251743,hist
FJI,2017,5053797787.50532,5500.67840152349,918759.0,1.4658864184211502,hist
FJI,2018,5246466309.21901,5720.214471771093,917180.0,1.4306205651124924,hist
FJI,2019,5215934671.17568,5701.1043526943195,914899.0,1.3963036356117493,hist
FJI,2020,4319652697.81901,4721.122818976297,914963.0,1.358324904859794,hist
FJI,2021,4131922233.08409,4507.333535960723,916711.0,1.3052365000966801,hist
FJI,2022,4865137079.9506,5291.516931235711,919422.0,1.2510384617238037,hist
FJI,2023,5324525632.97133,5761.569486359099,924145.0,1.1945527074971116,hist
FJI,2024,5512527123.40125,5935.2089650567295,928784.0,1.13874435733692,hist
FJI,2025,5514794495.258125,5937.650191280346,928784.0,1.0889024428712266,projected
FJI,2030,6474438878.218839,6860.163694909662,943773.2343067796,1.0732310420851865,projected
FJI,2035,7600560917.61479,7966.812098554077,954027.8876408094,0.96587505832907,projected
FJI,2040,8907816424.634396,9292.324652305866,958620.8788372396,0.7924720170323495,projected
FJI,2045,10460627490.097328,10920.250344851787,957910.9598919458,0.5383521718773885,projected
FJI,2050,12343045306.749073,12951.097069917274,953050.1732875912,0.2403420364568301,projected
FJI,2055,14388579596.566277,15242.539849340432,943975.199591746,0.1864998243761358,projected
FJI,2060,16682131050.195807,17913.702976374603,931249.7294499608,0.13265761229544135,projected
FJI,2065,19322550853.199387,21052.699768561208,917818.1927077344,0.1187555288493696,projected
FJI,2070,22248614381.74931,24604.200512737007,904260.813930196,0.10485344540329787,projected
FRA,2012,2374265767668.09,36161.291825346525,65657659.0,5.967342137885933,hist
FRA,2013,2392826743357.49,36256.08668098101,65997932.0,5.828059961032014,hist
FRA,2014,2416703156974.4,36444.39490891454,66312067.0,5.692449532218342,hist
FRA,2015,2442483452642.5,36702.43237333796,66548272.0,5.564626599907047,hist
FRA,2016,2463489569347.31,36920.53428469133,66724104.0,5.442627964303833,hist
FRA,2017,2514819204088.14,37580.597932935554,66918020.0,5.3198325966307,hist
FRA,2018,2556210832760.02,38062.443596141165,67158348.0,5.194154773915122,hist
FRA,2019,2608036638906.12,38705.207294061845,67382061.0,5.070623227848745,hist
FRA,2020,2413981867676.36,35709.204592592636,67601110.0,4.948250604485471,hist
FRA,2021,2580120255051.75,38030.857168517825,67842811.0,4.573185661481262,hist
FRA,2022,2650215998256.03,38868.33033305567,68184457.0,4.194626167928238,hist
FRA,2023,2688358302961.22,39319.41522272958,68372286.0,3.82843488159182,hist
FRA,2024,2720362347819.81,39683.395348902966,68551653.0,3.464677675022169,hist
FRA,2025,2737940020533.1826,39939.81035779229,68551653.0,3.110937657671958,projected
FRA,2030,3007890317660.9805,42738.90911578427,70378266.07862836,2.490094434645191,projected
FRA,2035,3304173482456.1724,45810.94286182386,72126292.89081225,1.4853724877206778,projected
FRA,2040,3635609558374.524,49287.06424854904,73763970.60373813,0.6086559263026274,projected
FRA,2045,3951196594103.0615,52512.6011468066,75242827.58450525,0.10526661458582494,projected
FRA,2050,4322283771950.737,56454.272291297675,76562562.87652138,0.05558338496889377,projected
FRA,2055,4668715411514.533,60029.15253610999,77774134.97060631,0.03316119035958795,projected
FRA,2060,5058898819839.795,64096.12782182242,78926746.30677803,0.010738995750282128,projected
FRA,2065,5466089129118.869,68350.60864241286,79971330.72677654,0.011040331479058346,projected
FRA,2070,5869005930360.673,72521.99324281518,80927256.2422589,0.01134166720783456,projected
FSM,2012,316527680.318535,2933.799984415006,107890.0,,hist
FSM,2013,304890763.528582,2819.9032891721495,108121.0,,hist
FSM,2014,297006847.858934,2740.0166782808774,108396.0,,hist
FSM,2015,310175057.802073,2853.076435870277,108716.0,,hist
FSM,2016,313099160.149974,2870.494248452661,109075.0,,hist
FSM,2017,319911415.240516,2922.0724622584376,109481.0,,hist
FSM,2018,319911415.240516,2910.6935304708077,109909.0,,hist
FSM,2019,332969024.0258431,3019.2508661961433,110282.0,,hist
FSM,2020,327398648.118022,2951.771143189639,110916.0,,hist
FSM,2021,337547021.665978,3023.9645745178277,111624.0,,hist
FSM,2022,327738276.522529,2923.259151600416,112114.0,,hist
FSM,2023,329223318.369684,2923.051747932913,112630.0,,hist
FSM,2024,331590401.690288,2930.279265555744,113160.0,,hist
GAB,2012,12564804521.2615,6803.226680792131,1846889.0,0.9407556769943842,hist
GAB,2013,13273296028.5793,6938.257538622332,1913059.0,0.9476754454502097,hist
GAB,2014,13846034032.3711,6998.605454395751,1978399.0,0.9545328159115446,hist
GAB,2015,14383107762.695198,7047.126546343561,2040989.0,0.9622464878231267,hist
GAB,2016,14683922149.3088,6991.325144673586,2100306.0,0.9710119503561324,hist
GAB,2017,14753324537.172699,6840.059593478,2156900.0,0.980532223966683,hist
GAB,2018,14876945089.6921,6724.596142910785,2212318.0,0.9900916967374445,hist
GAB,2019,15460241661.1259,6817.568794687627,2267706.0,0.999197167010116,hist
GAB,2020,15176119359.5429,6534.27966528997,2322539.0,1.0081092887055472,hist
GAB,2021,15398898313.7955,6479.049006907623,2376722.0,0.9906994119539888,hist
GAB,2022,15866657481.092798,6527.482079004026,2430747.0,0.9741289555331439,hist
GAB,2023,16253635205.631205,6541.253686180679,2484789.0,0.9582725071515281,hist
GAB,2024,16805289922.765602,6618.986858658849,2538952.0,0.943046159702804,hist
GAB,2025,16805658120.98987,6619.1318784245905,2538952.0,0.9482624648937706,projected
GAB,2030,19678111467.979683,7339.877978375326,2680986.186140306,1.0445876810971748,projected
GAB,2035,22866625037.68928,8144.557177363724,2807595.8630682584,0.9675808473852244,projected
GAB,2040,26410584603.635937,9046.521155446797,2919418.873821398,1.559694399522393,projected
GAB,2045,30551067350.62158,10131.77400881399,3015371.9698094446,1.9910243024067975,projected
GAB,2050,35368935375.53852,11429.569009835364,3094511.7305038245,2.604001707634737,projected
GAB,2055,40301210124.23306,12751.365166998385,3160540.820251624,2.2682345432023037,projected
GAB,2060,45596369520.405106,14189.34665654969,3213422.7617420414,1.932467378769871,projected
GAB,2065,51364883118.23571,15809.674449819297,3248952.6132413694,1.7965411880503575,projected
GAB,2070,57467822088.510864,17588.398189083826,3267370.994828742,1.6606149973308442,projected
GBR,2012,2748282336997.97,43136.7006795996,63711000.0,6.7263504623338575,hist
GBR,2013,2795510733841.06,43585.19362386473,64139000.0,6.559333833730661,hist
GBR,2014,2883853723651.98,44627.88182686444,64620000.0,6.389286772168824,hist
GBR,2015,2945579890258.46,45255.34492162088,65088000.0,6.222995170744961,hist
GBR,2016,3010574705731.3,45888.01051307482,65607000.0,6.054367798090853,hist
GBR,2017,3101591068534.48,47018.025475767514,65966000.0,5.902669656872405,hist
GBR,2018,3149707010747.53,47514.77636934529,66289000.0,5.755737830426521,hist
GBR,2019,3189276748351.15,47864.75887126337,66631000.0,5.608631170131655,hist
GBR,2020,2868821517197.41,42982.46310076427,66744000.0,5.481770675310751,hist
GBR,2021,3113908148054.35,46487.342470654934,66984000.0,5.066163125842678,hist
GBR,2022,3274265196937.19,48433.00983576696,67604000.0,4.627365831754792,hist
GBR,2023,3283159739927.95,47934.93750989824,68492000.0,4.180123351025758,hist
GBR,2024,3320141995547.62,47960.910576194205,69226000.0,3.75265907934824,hist
GBR,2025,3340034662707.455,48248.268897631744,69226000.0,3.369516457623817,projected
GBR,2030,3628077985391.921,51027.876529725036,71099920.90849544,2.697069212519461,projected
GBR,2035,3933427538053.789,54001.65279486886,72839021.29802102,1.608835532506907,projected
GBR,2040,4285799792902.8076,57519.790364652836,74510003.7001617,0.6592469494363723,projected
GBR,2045,4652908218600.156,61090.2491075533,76164499.02517852,0.11401629647272173,projected
GBR,2050,5044895693276.225,64882.58565697634,77754233.16123322,0.06020343415151687,projected
GBR,2055,5435885819027.817,68610.6882713367,79227973.8913325,0.03591752357861307,projected
GBR,2060,5866920723525.787,72815.83469692605,80572045.18694423,0.011631613005709264,projected
GBR,2065,6340466120485.205,77576.90597711148,81731361.16508584,0.011957995533780033,projected
GBR,2070,6844339074208.865,82695.18678656273,82765869.93961555,0.012284378061850799,projected
GEO,2012,13460417765.6957,3609.7807986259927,3728874.0,3.0837737212978107,hist
GEO,2013,14151325572.1376,3806.5060064905206,3717668.0,3.1341511171323453,hist
GEO,2014,14730184213.8494,3960.3508009190155,3719414.0,3.173742686192957,hist
GEO,2015,15223796148.839598,4086.622346596493,3725276.0,3.2097467794386807,hist
GEO,2016,15749049874.534399,4225.091549048063,3727505.0,3.2488010901706983,hist
GEO,2017,16561685511.098299,4442.507441273749,3728004.0,3.289334445916166,hist
GEO,2018,17565660917.3341,4713.653548453032,3726549.0,3.331602948414141,hist
GEO,2019,18510819818.4957,4975.811481948147,3720161.0,3.378378328224582,hist
GEO,2020,17346401920.57,4659.609253182354,3722716.0,3.4170860640464666,hist
GEO,2021,19192793472.268,5175.1986518582435,3708610.0,3.5254330940508107,hist
GEO,2022,21296041913.2144,5736.304495785969,3712502.0,3.6169871126945505,hist
GEO,2023,22963990777.4548,6180.620602342899,3715483.0,3.709258622035873,hist
GEO,2024,25186857750.188,6808.073980259799,3699557.0,3.8208095768500607,hist
GEO,2025,25182540367.841408,6806.906980441552,3699557.0,3.91639276773615,projected
GEO,2030,29124453242.236134,8179.338407877666,3560734.5961118145,3.74760234456841,projected
GEO,2035,33260158685.789173,9716.498141109938,3423060.263354282,3.7468547246247725,projected
GEO,2040,37536742824.84462,11429.988433204971,3284057.8137242533,3.656493427737858,projected
GEO,2045,41808547766.80602,13317.429611752545,3139385.676190115,3.7687943636080834,projected
GEO,2050,46099097566.12411,15417.749676088857,2990001.688613382,3.6511131104129095,projected
GEO,2055,49708143817.73705,17496.9158493201,2840966.0448626224,3.6866036917635943,projected
GEO,2060,53278913848.589005,19744.372655943953,2698435.3859705757,3.7220942731142794,projected
GEO,2065,57455206444.61987,22364.82968759745,2568998.165744227,3.647374821615324,projected
GEO,2070,61674245419.44291,25160.6782692427,2451215.5339959846,3.5726553701163684,projected
GHA,2012,43858655296.9198,1640.5407208800257,26734268.0,0.4882728801389549,hist
GHA,2013,47065830437.53099,1718.5970476995833,27386193.0,0.5259078706837478,hist
GHA,2014,48410143589.6826,1726.3693013464642,28041592.0,0.5617231310819167,hist
GHA,2015,49436806230.4839,1722.77282833606,28696068.0,0.5959216179289472,hist
GHA,2016,51104539956.3997,1740.8110190292812,29356742.0,0.6284622347655797,hist
GHA,2017,55258774288.879,1841.446361532492,30008354.0,0.6597696126469987,hist
GHA,2018,58684861220.508705,1915.4532323780973,30637585.0,0.6902501129495515,hist
GHA,2019,62503939826.8611,1999.553722202112,31258945.0,0.719684970773932,hist
GHA,2020,62825173619.4157,1970.1941146039762,31887809.0,0.7477964174567907,hist
GHA,2021,66014472471.1465,2030.0486650096645,32518665.0,0.7599329454938181,hist
GHA,2022,68526224001.2217,2067.208959107663,33149152.0,0.7716161313329236,hist
GHA,2023,70678009792.105,2091.813356459502,33787914.0,0.7826714596656474,hist
GHA,2024,74629231909.5195,2167.7269140667813,34427414.0,0.7932995349481573,hist
GHA,2025,74630867010.77588,2167.774408231065,34427414.0,0.8184659777785808,projected
GHA,2030,100433673975.35243,2684.213303953377,37416428.05638106,0.9452426347472827,projected
GHA,2035,132510241515.59167,3282.749131839302,40365631.42470381,1.074916167362214,projected
GHA,2040,172427403378.53156,3989.9799695862266,43215105.01126972,1.347587691880661,projected
GHA,2045,223406787919.98016,4869.652640231581,45877356.03033809,1.690541685273509,projected
GHA,2050,288632561065.81433,5976.703755861643,48292934.17508579,2.1289296896492496,projected
GHA,2055,366548775453.781,7270.051885495049,50419004.049352966,1.8151526245692227,projected
GHA,2060,461604593693.53143,8819.843504585939,52337050.363027066,1.5013755594891958,projected
GHA,2065,576399940735.0508,10660.204391652534,54070252.27268629,1.321352195294357,projected
GHA,2070,710887321302.7639,12786.876415998462,55595072.492710434,1.1413288310995184,projected
GIN,2012,7858142150.250901,719.5059167945466,10921581.0,0.26153142791465256,hist
GIN,2013,8168199850.291768,729.8331432363259,11191873.0,0.2815898893044812,hist
GIN,2014,8470141696.431181,738.2722744813076,11472924.0,0.3004203535510289,hist
GIN,2015,8794201742.84609,747.3569667594473,11767070.0,0.31799602530692495,hist
GIN,2016,9745789528.35549,807.2364210438878,12073030.0,0.3343869016040406,hist
GIN,2017,10749606370.467901,867.9075025776102,12385659.0,0.3497791033837523,hist
GIN,2018,11433119223.7578,899.9073280451742,12704774.0,0.36422736091182534,hist
GIN,2019,12075307751.6835,926.4222195485297,13034346.0,0.377664357702753,hist
GIN,2020,12643401588.698502,945.5709033896628,13371183.0,0.39022646801930094,hist
GIN,2021,13349198344.073,973.646890096162,13710513.0,0.39439624517465005,hist
GIN,2022,13879482945.938,987.5025014653361,14055137.0,0.39821455869883965,hist
GIN,2023,14648645956.270302,1016.8809480032374,14405468.0,0.40169090717463946,hist
GIN,2024,15432355339.8107,1045.9220747581683,14754785.0,0.40503001843020725,hist
GIN,2025,15432693457.502148,1045.944990557446,14754785.0,0.41787909290255676,projected
GIN,2030,23364848571.430496,1494.4866524749975,15634029.606578495,0.4826066635696807,projected
GIN,2035,33276188485.55152,2026.1713819812155,16423185.512083214,0.5488132740505102,projected
GIN,2040,45698098986.85783,2671.527251227237,17105608.39904036,0.6880294814674431,projected
GIN,2045,61365935590.97407,3471.8849881170977,17675106.116995703,0.8631293726752404,projected
GIN,2050,81020071212.97005,4471.1452933789715,18120652.740349863,1.0869544143771641,projected
GIN,2055,103641103087.66473,5621.217081164128,18437484.55026774,0.9267512063157286,projected
GIN,2060,129769878734.98067,6955.824619016837,18656289.633898627,0.7665479982542931,projected
GIN,2065,160043229806.94736,8487.4440155543,18856469.57006705,0.6746345868560772,projected
GIN,2070,194280567662.29068,10210.395564024058,19027721.93731954,0.5827211754578612,projected
GMB,2012,1305822857.84822,639.1398818890468,2043094.0,0.1334154631793262,hist
GMB,2013,1343336129.36544,638.5223685322128,2103820.0,0.14295401967630647,hist
GMB,2014,1324430251.83027,611.8794729521956,2164528.0,0.15195863440986299,hist
GMB,2015,1378176608.93204,619.5363642964601,2224529.0,0.16052292973857238,hist
GMB,2016,1404959537.12175,615.1933654943867,2283769.0,0.16869355250680854,hist
GMB,2017,1472715273.80675,628.7772992729238,2342189.0,0.17651278315346297,hist
GMB,2018,1579264608.77791,658.1278332585622,2399632.0,0.18402633920865002,hist
GMB,2019,1677527292.27233,682.7976429404268,2456844.0,0.19120655839541953,hist
GMB,2020,1687449652.95674,670.7586428912527,2515733.0,0.19792795145627173,hist
GMB,2021,1776141480.03218,689.4932395573697,2576010.0,0.2003198805380312,hist
GMB,2022,1873704900.09444,710.6869792163158,2636470.0,0.202588366956046,hist
GMB,2023,1984568191.3287897,735.6123837095125,2697845.0,0.20468569847135012,hist
GMB,2024,2094736745.30154,758.9658887290597,2759988.0,0.20663221164594645,hist
GMB,2025,2094782640.2758894,758.982517415253,2759988.0,0.21318736201755417,projected
GMB,2030,2811969465.2483172,939.7759702002357,2992170.000525953,0.24620911466012227,projected
GMB,2035,3719844662.9948773,1157.571637980488,3213489.8099996285,0.2799854219132421,projected
GMB,2040,4859866092.672758,1419.792700970692,3422940.6091115535,0.3510086832186967,projected
GMB,2045,6312331527.222017,1749.4874441874629,3608103.3608982177,0.44033855047016895,projected
GMB,2050,8170190512.7383375,2170.176822888255,3764757.9803496175,0.5545262928203922,projected
GMB,2055,10366466199.13499,2661.4518861254446,3895041.745138044,0.47279619458518124,projected
GMB,2060,13001187689.716822,3246.4940626103535,4004685.4973340617,0.3910660963499703,projected
GMB,2065,16144854645.874823,3936.1496383079875,4101687.214517314,0.34417507441844464,projected
GMB,2070,19807797865.649982,4730.810161734257,4186977.956940188,0.29728405248691897,projected
GNB,2012,1041496885.43544,630.6686230282478,1651417.0,0.12140091627646875,hist
GNB,2013,1075408772.95023,634.095456089354,1695973.0,0.13042781415854215,hist
GNB,2014,1085781367.43837,623.6101591033655,1741122.0,0.1389452120927042,hist
GNB,2015,1152384166.79638,645.0668372070417,1786457.0,0.14701673752944597,hist
GNB,2016,1214989490.95557,663.242608032003,1831893.0,0.15468021013454908,hist
GNB,2017,1271652706.03289,677.4661313113669,1877072.0,0.1619949093542376,hist
GNB,2018,1319485332.4773,686.4568198395249,1922168.0,0.1689730672858697,hist
GNB,2019,1389780856.97486,706.2985628749867,1967696.0,0.17559274253040802,hist
GNB,2020,1429964954.95595,710.275129060129,2013255.0,0.18191021575184554,hist
GNB,2021,1502186168.85351,729.6270906075359,2058841.0,0.18434568980232,hist
GNB,2022,1585255149.16317,752.9011232631657,2105529.0,0.18657794656977644,hist
GNB,2023,1677635814.13438,779.0857891555302,2153339.0,0.18861502540377123,hist
GNB,2024,1747195818.6794899,793.6921576737795,2201352.0,0.19054603857663283,hist
GNB,2025,1747234099.1495574,793.7095472007918,2201352.0,0.19659087507929873,projected
GNB,2030,2398799977.656835,1023.2920866804831,2344198.6983779403,0.22704190738824043,projected
GNB,2035,3317323415.017437,1337.4201706854287,2480389.8488515443,0.25818875275936215,projected
GNB,2040,4566368289.837564,1751.896121025551,2606529.140075061,0.32368290287636264,projected
GNB,2045,6275643467.367035,2308.859818413316,2718070.372795414,0.40605850247798664,projected
GNB,2050,8582180241.176055,3051.9754298884163,2812008.300305953,0.5113568089981989,projected
GNB,2055,11460806568.396456,3967.536003544179,2888645.889579471,0.435989341713463,projected
GNB,2060,15056497397.502462,5104.483669071262,2949661.1946731773,0.36062187442872706,projected
GNB,2065,19486981174.135517,6501.506517363044,2997302.413231952,0.31738128573884894,projected
GNB,2070,24801157008.71687,8177.864390406023,3032718.057517889,0.2741406970489707,projected
GNQ,2012,15070007775.4052,11650.71962708841,1293483.0,1.243372890895261,hist
GNQ,2013,14447134439.884,10731.645572919097,1346218.0,1.2465711632671586,hist
GNQ,2014,14507099626.4903,10363.48724735489,1399828.0,1.2487472600265892,hist
GNQ,2015,13185496881.0174,9068.910032386448,1453923.0,1.2503455965314625,hist
GNQ,2016,12023008461.8485,7971.8340190457275,1508186.0,1.2516898194142676,hist
GNQ,2017,11341603434.7324,7259.1093645480405,1562396.0,1.252983176621317,hist
GNQ,2018,10634279338.5817,6578.900397657109,1616422.0,1.2543325594787451,hist
GNQ,2019,10051326714.9325,6018.1206632186295,1670177.0,1.2557983888504423,hist
GNQ,2020,9569759527.14748,5575.262415114922,1716468.0,1.2626395755309028,hist
GNQ,2021,9652085293.25754,5487.924792019916,1758786.0,1.2392295720648154,hist
GNQ,2022,9963221065.40967,5524.243124185795,1803545.0,1.2152725977642913,hist
GNQ,2023,9456161986.86363,5118.219861483311,1847549.0,1.1929632245401929,hist
GNQ,2024,9541952850.62711,5041.940385511726,1892516.0,1.1710956249443698,hist
GNQ,2025,9542161911.59017,5042.0508527220745,1892516.0,1.1775733483565949,projected
GNQ,2030,11193946030.111694,5397.072163088494,2074077.51681903,1.297192137009716,projected
GNQ,2035,12991371171.144646,5771.815943888816,2250829.080040204,1.2015633439511617,projected
GNQ,2040,14922819084.224083,6167.102752372603,2419745.4920761595,1.9368630779500111,projected
GNQ,2045,17123165939.715004,6638.636067471969,2579319.873191302,2.4724981123313556,projected
GNQ,2050,19639453517.27397,7200.492581040395,2727515.27707793,3.233707041572338,projected
GNQ,2055,22144114384.650394,7727.155462274275,2865752.4095073515,2.8167439340710896,projected
GNQ,2060,24822303037.39074,8296.123793193083,2992036.239593879,2.3997808265698417,projected
GNQ,2065,27660698093.553688,8915.276279063286,3102618.160977503,2.230984669956319,projected
GNQ,2070,30581386135.524185,9576.346519745059,3193429.3597740782,2.0621885133427957,projected
GRC,2012,197978089510.093,17924.662049688588,11045011.0,6.538506377632831,hist
GRC,2013,193479795684.276,17644.87666350205,10965211.0,6.465702487672678,hist
GRC,2014,195012591113.587,17903.525244001215,10892413.0,6.38772228124171,hist
GRC,2015,194567373678.099,17980.72982381373,10820883.0,6.307953463004628,hist
GRC,2016,194505511433.34302,18049.928997891977,10775971.0,6.211741249920675,hist
GRC,2017,197370820217.692,18352.08844612582,10754679.0,6.1012942129355965,hist
GRC,2018,201445880434.66998,18769.038962197665,10732882.0,5.990690843401711,hist
GRC,2019,206033167050.895,19216.675957978496,10721582.0,5.873880841161508,hist
GRC,2020,187085880047.73804,17486.95133332299,10698599.0,5.763110877674089,hist
GRC,2021,203277223532.871,19232.968332711338,10569207.0,5.4107645393586425,hist
GRC,2022,214502162962.972,20552.322327968446,10436882.0,5.051103252552737,hist
GRC,2023,219083738943.27103,21050.864811158095,10407351.0,4.635958447896792,hist
GRC,2024,223655084018.924,21494.685606059855,10405134.0,4.207377335135244,hist
GRC,2025,224070495164.8953,21534.609277006457,10405134.0,3.77780844846526,projected
GRC,2030,247770311739.27966,23860.53001447653,10384107.628328197,3.023879237656804,projected
GRC,2035,274034841854.81534,26420.79521154955,10371937.697583914,1.803781801731223,projected
GRC,2040,300015906739.9028,28965.078429531575,10357848.9341848,0.739129405220945,projected
GRC,2045,324755733415.0572,31447.228507322718,10327006.506771669,0.1278319110455154,projected
GRC,2050,354644648812.84515,34550.037229238376,10264667.631464168,0.0674984215167214,projected
GRC,2055,385602684483.85315,37909.84366529412,10171571.475955902,0.040269731793778754,projected
GRC,2060,422652685428.45416,42020.793033323534,10058179.651518716,0.013041042070836098,projected
GRC,2065,459089654519.7688,46306.27363588261,9914199.923096845,0.013406973113905327,projected
GRC,2070,493255013808.3366,50583.513880728395,9751299.899239697,0.013772904156974547,projected
GRD,2012,852529700.227814,7559.562848395602,112775.0,,hist
GRD,2013,872573509.102323,7688.75297701343,113487.0,,hist
GRD,2014,936638937.786048,8206.628621123331,114132.0,,hist
GRD,2015,997007407.407407,8694.124380056917,114676.0,,hist
GRD,2016,1034291535.85512,8983.683973378962,115130.0,,hist
GRD,2017,1080200382.60863,9357.407288835824,115438.0,,hist
GRD,2018,1127312678.42806,9744.169195772014,115691.0,,hist
GRD,2019,1134939081.03144,9785.560402405912,115981.0,,hist
GRD,2020,978809798.804488,8413.283355003721,116341.0,,hist
GRD,2021,1024791581.86502,8782.321934260764,116688.0,,hist
GRD,2022,1099706286.21882,9406.19337643222,116913.0,,hist
GRD,2023,1149485315.76389,9817.863835839205,117081.0,,hist
GRD,2024,1195043156.53983,10196.00498724334,117207.0,,hist
GRL,2012,2480080343.49763,43655.70046642546,56810.0,,hist
GRL,2013,2447881939.21831,43338.38392469079,56483.0,,hist
GRL,2014,2563963821.89127,45545.14294149161,56295.0,,hist
GRL,2015,2499113022.81675,44536.35497053766,56114.0,,hist
GRL,2016,2616120347.69515,46561.78314340138,56186.0,,hist
GRL,2017,2617499780.4164395,46597.94524703481,56172.0,,hist
GRL,2018,2633808516.64035,47012.98603502758,56023.0,,hist
GRL,2019,2708402650.63237,48170.78969555127,56225.0,,hist
GRL,2020,2715195047.19671,48169.94069573882,56367.0,,hist
GRL,2021,2759563889.53607,48709.93397588954,56653.0,,hist
GRL,2022,2814880887.77734,49679.33654148956,56661.0,,hist
GRL,2023,2839256686.24476,49929.77554286046,56865.0,,hist
GTM,2012,55161308535.57369,3655.5731579124213,15089647.0,1.2673893423783464,hist
GTM,2013,57199419016.293,3717.304626284132,15387337.0,1.2555486822897581,hist
GTM,2014,59741348518.3759,3809.615875700913,15681725.0,1.2444194500634012,hist
GTM,2015,62186066547.6566,3893.5053329906823,15971743.0,1.234037919768214,hist
GTM,2016,63851286764.0999,3924.778948370982,16268760.0,1.2235000954614599,hist
GTM,2017,65817811430.0879,3972.7405783606823,16567357.0,1.2132244340051723,hist
GTM,2018,68060140995.097,4040.2121371198027,16845685.0,1.2047604609449645,hist
GTM,2019,70794727937.1204,4139.122038363071,17103803.0,1.1979855083562836,hist
GTM,2020,69530651433.08311,4005.839115939991,17357325.0,1.1917274717174318,hist
GTM,2021,75122100458.9218,4268.628585654115,17598650.0,1.1698905735615273,hist
GTM,2022,78265598404.1417,4385.14891178047,17847877.0,1.1481359069646984,hist
GTM,2023,81030845277.9723,4470.707284554615,18124838.0,1.125255969248949,hist
GTM,2024,83989981406.9695,4563.095906527168,18406359.0,1.1027914785075628,hist
GTM,2025,84119120258.98318,4570.111897686184,18406359.0,1.0975375173292987,projected
GTM,2030,106355445561.94487,5375.557162438917,19785008.76245745,1.061867762991394,projected
GTM,2035,133316620986.16922,6328.092423070931,21067426.338484578,1.0455099854803256,projected
GTM,2040,166413417811.59235,7489.769580982332,22218763.342752416,1.0832368340548602,projected
GTM,2045,206536939021.77426,8874.30235316529,23273597.270224467,1.110467623399499,projected
GTM,2050,255612515747.92,10557.606844936205,24211217.513798658,1.2143173637518672,projected
GTM,2055,312432076991.76526,12481.435440263422,25031742.421540845,1.233093569489774,projected
GTM,2060,377876343278.45636,14696.91246576359,25711273.994365696,1.2518697752276806,projected
GTM,2065,453125780962.91486,17213.81521951816,26323378.936305236,1.3025121641991824,projected
GTM,2070,538596986580.376,20050.375539175733,26862189.465131465,1.3531545531706837,projected
GUM,2012,5556275705.18653,33404.93176369125,166331.0,,hist
GUM,2013,5650199454.04914,34044.319041545496,165966.0,,hist
GUM,2014,5751510464.05824,34755.26911072985,165486.0,,hist
GUM,2015,5799000000.0,35165.70146447955,164905.0,,hist
GUM,2016,5809553230.20928,35373.848314341696,164233.0,,hist
GUM,2017,5861264058.23476,35850.90255205065,163490.0,,hist
GUM,2018,5812719199.272071,35731.22037430812,162679.0,,hist
GUM,2019,5959409099.181069,36830.12644109729,161808.0,,hist
GUM,2020,5332547224.749771,32884.88526467871,162158.0,,hist
GUM,2021,5442300818.926299,33239.48463278751,163730.0,,hist
GUM,2022,5719850773.43039,34627.986278183744,165180.0,,hist
GUY,2012,4032790343.85011,5403.798994289215,746288.0,4.322571576079447,hist
GUY,2013,4180123674.47048,5573.3421790462935,750021.0,4.344933354234095,hist
GUY,2014,4250621228.25175,5635.71704117947,754229.0,4.364323331750493,hist
GUY,2015,4279840193.704601,5640.415605694661,758781.0,4.381510851075178,hist
GUY,2016,4442793237.239929,5818.616822046459,763548.0,4.397254852342624,hist
GUY,2017,4608708975.07815,5997.182714268249,768479.0,4.411861756669132,hist
GUY,2018,4813377725.77348,6080.906121327462,791556.0,4.324812235407437,hist
GUY,2019,5071030135.73162,6278.630540795528,807665.0,4.279297774098175,hist
GUY,2020,7275896377.20418,9010.610004698785,807481.0,4.3210267481511435,hist
GUY,2021,8735441012.70968,10711.997337414781,815482.0,4.258628313818854,hist
GUY,2022,14268000638.322,17365.333642864185,821637.0,4.2068729494842865,hist
GUY,2023,19089873040.0558,23101.353828274117,826353.0,4.163124239376167,hist
GUY,2024,27454923839.268196,33034.957638933345,831087.0,4.119782814033917,hist
GUY,2025,27497137175.75582,33085.75056011684,831087.0,4.100155187787561,projected
GUY,2030,32012762665.125107,38488.3549921314,831751.9070812414,3.966900947284193,projected
GUY,2035,36515557070.13125,44202.95631763465,826088.5721700806,3.9057919416568625,projected
GUY,2040,41559949401.38012,51034.72905886981,814346.4297310112,4.046731027072512,projected
GUY,2045,47626889405.39263,59696.6407759921,797815.2335926162,4.148459177988625,projected
GUY,2050,54943484204.05979,70569.54068431181,778572.2235297782,4.5364186280603445,projected
GUY,2055,62722150575.17944,82902.26222033198,756579.4816127067,4.606562341735461,projected
GUY,2060,70353502910.64908,96101.19539784359,732077.2922688092,4.676706055410577,projected
GUY,2065,78039146715.63197,110130.66955167353,708605.0328515968,4.865894716923236,projected
GUY,2070,86834019792.21999,126512.16406435987,686368.9387847746,5.055083378435897,projected
HKG,2012,285202001494.798,39887.833945650826,7150100.0,,hist
HKG,2013,294047609778.975,40959.981303399545,7178900.0,,hist
HKG,2014,302170458556.299,41796.868186776264,7229500.0,,hist
HKG,2015,309385622601.348,42432.16197404414,7291300.0,,hist
HKG,2016,316116086739.67,43087.54555784287,7336600.0,,hist
HKG,2017,328116204743.636,44380.81003403614,7393200.0,,hist
HKG,2018,337457513840.276,45280.50798919518,7452600.0,,hist
HKG,2019,331813719170.552,44195.276864443054,7507900.0,,hist
HKG,2020,310097161184.35,41451.29811313327,7481000.0,,hist
HKG,2021,330112209080.37,44530.926209058285,7413100.0,,hist
HKG,2022,317951587861.717,43281.68522913069,7346100.0,,hist
HKG,2023,328201901799.319,43550.6298747786,7536100.0,,hist
HKG,2024,336423318692.037,44712.765472553125,7524100.0,,hist
HKG,2025,336561693841.533,44731.156396317565,7524100.0,,projected
HKG,2030,376501083213.75854,48158.203083242806,7818005.222557118,,projected
HKG,2035,417823899512.485,51580.96989154421,8100349.807128768,,projected
HKG,2040,456445008733.47534,54642.89011443975,8353236.949537862,,projected
HKG,2045,493349507763.3702,57499.4629077933,8580071.583529577,,projected
HKG,2050,530083710951.8791,60387.84621650916,8777986.700359615,,projected
HKG,2055,559635087823.2108,62594.024814740274,8940711.026005508,,projected
HKG,2060,588394791136.9858,64859.15401331924,9071885.072940594,,projected
HKG,2065,616401267176.6069,67450.72773269624,9138541.390085122,,projected
HKG,2070,641852174298.3573,70176.69689902845,9146229.484437922,,projected
HND,2012,19072018181.9071,2188.3937881789097,8715076.0,1.1641592122818476,hist
HND,2013,19604424966.4102,2205.401267280672,8889278.0,1.1529884600229545,hist
HND,2014,20203944075.628,2229.2477223221754,9063122.0,1.1422922358030072,hist
HND,2015,20979791685.416,2271.2026598034818,9237305.0,1.1319570841858002,hist
HND,2016,21796529142.773205,2315.7298305819786,9412380.0,1.1218981569310214,hist
HND,2017,22852116284.6356,2383.3739843971357,9588137.0,1.1121274878669234,hist
HND,2018,23730778960.5382,2430.135036577626,9765210.0,1.1025599711561138,hist
HND,2019,24338200129.3672,2447.6164928218086,9943633.0,1.0931848145172782,hist
HND,2020,22156260473.8169,2189.4316866822237,10119640.0,1.0843990040685618,hist
HND,2021,24940257609.6892,2423.7663491691105,10289877.0,1.0614727250835865,hist
HND,2022,25973672631.7766,2482.2238490471404,10463872.0,1.0389194384638363,hist
HND,2023,26902451582.392097,2527.273663331887,10644851.0,1.0164366100408548,hist
HND,2024,27858556649.7637,2573.371599956483,10825703.0,0.9947171566837317,hist
HND,2025,27901390592.148716,2577.3282891788845,10825703.0,0.9899780873071324,projected
HND,2030,35033111528.21277,3062.7437464965583,11438472.960164163,0.9578039933772216,projected
HND,2035,43701354483.69536,3643.411843605872,11994623.819536218,0.943049289289831,projected
HND,2040,54463281689.649284,4360.130204835655,12491205.338144748,0.977078880809241,projected
HND,2045,67488110061.99417,5227.480720018857,12910255.18344728,1.0016410341075328,projected
HND,2050,83284301522.80023,6283.575189529257,13254285.81830014,1.0953134286253543,projected
HND,2055,101455661010.23308,7495.562792674674,13535429.402230412,1.1122495533134007,projected
HND,2060,122349482250.79881,8896.906445667584,13751912.8697119,1.129185678001447,projected
HND,2065,146372038393.48724,10520.80687018971,13912624.782441985,1.1748650780939989,projected
HND,2070,173661119145.75345,12387.962966643761,14018537.156864218,1.2205444781865509,projected
HRV,2012,50189155633.3966,11780.474276728348,4260368.0,3.832499356077796,hist
HRV,2013,50122079966.6919,11838.215245035668,4233922.0,3.7728893769810274,hist
HRV,2014,49842552678.5614,11862.76094918205,4201598.0,3.7177238414712868,hist
HRV,2015,50998893384.8289,12283.784062005288,4151725.0,3.6771806362391275,hist
HRV,2016,52766750207.3137,12848.419539106988,4106867.0,3.6312119426077607,hist
HRV,2017,54499590874.6275,13485.301251427412,4041407.0,3.6024993813326693,hist
HRV,2018,56086115348.75,14060.987483312545,3988775.0,3.561351025647056,hist
HRV,2019,57825641269.21511,14641.66397069297,3949390.0,3.5072985087411346,hist
HRV,2020,53019830857.522,13545.488116241711,3914206.0,3.4484519663883204,hist
HRV,2021,59717412023.485,15395.12877827579,3878981.0,3.2685859535955077,hist
HRV,2022,64073470836.9772,16618.111187472383,3855641.0,3.0759124732252694,hist
HRV,2023,66483687609.844,17225.15448402901,3859686.0,2.8604517770341014,hist
HRV,2024,69027943227.3244,17854.209101268534,3866200.0,2.6437528091688325,hist
HRV,2025,68481572799.481964,17712.88934858051,3866200.0,2.4318732978437314,projected
HRV,2030,73431397528.7459,19180.042715838816,3828531.490605414,1.57151975847834,projected
HRV,2035,78033475829.90294,20600.595272652266,3787923.348675951,1.1174513379334583,projected
HRV,2040,83124055683.6448,22193.861606019847,3745362.441166989,0.9461469435761934,projected
HRV,2045,86396283149.28029,23349.572544730294,3700122.68891744,0.4967406066856937,projected
HRV,2050,90531680659.67789,24787.492040885325,3652313.0500799306,0.23729536182883934,projected
HRV,2055,94311031804.14505,26180.60311302359,3602324.6445850534,0.12593673001694136,projected
HRV,2060,98565623676.16095,27762.106021005027,3550365.509071445,0.014578098205043376,projected
HRV,2065,103185952259.65712,29579.029005632685,3488483.4197906763,0.01479746767187714,projected
HRV,2070,107194309940.61554,31364.402604998464,3417706.0947283036,0.015016837138710878,projected
HTI,2012,13643386325.966402,1354.8854612449877,10069771.0,0.34218707135007703,hist
HTI,2013,14233433330.502895,1392.382047368592,10222362.0,0.3405178053706666,hist
HTI,2014,14644604839.5892,1411.768348021538,10373235.0,0.33895376902509783,hist
HTI,2015,14849629308.6025,1411.1268474679666,10523242.0,0.33746234539903414,hist
HTI,2016,15118774099.5928,1416.7488187969834,10671457.0,0.33606926896769435,hist
HTI,2017,15498296353.5977,1432.672286095404,10817754.0,0.3347737043288974,hist
HTI,2018,15756778637.9976,1437.3525192834902,10962362.0,0.3335640991774682,hist
HTI,2019,15485274058.242998,1394.4211407111268,11105163.0,0.33244007599671166,hist
HTI,2020,14973407477.2561,1331.6977850693197,11243848.0,0.3314658876538025,hist
HTI,2021,14704149691.210402,1292.719549635512,11374586.0,0.32612422289782167,hist
HTI,2022,14456828250.6294,1256.7214359244745,11503606.0,0.320951880836709,hist
HTI,2023,14187369712.6764,1219.1187164584728,11637398.0,0.3157647391774742,hist
HTI,2024,13595808327.3781,1154.8730090988813,11772557.0,0.31065943501012305,hist
HTI,2025,13616712571.553204,1156.6486848654208,11772557.0,0.3091793794937225,projected
HTI,2030,18368547775.773598,1509.9321037303164,12165148.174804512,0.29913111021931743,projected
HTI,2035,24524633176.830803,1964.6846155184978,12482732.843285656,0.2945230786751427,projected
HTI,2040,32591949204.039978,2558.4554856035193,12738915.87617433,0.30515083713292357,projected
HTI,2045,42784396153.31977,3310.2415160682403,12924856.372455023,0.31282182643376005,projected
HTI,2050,55507777791.419525,4259.83386222154,13030502.969538758,0.34207658791185536,projected
HTI,2055,70669786218.61528,5409.4871983529,13064045.375711966,0.34736589743215185,projected
HTI,2060,88486838138.58002,6799.625244166175,13013487.502785306,0.3526552069524483,projected
HTI,2065,109194045488.9715,8452.89781694877,12917942.207940605,0.3669213091594955,projected
HTI,2070,132841867409.24571,10401.878747963738,12770949.42442496,0.38118741136654266,projected
HUN,2012,113496503293.01703,11440.76227188252,9920362.0,4.532816945778,hist
HUN,2013,115802945078.187,11729.57207985012,9872734.0,4.456008235976455,hist
HUN,2014,120822254244.73,12287.377944103338,9833038.0,4.374922892534067,hist
HUN,2015,125244126623.289,12782.94125779722,9797755.0,4.29124652362812,hist
HUN,2016,128298381762.592,13145.65598855627,9759755.0,4.20813648671126,hist
HUN,2017,133589642960.172,13734.244280433477,9726756.0,4.122256192158546,hist
HUN,2018,141078862882.165,14533.778314431269,9706964.0,4.030300224083238,hist
HUN,2019,148241697677.30402,15290.808546633132,9694824.0,3.9348603149598746,hist
HUN,2020,141809897486.431,14664.297119538563,9670419.0,3.8440503200402363,hist
HUN,2021,152052706989.445,15787.953542756299,9630932.0,3.625565388570491,hist
HUN,2022,158366514062.482,16487.79739359447,9605074.0,3.4004496150554138,hist
HUN,2023,157072489603.652,16375.046272419238,9592186.0,3.169826633145099,hist
HUN,2024,157952280644.587,16518.63699363966,9562065.0,2.9438790805003254,hist
HUN,2025,156702055719.44006,16387.888570035873,9562065.0,2.707946409785662,projected
HUN,2030,173144024315.69147,18343.524273160874,9438972.67162697,1.7499231113939846,projected
HUN,2035,189953675126.0117,20424.300245179584,9300376.162010416,1.244307563782272,projected
HUN,2040,207960098222.4246,22717.953251249164,9153997.98223415,1.0535562116902146,projected
HUN,2045,222898236756.97552,24752.808308452793,9004967.59718607,0.5531320006112066,projected
HUN,2050,241904386781.30313,27323.894293734895,8853217.780042777,0.2642338002119412,projected
HUN,2055,259995233908.70007,29898.38373157147,8695962.840096796,0.1402334226096004,projected
HUN,2060,279839915124.50854,32810.4767034345,8528980.473338133,0.016233045007259563,projected
HUN,2065,301748513395.2389,36199.720845385076,8335658.572729223,0.016477317914345542,projected
HUN,2070,321423360807.4108,39578.011962324614,8121260.8938868,0.016721590821431532,projected
IDN,2012,740537688618.414,2930.518445322995,252698525.0,0.01678752678651991,hist
IDN,2013,781691320690.699,3055.2424600646864,255852467.0,0.017399597002379596,hist
IDN,2014,820828013230.588,3170.72103011429,258877399.0,0.018005729338997568,hist
IDN,2015,860854232686.214,3288.2226972553844,261799249.0,0.018605183007575143,hist
IDN,2016,904181621780.3881,3416.8100517097137,264627418.0,0.01919819774458816,hist
IDN,2017,950021694164.0009,3553.519992623214,267346658.0,0.01978672970700401,hist
IDN,2018,999178586309.0211,3701.3215546191195,269951846.0,0.020372013386527818,hist
IDN,2019,1049330233997.45,3850.9032173897813,272489381.0,0.02095130885464836,hist
IDN,2020,1027656193885.3799,3739.449065631624,274814866.0,0.02153651957625904,hist
IDN,2021,1065709127396.86,3850.6887725390234,276758053.0,0.023210816030555442,hist
IDN,2022,1122268412650.2,4024.912252883901,278830529.0,0.024850237130452167,hist
IDN,2023,1178932006499.5,4192.651678906923,281190067.0,0.026438449109801337,hist
IDN,2024,1238236350136.56,4367.862666211918,283487931.0,0.028006320269990035,hist
IDN,2025,1238745652347.6147,4369.659223156187,283487931.0,0.029788493182676425,projected
IDN,2030,1597201070021.7732,5492.549760559441,290794101.0367999,0.03724794132559787,projected
IDN,2035,1986102193601.5896,6700.456390979919,296412972.14847314,0.05048840545605672,projected
IDN,2040,2407542396607.427,8020.393405861793,300177594.1374456,0.06984729483324036,projected
IDN,2045,2857889903899.302,9466.322546887372,301900752.878847,0.08847610266727272,projected
IDN,2050,3343564413765.7036,11091.81400860958,301444327.4265503,0.11395898335123052,projected
IDN,2055,3814510957472.858,12743.18952180374,299337222.5176583,0.10503745050603716,projected
IDN,2060,4291416954462.85,14514.437502675599,295665398.9292915,0.09611591766084376,projected
IDN,2065,4775616381467.866,16429.931749915955,290665625.04085237,0.09193653545253205,projected
IDN,2070,5246996919288.084,18436.348522867404,284600657.9220395,0.08775715324422033,projected
IND,2012,1704596203504.3203,1333.0962655766793,1278674502.0,1.6252673035627638,hist
IND,2013,1813453530766.63,1399.4537980287053,1295829511.0,1.6030188557729184,hist
IND,2014,1947834564908.95,1484.3164068291346,1312277191.0,1.5822041518665704,hist
IND,2015,2103588360044.9397,1583.9981590798484,1328024498.0,1.5627284761127953,hist
IND,2016,2277267041550.36,1694.4653497382453,1343944296.0,1.5435111307619256,hist
IND,2017,2432016068497.75,1788.6977031844567,1359657400.0,1.5249755269231795,hist
IND,2018,2588974770244.57,1883.3577270506178,1374659064.0,1.5076433090030534,hist
IND,2019,2689205295885.31,1936.0306774106668,1389030312.0,1.491361853016207,hist
IND,2020,2533830417086.54,1806.5011058387795,1402617695.0,1.4762383986607273,hist
IND,2021,2779348258938.77,1965.3094343750627,1414203896.0,1.6719134254174053,hist
IND,2022,2990839011962.46,2098.211244761503,1425423212.0,1.8648881522493406,hist
IND,2023,3265719695911.24,2270.905180802696,1438069596.0,2.052809716728063,hist
IND,2024,3477820532826.4795,2396.949992135441,1450935791.0,2.2371159634589235,hist
IND,2025,3479251004227.8643,2397.9358878658086,1450935791.0,2.4396255312996136,projected
IND,2030,4522303913047.388,2980.5643568565374,1517264306.890139,3.014720173788862,projected
IND,2035,5709260511175.951,3616.5491323351384,1578648679.2423549,2.1949060873362933,projected
IND,2040,7043326749646.099,4311.314602738076,1633684246.835744,2.5907216041650463,projected
IND,2045,8549444162965.9,5082.870084103608,1682011151.475976,3.0364891591539767,projected
IND,2050,10264977836471.592,5964.738362096891,1720943520.624593,3.267692360619423,projected
IND,2055,12034441047860.707,6878.492836567598,1749575282.521622,3.352665865832239,projected
IND,2060,13930541626324.23,7887.717197669318,1766105614.237851,3.4376393710450555,projected
IND,2065,15961681829452.373,9009.790783815315,1771592949.5416305,3.247153374549295,projected
IND,2070,18059860176146.902,10214.572665585063,1768048529.038731,3.056667378053534,projected
IRL,2012,216854920423.995,47147.16046694197,4599533.0,9.851605045280998,hist
IRL,2013,221610413457.216,47928.03464870055,4623816.0,9.620733707046345,hist
IRL,2014,242410308909.292,52044.62011818865,4657740.0,9.37283368844632,hist
IRL,2015,302101388556.271,64250.13851812575,4701957.0,9.108535514397033,hist
IRL,2016,305795232417.145,64205.979777351065,4762722.0,8.818415657960191,hist
IRL,2017,336707637029.955,69748.62210340149,4827445.0,8.528607202558543,hist
IRL,2018,362595940328.693,74029.05506114366,4898022.0,8.236611051277228,hist
IRL,2019,380627401462.69293,76485.63585465097,4976456.0,7.940353953143112,hist
IRL,2020,407856325068.063,80927.9364753951,5039747.0,7.676286529837016,hist
IRL,2021,474166373639.897,92781.2322150785,5110585.0,7.021120878471841,hist
IRL,2022,509781668505.942,97793.53666716965,5212836.0,6.345399717068311,hist
IRL,2023,496851698334.418,93541.9643678381,5311538.0,5.69948310909985,hist
IRL,2024,509767195342.461,94474.98797070698,5395790.0,5.090730764014258,hist
IRL,2025,513061065707.5343,95085.43989064332,5395790.0,4.570972403295715,projected
IRL,2030,574282144518.4803,101999.98767546046,5630217.783414922,3.658753146111306,projected
IRL,2035,638605823301.8947,109020.6154342682,5857661.147463704,2.1824920320219,projected
IRL,2040,705906586880.8875,116064.91740756443,6081997.925368623,0.8943121812070308,projected
IRL,2045,765890199908.6299,121619.13265370086,6297448.297789056,0.1546706630631267,projected
IRL,2050,838541149393.5947,129151.18973371488,6492709.4448181745,0.08166994865615737,projected
IRL,2055,910254778010.643,136637.477539626,6661823.640199019,0.048724501315640344,projected
IRL,2060,992695156347.5924,145845.5329994102,6806483.105324911,0.015779053975123327,projected
IRL,2065,1079806582405.5255,155999.93895644002,6921839.775251712,0.016221813506792575,projected
IRL,2070,1165850995899.2214,166186.728812564,7015307.4450014755,0.01666457303846184,projected
IRN,2012,401507697046.15295,5058.646378118353,79370580.0,8.954343308588186,hist
IRN,2013,395396833390.87,4916.972919484757,80414686.0,8.833425008999875,hist
IRN,2014,415106476157.82,5093.203197021866,81502045.0,8.710981115685884,hist
IRN,2015,409191686496.677,4952.733555321778,82619362.0,8.588645980663587,hist
IRN,2016,445262288195.34,5312.617249541917,83812228.0,8.461940993237869,hist
IRN,2017,458739730634.758,5395.2398398597925,85026754.0,8.336667824921408,hist
IRN,2018,441546348305.719,5127.224953670184,86117998.0,8.226683123901887,hist
IRN,2019,431119516583.705,4952.456690810782,87051648.0,8.134149939267381,hist
IRN,2020,450269020578.621,5132.824307621179,87723443.0,8.067590709747158,hist
IRN,2021,468869169367.781,5300.622719618946,88455488.0,7.79445403836828,hist
IRN,2022,489278157562.545,5465.31447539413,89524246.0,7.49749556719014,hist
IRN,2023,515368187132.474,5687.843963301165,90608707.0,7.206294638159247,hist
IRN,2024,534246745197.83594,5834.442969398632,91567738.0,6.931463582820456,hist
IRN,2025,534466487614.98346,5836.842749298705,91567738.0,6.7321073628776045,projected
IRN,2030,622026216563.2957,6604.341802546924,94184437.32324924,6.607065471570793,projected
IRN,2035,722232070427.5365,7497.422554827301,96330714.34162654,6.305227764399908,projected
IRN,2040,829143248619.7899,8447.232139281243,98155612.980507,6.452242091839254,projected
IRN,2045,935786803803.2914,9406.995339634917,99477757.77675776,6.420382169320249,projected
IRN,2050,1043832063837.9067,10428.866814946225,100090650.53375976,5.667353960280642,projected
IRN,2055,1142256431065.779,11430.646670852355,99929292.1876837,4.515615984935752,projected
IRN,2060,1241628178088.91,12538.364797256114,99026324.25885606,3.363878009590862,projected
IRN,2065,1352525867397.8086,13870.041022056841,97514193.73936628,2.89842890046955,projected
IRN,2070,1463052117754.915,15324.453085872585,95471734.59023368,2.432979791348237,projected
IRQ,2012,147674239072.767,4387.904690587078,33654842.0,5.691415502972859,hist
IRQ,2013,158939252263.83398,4504.826875373551,35281989.0,5.42607747126251,hist
IRQ,2014,162537141323.775,4446.973432348632,36550059.0,5.235064649268044,hist
IRQ,2015,166774104959.102,4440.141892523682,37560535.0,5.091541905483799,hist
IRQ,2016,189767872908.426,4932.927291143894,38469627.0,4.968599100017802,hist
IRQ,2017,186314571374.74203,4736.327108098555,39337353.0,4.856434296317553,hist
IRQ,2018,191221819559.37796,4749.0092183689485,40265624.0,4.741970132659058,hist
IRQ,2019,201765390224.396,4898.148976522651,41192171.0,4.632858572232315,hist
IRQ,2020,177479307669.569,4213.998437660609,42116605.0,4.5287747830467096,hist
IRQ,2021,180145367592.772,4182.500640457311,43071211.0,4.314176949387296,hist
IRQ,2022,194483223959.197,4412.997331465109,44070551.0,4.104714567450134,hist
IRQ,2023,195490074355.087,4337.087053241811,45074049.0,3.9041808667357927,hist
IRQ,2024,192469260104.189,4180.296194773166,46042015.0,3.715246752318922,hist
IRQ,2025,192436268160.76837,4179.579633097474,46042015.0,3.6083923283076693,projected
IRQ,2030,242510907007.89865,4767.775176229345,50864585.27176012,3.5413701943772744,projected
IRQ,2035,298169274989.5428,5356.132536050819,55668763.41887328,3.379585955320837,projected
IRQ,2040,345170542221.1276,5719.155059853228,60353415.60226658,3.458385258821055,projected
IRQ,2045,396734880418.95807,6130.001547825252,64720192.53562965,3.441308421836549,projected
IRQ,2050,453273271970.70087,6598.878365669581,68689441.87982585,3.0376872277538207,projected
IRQ,2055,511088439750.83356,7064.802465785661,72342920.02161402,2.4203586186808543,projected
IRQ,2060,577752939346.6627,7632.3817575768935,75697594.49900551,1.8030300096078882,projected
IRQ,2065,659666300487.0822,8378.244513701955,78735622.88713945,1.5535504775623565,projected
IRQ,2070,758047942471.227,9302.091073545518,81492208.20112815,1.3040709455168245,projected
ISL,2012,16156200535.1964,50375.41168883498,320716.0,12.67640305953694,hist
ISL,2013,16737332122.853,51696.08765289841,323764.0,12.327531335021977,hist
ISL,2014,17057653878.2213,52102.57579194376,327386.0,11.964153710487505,hist
ISL,2015,17700486957.1907,53505.69640793405,330815.0,11.61550110536484,hist
ISL,2016,18801118749.2807,56049.29286481506,335439.0,11.233838550916486,hist
ISL,2017,19456350341.8065,56657.980028557075,343400.0,10.756998081509849,hist
ISL,2018,20363166145.0836,57731.65234018842,352721.0,10.262044824946882,hist
ISL,2019,20594942207.763195,57118.84527187536,360563.0,9.832745689961797,hist
ISL,2020,19226227440.8995,52464.30728586379,366463.0,9.47165158752535,hist
ISL,2021,20222255991.4032,54285.02091539568,372520.0,8.642181967259837,hist
ISL,2022,22005999303.4513,57606.87560948815,382003.0,7.76894788043017,hist
ISL,2023,23147265109.0917,60019.408418986786,385663.0,7.042773529979021,hist
ISL,2024,22922580053.4796,59307.177775971395,386506.0,6.376389858415216,hist
ISL,2025,23059920943.134335,59662.51738170775,386506.0,5.72536703011328,projected
ISL,2030,26311301684.26537,64539.27265061639,407678.9310394263,4.582767688329383,projected
ISL,2035,29984142106.13748,70106.78720541047,427692.42895534466,2.7336782682419387,projected
ISL,2040,34228620290.59408,76498.48008190838,447441.8348435792,1.1201698512158307,projected
ISL,2045,38689233189.36222,82855.1467783225,466950.2703661197,0.19373258831947837,projected
ISL,2050,43501287712.94333,89569.12258185215,485672.8128958723,0.10229561461580261,projected
ISL,2055,48462783842.09569,96332.48862810881,503078.29198917584,0.06102982664917,projected
ISL,2060,53695098579.84995,103464.79054670711,518969.7702583216,0.01976403868253766,projected
ISL,2065,59364006137.02838,111413.22846993666,532827.267931177,0.020318616702536055,projected
ISL,2070,65376744239.38596,119946.83986190554,545047.6587349365,0.020873194722534707,projected
ISR,2012,274800159647.141,34738.65870009999,7910500.0,7.488952941311192,hist
ISR,2013,286027695014.037,35489.50865612469,8059500.0,7.3466295054548025,hist
ISR,2014,296827610046.146,36129.31461058047,8215700.0,7.203154783668316,hist
ISR,2015,303469434072.296,36213.104148195845,8380100.0,7.0581206683875575,hist
ISR,2016,317003511449.31,37093.78790654224,8546000.0,6.917453226085347,hist
ISR,2017,330783435889.189,37963.04911906958,8713300.0,6.781053507522542,hist
ISR,2018,344027669320.131,38729.64260369827,8882800.0,6.648146055755727,hist
ISR,2019,356792803355.853,39407.20160767098,9054000.0,6.518991610452591,hist
ISR,2020,349579824803.208,37935.54327171794,9215100.0,6.4016395153615875,hist
ISR,2021,382399686301.549,40804.968980253645,9371400.0,6.132502718091776,hist
ISR,2022,406350386042.279,42516.38880902736,9557500.0,5.853886858136749,hist
ISR,2023,413772459124.137,42011.621395485534,9849000.0,5.526135782410265,hist
ISR,2024,417380424316.47,41845.166056752285,9974400.0,5.304108417075255,hist
ISR,2025,417308879430.09937,41837.993205616316,9974400.0,5.151556651988303,projected
ISR,2030,493636879882.69183,45461.76236574608,10858287.364913745,5.055871845995628,projected
ISR,2035,579325691209.9681,49338.496068261025,11741859.549355878,4.824898992417663,projected
ISR,2040,673733721272.0654,53318.051288293624,12636128.00905176,4.937397589904976,projected
ISR,2045,778476313563.5743,57548.82592208421,13527231.895530924,4.913017676315118,projected
ISR,2050,896228337377.8563,62263.28813961157,14394169.729171123,4.33678392508233,projected
ISR,2055,1015032567513.7214,66654.68157000928,15228226.189147783,3.4554486895581937,projected
ISR,2060,1143978201881.0198,71358.88283694033,16031335.643175414,2.574113454034057,projected
ISR,2065,1291065009378.4224,76623.72337666649,16849416.244520146,2.217941556438086,projected
ISR,2070,1453196711744.1267,82184.05923698378,17682221.165952962,1.8617696588421144,projected
ITA,2012,1863124632394.25,30953.414744742702,60191247.0,6.814930064390819,hist
ITA,2013,1829252558793.3398,30330.022159966768,60311613.0,6.677006614494866,hist
ITA,2014,1829227175768.29,30325.02877939229,60320707.0,6.551696071304924,hist
ITA,2015,1845428048839.1,30639.882975143206,60229605.0,6.437114093785213,hist
ITA,2016,1868241619489.51,31077.67926752114,60115223.0,6.324633268797773,hist
ITA,2017,1898202609462.08,31635.52277107999,60002252.0,6.2115775168801655,hist
ITA,2018,1913894038926.83,31819.397183006644,60148658.0,6.0717986363678955,hist
ITA,2019,1922107755078.16,32180.434101742834,59729081.0,5.988915847577493,hist
ITA,2020,1751650987235.43,29469.798923862607,59438851.0,5.892010595906718,hist
ITA,2021,1908092024820.83,32267.709105020123,59133173.0,5.493130231620329,hist
ITA,2022,2000084512919.56,33891.88665262167,59013667.0,5.074046672872392,hist
ITA,2023,2019599234310.29,34239.65547512389,58984216.0,4.646157899136332,hist
ITA,2024,2033588532657.24,34495.25457996363,58952704.0,4.217989076297128,hist
ITA,2025,2027723773747.5337,34395.772138756074,58952704.0,3.7873367417988546,projected
ITA,2030,2150607837422.1738,36412.8678951931,59061753.76277016,3.0315059897208134,projected
ITA,2035,2277689407038.7637,38518.18579210371,59132831.93897709,1.8083312547675938,projected
ITA,2040,2419871930825.5957,40926.6067774541,59127108.77752684,0.7409936187935766,projected
ITA,2045,2558702304480.9243,43394.32216820458,58963988.29696917,0.12815432547241165,projected
ITA,2050,2738315278237.8486,46724.17504678147,58605963.09075923,0.06766866433568362,projected
ITA,2055,2913142623659.0527,50180.01468748915,58053841.590153135,0.04037129909721158,projected
ITA,2060,3114050643807.979,54287.999947765835,57361675.63373523,0.013073933858739532,projected
ITA,2065,3321598707196.3257,58780.32356803094,56508683.61335213,0.013440787843870481,projected
ITA,2070,3515782583792.394,63253.141660892645,55582734.57215624,0.013807641829001429,projected
JAM,2012,14649543756.5624,5284.008525575903,2772430.0,2.676830856551357,hist
JAM,2013,14725382395.3111,5289.884385461117,2783687.0,2.693202502052649,hist
JAM,2014,14826961375.6345,5307.1916538080195,2793749.0,2.710601208281127,hist
JAM,2015,14963589915.5912,5339.307182568062,2802534.0,2.729118018456491,hist
JAM,2016,15376650479.9803,5472.283140230327,2809915.0,2.7488919267805962,hist
JAM,2017,15729242259.4032,5586.136572313305,2815764.0,2.770068542726753,hist
JAM,2018,16124965549.2249,5717.876211075328,2820097.0,2.79265780639645,hist
JAM,2019,16416735750.8852,5814.792753116934,2823271.0,2.816333438606483,hist
JAM,2020,15053421189.293,5317.841450339646,2830739.0,2.8356479157035386,hist
JAM,2021,15912170664.5422,5607.453782538776,2837682.0,2.8154852661601066,hist
JAM,2022,16936803585.151299,5965.461274648732,2839144.0,2.8008176326543386,hist
JAM,2023,17401946531.631,6127.907712634333,2839786.0,2.786969614133528,hist
JAM,2024,17308839319.813396,6096.432703096286,2839175.0,2.7743517072525714,hist
JAM,2025,17335452537.271107,6105.806277271076,2839175.0,2.7611340351460703,projected
JAM,2030,18999229546.006577,6664.391416757271,2850857.3938550465,2.6713977198287173,projected
JAM,2035,20825405660.746372,7314.023338068587,2847325.568726683,2.630245581052574,projected
JAM,2040,23092735805.454296,8158.898409746511,2830374.230161761,2.725157038741446,projected
JAM,2045,25788542835.301014,9205.071475288942,2801558.130703328,2.793662996921659,projected
JAM,2050,28903827769.802925,10480.361662710402,2757903.658291111,3.0549233621488594,projected
JAM,2055,32162125464.696007,11913.757625929506,2699578.6278795255,3.1021596706078114,projected
JAM,2060,35496401494.12334,13481.791886324518,2632914.2144769127,3.149395979066763,projected
JAM,2065,39100039631.997246,15221.649679001905,2568712.3575006006,3.276799754885357,projected
JAM,2070,43257188108.7673,17234.7571052782,2509880.925186909,3.404203530703952,projected
JOR,2012,35488605511.9193,4677.4761397719185,7587127.0,2.883042984849577,hist
JOR,2013,36414839440.0743,4556.520237167118,7991809.0,2.7356124854475414,hist
JOR,2014,37647146046.4738,4282.118728492386,8791710.0,2.4854063306127303,hist
JOR,2015,38587017887.323906,4042.756780975542,9544729.0,2.288116393887188,hist
JOR,2016,39356512808.3494,3933.1470461106815,10006367.0,2.1814041109335367,hist
JOR,2017,40330034782.848495,3940.701991811447,10234226.0,2.131710724241276,hist
JOR,2018,41103996749.7366,3928.770268212056,10462306.0,2.0841379068541976,hist
JOR,2019,41823826702.478,3919.0642691607322,10671891.0,2.0421280293162036,hist
JOR,2020,41362613665.9359,3806.8794935491364,10865228.0,2.0047298543672114,hist
JOR,2021,42874683401.0676,3874.327140846327,11066356.0,1.9175249447173666,hist
JOR,2022,44009762839.5016,3909.8022886904478,11256263.0,1.8352609927592172,hist
JOR,2023,45279041100.7738,3958.2304395218275,11439213.0,1.7567945573838861,hist
JOR,2024,46405988481.4729,4016.8342914329646,11552876.0,1.6908788660218588,hist
JOR,2025,46398033841.10305,4016.145749430969,11552876.0,1.6422474023946332,projected
JOR,2030,63094963280.49968,4949.463022663125,12747840.117522605,1.6117443652147048,projected
JOR,2035,84343135163.96075,6060.943270315404,13915843.030085254,1.538113306791677,projected
JOR,2040,110062644694.15291,7314.33456781963,15047526.69892732,1.5739763559586262,projected
JOR,2045,140708439162.7555,8726.726051474338,16123851.984443065,1.5662043653801865,projected
JOR,2050,176779260273.97974,10312.011653046648,17143043.10563409,1.3825087477130649,projected
JOR,2055,215942806710.99255,11943.248554018715,18080742.91800041,1.1015508549915036,projected
JOR,2060,259618423166.08115,13719.923842152608,18922730.632690445,0.820592962269942,projected
JOR,2065,307851022660.2334,15686.898463483014,19624722.08109647,0.7070501220864429,projected
JOR,2070,358916634750.00165,17797.57781361626,20166600.11315742,0.5935072819029433,projected
JPN,2012,4277925608846.4907,33518.44493685989,127629000.0,11.604621833595813,hist
JPN,2013,4363702302793.37,34239.88624734882,127445000.0,11.555120012554434,hist
JPN,2014,4376627829634.98,34386.905855267134,127276000.0,11.50411907979509,hist
JPN,2015,4444930651964.18,34960.63938433849,127141000.0,11.449919774109063,hist
JPN,2016,4478437728050.46,35242.199377148005,127076000.0,11.389327961220058,hist
JPN,2017,4553466417290.11,35861.97285456723,126972000.0,11.332153781936174,hist
JPN,2018,4582763011478.55,36138.52908248141,126811000.0,11.279953789497759,hist
JPN,2019,4564332550096.38,36043.78440135178,126633000.0,11.229128347271248,hist
JPN,2020,4374056271824.01,34642.9718743239,126261000.0,11.195335059915571,hist
JPN,2021,4492005937826.88,35741.16010629242,125681593.0,11.01757359170328,hist
JPN,2022,4534320578755.85,36238.32948953026,125124989.0,10.836190363221531,hist
JPN,2023,4601203385713.7,36952.51507098609,124516650.0,10.657612455844259,hist
JPN,2024,4606002855955.13,37152.563600355184,123975371.0,10.471613753025187,hist
JPN,2025,4607897362959.722,37167.844917840346,123975371.0,10.239083696712632,projected
JPN,2030,4829765907354.338,39747.01127813952,121512681.13108829,8.030078812992622,projected
JPN,2035,4995289668681.493,42066.29279152923,118748036.42519648,7.028206433034187,projected
JPN,2040,5108376753272.28,44111.70207282182,115805478.21163452,6.379900246477181,projected
JPN,2045,5249833955816.231,46569.530644883765,112731090.1166016,6.150662779625802,projected
JPN,2050,5425690502467.711,49502.90455290705,109603477.8458083,5.594687835215271,projected
JPN,2055,5569150909352.217,52297.7179221044,106489367.6172882,4.623136800292375,projected
JPN,2060,5727404190761.508,55416.059154688286,103352787.58769262,3.6515857653694783,projected
JPN,2065,5894498728471.213,58943.225788885575,100002988.46186814,3.2608065355174456,projected
JPN,2070,6056425743267.57,62764.18935036234,96494924.98754954,2.8700273056654133,projected
KAZ,2012,164960327499.374,9531.91477617056,17306106.0,12.734707940641112,hist
KAZ,2013,174857947143.911,9959.725869305345,17556502.0,12.719811707517717,hist
KAZ,2014,182201980933.864,10226.710053968267,17816285.0,12.698640253315425,hist
KAZ,2015,184388404706.042,10196.122625598224,18084169.0,12.672398054255149,hist
KAZ,2016,186416677156.152,10151.423313301968,18363600.0,12.638969604614713,hist
KAZ,2017,194059760924.352,10404.27186463171,18651931.0,12.600527871038356,hist
KAZ,2018,202016211108.85696,10670.212014827921,18932727.0,12.568256574822305,hist
KAZ,2019,211106940610.612,10989.684071838832,19209555.0,12.539518212678397,hist
KAZ,2020,205829267103.2,10565.035981623558,19482117.0,12.51433604278369,hist
KAZ,2021,214679925583.069,10873.391527527625,19743603.0,12.691862812166603,hist
KAZ,2022,221549683201.099,11058.348241340722,20034609.0,12.845793118544671,hist
KAZ,2023,232848717043.771,11453.395272536283,20330104.0,12.992446283402451,hist
KAZ,2024,244491152895.88797,11872.784262629857,20592571.0,13.155964152656678,hist
KAZ,2025,244591715187.35883,11877.667688379408,20592571.0,13.485080013471341,projected
KAZ,2030,297977952796.75055,14081.247597456437,21161331.81626433,12.903894086289581,projected
KAZ,2035,347214603580.78925,16015.243358361888,21680257.72767926,12.90131985143687,projected
KAZ,2040,387982633219.1149,17504.656981863747,22164537.906746563,12.590184224622444,projected
KAZ,2045,418208755346.03394,18532.70258713652,22565988.60202457,12.976863292736718,projected
KAZ,2050,437242653791.2057,19143.39470646866,22840392.756644093,12.571658501098874,projected
KAZ,2055,446503806076.478,19408.645127414075,23005408.319090035,12.693861088434168,projected
KAZ,2060,459851250983.07336,19903.81441422676,23103674.572768472,12.816063675769463,projected
KAZ,2065,480118483603.40704,20756.06791149252,23131475.84844662,12.558786675789573,projected
KAZ,2070,501387251955.58813,21723.338530295117,23080579.960412588,12.301509675809676,projected
KEN,2012,61281315911.57941,1396.3017870975646,43888303.0,0.2953761962498299,hist
KEN,2013,63608687382.876396,1413.9414252258268,44986791.0,0.31592584587773775,hist
KEN,2014,66801914096.6185,1450.5933820227663,46051440.0,0.3357423785227997,hist
KEN,2015,70120446896.8359,1489.1195977728398,47088526.0,0.3548709509403628,hist
KEN,2016,73074983895.0953,1517.9779605774193,48139687.0,0.3730659902296415,hist
KEN,2017,75879571212.38849,1542.3377397337206,49197766.0,0.3904285003510119,hist
KEN,2018,80165208728.3956,1596.6904591494506,50207107.0,0.40745506408086807,hist
KEN,2019,84264984851.3549,1645.7096177786218,51202827.0,0.4239232728302287,hist
KEN,2020,84035138346.85901,1609.33414078281,52217334.0,0.43960497868389836,hist
KEN,2021,90413816676.9795,1698.895782714436,53219166.0,0.5081624165249038,hist
KEN,2022,94807911027.625,1747.5319880442844,54252461.0,0.5738534146865706,hist
KEN,2023,100230916344.516,1811.216518384258,55339003.0,0.6364758685659733,hist
KEN,2024,104966566488.391,1860.0228704777658,56432944.0,0.6965952369949014,hist
KEN,2025,104968866270.39778,1860.0636229504132,56432944.0,0.7690525590867632,projected
KEN,2030,139176218576.56232,2265.7030091571323,61427388.32674168,0.8794260317165095,projected
KEN,2035,182301437726.45786,2747.976030474702,66340257.59495654,1.0388772203697187,projected
KEN,2040,236870020246.9897,3336.225797151553,70999397.11791322,1.3967816387534204,projected
KEN,2045,307715615679.5522,4086.472153895538,75301043.07359934,1.5345380528083028,projected
KEN,2050,399696760561.3319,5051.136337919495,79130067.73560232,1.6515672122297926,projected
KEN,2055,510810319387.7885,6197.141205675876,82426767.832875,1.7120575882059246,projected
KEN,2060,647699767156.2949,7591.074745805106,85323855.82347472,1.7725479641820565,projected
KEN,2065,814595209541.905,9261.578202909472,87954254.84676085,1.7098948444015254,projected
KEN,2070,1012196674069.9808,11215.793764266426,90247439.93553488,1.6472417246209945,projected
KGZ,2012,5572083788.24116,985.8472865972008,5652076.0,1.7123898635878672,hist
KGZ,2013,6180302892.03129,1069.7840443871614,5777150.0,1.6975685532063258,hist
KGZ,2014,6429000667.90909,1088.582142295076,5905848.0,1.6823424313804884,hist
KGZ,2015,6678177511.66313,1105.651938442607,6040036.0,1.6662498700688646,hist
KGZ,2016,6967733666.77765,1128.3161612818035,6175338.0,1.65055900045292,hist
KGZ,2017,7297999868.503009,1157.1827575806744,6306696.0,1.636563778128295,hist
KGZ,2018,7572252145.25549,1175.0712778746956,6444079.0,1.6216220735025553,hist
KGZ,2019,7920623120.268601,1201.8770142972055,6590211.0,1.605170345277555,hist
KGZ,2020,7354379549.419779,1093.3285646142238,6726596.0,1.591735520142671,hist
KGZ,2021,7759385792.10421,1132.5546781282017,6851224.0,1.6062232370071592,hist
KGZ,2022,8455209116.531329,1212.1781272176834,6975220.0,1.620340089435554,hist
KGZ,2023,9217301873.9258,1298.2572448221135,7099750.0,1.6338409108101262,hist
KGZ,2024,10050558458.413702,1391.6840432992824,7221868.0,1.647426318843784,hist
KGZ,2025,10054692379.732298,1392.2564604797954,7221868.0,1.688639119727368,projected
KGZ,2030,12967087892.632687,1753.8482660433194,7393506.122332024,1.6158614060249856,projected
KGZ,2035,16605394076.963036,2203.0489813858835,7537460.227741733,1.6155390531971703,projected
KGZ,2040,20809871481.805374,2723.436422315563,7641034.4340302525,1.5765777870827031,projected
KGZ,2045,25609923491.12567,3330.0055555248055,7690654.884535042,1.6249988124340689,projected
KGZ,2050,30990697852.74494,4028.889459628901,7692119.17161894,1.5742579446025768,projected
KGZ,2055,36480282381.42027,4766.339795411348,7653730.943929046,1.5895604915136918,projected
KGZ,2060,42460334168.78117,5598.095171559579,7584782.478242881,1.6048630384248064,projected
KGZ,2065,49115537874.41749,6542.834926286338,7506767.086097812,1.5726460989377484,projected
KGZ,2070,56143694604.59698,7567.977597750255,7418586.257613515,1.54042915945069,projected
KHM,2012,19357661918.8519,1295.2527147789322,14945085.0,6.1277137503295025,hist
KHM,2013,20878690156.7817,1376.295575959255,15170208.0,5.77658881625022,hist
KHM,2014,22549052336.9265,1464.531158669265,15396772.0,5.435224012646029,hist
KHM,2015,24174170369.073795,1547.320104443934,15623251.0,5.103787675835358,hist
KHM,2016,26085259688.3373,1645.4667157812596,15852803.0,4.780896282438434,hist
KHM,2017,28191654621.9478,1753.93530504662,16073372.0,4.469719107327028,hist
KHM,2018,30665817313.8491,1884.2837481708586,16274522.0,4.17193874979687,hist
KHM,2019,33099747942.811,2008.3209400670603,16481304.0,3.8801031753839417,hist
KHM,2020,31922812945.0881,1908.634275183358,16725474.0,3.5874625139780476,hist
KHM,2021,32909177695.673,1938.7643674172816,16974305.0,3.8974324037880663,hist
KHM,2022,34597385966.83139,2011.2743331326205,17201724.0,4.203671775808584,hist
KHM,2023,36329791405.1421,2085.0574846212266,17423880.0,4.503279235699308,hist
KHM,2024,38500536184.9646,2182.718439023412,17638801.0,4.7973097686505906,hist
KHM,2025,38516371940.55655,2183.6162186169313,17638801.0,5.146210770213414,projected
KHM,2030,49230877045.01262,2712.625415283439,18148792.961843036,5.2663225884226605,projected
KHM,2035,60879341837.1053,3283.540571173069,18540761.265926953,2.7115981552887543,projected
KHM,2040,74277827800.40434,3943.889516510912,18833648.22707219,2.9503004936942263,projected
KHM,2045,90335137436.45941,4739.354226976271,19060642.67622672,3.058076188828159,projected
KHM,2050,108929481589.89378,5676.529441100048,19189450.652930018,3.2372914528521206,projected
KHM,2055,128958644504.54587,6715.673950770387,19202636.31764797,3.2310410576229858,projected
KHM,2060,150842628968.2806,7894.397676994165,19107553.88062928,3.2247906623938514,projected
KHM,2065,175982535601.28522,9291.56971173407,18940022.09110498,3.1346148207518603,projected
KHM,2070,204301034837.13693,10905.310565080945,18734086.81191653,3.0444389791098683,projected
KIR,2012,157815476.89625198,1405.5028044623632,112284.0,,hist
KIR,2013,170016068.140692,1493.491348589153,113838.0,,hist
KIR,2014,172164497.744547,1492.8506819324957,115326.0,,hist
KIR,2015,191559398.688293,1639.8527474065231,116815.0,,hist
KIR,2016,205137185.569867,1731.4369382490167,118478.0,,hist
KIR,2017,212828045.375187,1769.5119133251883,120275.0,,hist
KIR,2018,220233266.963344,1803.9486498095082,122084.0,,hist
KIR,2019,227422251.871424,1835.2196308246705,123921.0,,hist
KIR,2020,224083567.264516,1777.044760581099,126099.0,,hist
KIR,2021,243085266.381389,1893.5266159934333,128377.0,,hist
KIR,2022,254185331.934612,1948.2431223862527,130469.0,,hist
KIR,2023,260926354.57991496,1968.8097380209383,132530.0,,hist
KIR,2024,274669078.171778,2041.876017869564,134518.0,,hist
KNA,2012,835799755.490721,17770.4963640576,47033.0,,hist
KNA,2013,883668355.018065,18773.892689839704,47069.0,,hist
KNA,2014,950623606.0363419,20187.80619754809,47089.0,,hist
KNA,2015,957222222.222222,20328.80035301085,47087.0,,hist
KNA,2016,994866931.117104,21133.657591441402,47075.0,,hist
KNA,2017,997065001.528822,21191.604708370287,47050.0,,hist
KNA,2018,1017041453.06618,21635.497214648145,47008.0,,hist
KNA,2019,1046924638.7838101,22297.76449956999,46952.0,,hist
KNA,2020,886725390.821136,18918.826345661106,46870.0,,hist
KNA,2021,889985054.357552,19031.821191060284,46763.0,,hist
KNA,2022,983259885.9570268,21050.75865372898,46709.0,,hist
KNA,2023,1012966873.6456599,21664.033398469994,46758.0,,hist
KNA,2024,1016129628.26613,21692.240639287193,46843.0,,hist
KOR,2012,1402787524457.73,27944.056419004453,50199853.0,17.9150652094539,hist
KOR,2013,1448958816285.78,28732.71115203302,50428893.0,18.094850109043637,hist
KOR,2014,1495538208413.16,29470.673299165566,50746659.0,18.24106055927741,hist
KOR,2015,1539212301135.55,30171.790654522294,51014947.0,18.403282865313965,hist
KOR,2016,1588028842393.05,31005.40728763883,51217803.0,18.58752356089932,hist
KOR,2017,1642548917819.5903,31979.902730246744,51361911.0,18.79178015786835,hist
KOR,2018,1694718171579.2502,32852.88874889411,51585058.0,18.96578966723271,hist
KOR,2019,1733930596323.25,33496.3113815643,51764822.0,19.154339601515485,hist
KOR,2020,1721788880530.99,33215.9298928109,51836239.0,19.38201187782933,hist
KOR,2021,1801214449834.76,34792.939721459756,51769539.0,19.17884375984109,hist
KOR,2022,1850343736945.76,35809.013810514436,51672569.0,18.986267162370037,hist
KOR,2023,1879634949821.72,36347.70363925525,51712619.0,18.743171758521843,hist
KOR,2024,1917295522781.86,37048.42640014964,51751065.0,18.5010260175322,hist
KOR,2025,1918084130585.9287,37063.6648846923,51751065.0,18.27280462730574,projected
KOR,2030,2177184039750.6753,42053.385705140056,51771908.56917294,16.030475894554055,projected
KOR,2035,2408310582111.5913,46817.81175901827,51440050.092637904,13.993943892748874,projected
KOR,2040,2601128767929.817,51306.70487955908,50697638.33081635,13.594431341654515,projected
KOR,2045,2777982870079.5645,56028.68263883722,49581441.848035865,12.606101922733378,projected
KOR,2050,2948295854097.0264,61235.7104519306,48146675.07469205,11.245668084318652,projected
KOR,2055,3077485976826.281,66191.19038207245,46493890.789125346,10.341283797734404,projected
KOR,2060,3169775092788.6987,70863.72456214961,44730574.24477754,9.436899511150157,projected
KOR,2065,3248758763898.597,75719.60837450981,42905118.418339,8.547055021959451,projected
KOR,2070,3328086612827.1104,81041.38054452537,41066509.36182669,7.657210532768746,projected
KWT,2012,112054550468.936,33578.330965196525,3337109.0,28.453903845849943,hist
KWT,2013,113342578898.914,32311.180000853517,3507844.0,27.054728644660322,hist
KWT,2014,113910328503.346,31073.153730062335,3665876.0,25.87478585922689,hist
KWT,2015,114585555688.511,29882.21264956968,3834574.0,24.72341006462742,hist
KWT,2016,117938415952.58,29454.442638882785,4004096.0,23.664201448676057,hist
KWT,2017,112380895138.2,27048.370693595763,4154812.0,22.79374453104434,hist
KWT,2018,115463874454.86201,26706.019166086393,4323515.0,21.892768324198425,hist
KWT,2019,118077765349.788,26580.226474160776,4442316.0,21.29603143492632,hist
KWT,2020,112389586345.299,25541.537898790913,4400267.0,21.48817108565356,hist
KWT,2021,114268886945.818,26203.261725785593,4360865.0,21.123058297478146,hist
KWT,2022,121991940635.83298,26579.83216468753,4589643.0,19.538757399281067,hist
KWT,2023,119958083706.27802,24716.196765637018,4853420.0,17.97434317042108,hist
KWT,2024,116887023610.314,23867.82650029496,4897263.0,17.315417230820888,hist
KWT,2025,116866987527.3184,23863.735218492126,4897263.0,16.817407527008065,projected
KWT,2030,140492548731.57526,26066.068863088713,5389863.330351361,16.505041676212183,projected
KWT,2035,165691601827.28738,28186.163103168008,5878473.108270076,15.751024032865995,projected
KWT,2040,192369237193.49744,30305.17522401168,6347735.519479116,16.11827899830072,projected
KWT,2045,216288979005.95197,31921.19637894866,6775716.562697189,16.038690056547424,projected
KWT,2050,239704540847.96677,33515.457912617596,7152059.251970565,14.157558103634104,projected
KWT,2055,259005688292.0263,34637.05187315717,7477705.93295641,11.28041342193864,projected
KWT,2060,277114217287.0674,35713.529091612596,7759362.469505941,8.403268740243174,projected
KWT,2065,294155329763.69525,36863.07035491958,7979675.239516194,7.24053515189617,projected
KWT,2070,308996474545.70844,37976.31203940762,8136558.237278704,6.077801563549167,projected
LAO,2012,11568812077.4386,1774.635852036715,6518978.0,18.137691525776106,hist
LAO,2013,12497359667.4702,1890.2786129487542,6611385.0,17.11335700574225,hist
LAO,2014,13448654116.2974,2006.311954444463,6703172.0,16.118752672241985,hist
LAO,2015,14426380125.6488,2121.0133909736246,6801645.0,15.136125359025062,hist
LAO,2016,15439521179.3987,2234.76098741847,6908802.0,14.163719143734964,hist
LAO,2017,16503694943.2856,2351.574417475952,7018147.0,13.21689484813624,hist
LAO,2018,17534839203.1116,2459.9787463619546,7128045.0,12.298167408854908,hist
LAO,2019,18491844275.7106,2554.9563801924555,7237636.0,11.40782300849885,hist
LAO,2020,18584864138.19,2529.746226987614,7346533.0,10.54503536130961,hist
LAO,2021,19054754737.3799,2556.5891264040492,7453194.0,11.460216847025952,hist
LAO,2022,19570648221.6862,2589.0501519162767,7559007.0,12.350959407482692,hist
LAO,2023,20303702352.295,2648.887266080347,7664993.0,13.216810216630634,hist
LAO,2024,21142284373.3842,2721.0781066308236,7769819.0,14.06114183196894,hist
LAO,2025,21150980461.31356,2722.1973203382936,7769819.0,15.083787169643442,projected
LAO,2030,27416635652.486244,3373.7792282286982,8126386.997432706,15.43584058978582,projected
LAO,2035,34270963196.474457,4072.6628744953855,8414878.484318623,7.9478224445667545,projected
LAO,2040,42052374502.77726,4862.2180031401285,8648804.820273155,8.647470288421978,projected
LAO,2045,51040485965.216446,5774.871692224882,8838375.757150736,8.963365948364643,projected
LAO,2050,61470746704.97038,6837.731515894066,8989932.781374026,9.488654363626498,projected
LAO,2055,72188100575.38068,7940.144206832463,9091535.2032603,9.470334159582753,projected
LAO,2060,83585337985.19713,9156.258718122761,9128765.422470937,9.45201395553901,projected
LAO,2065,96260668061.35986,10560.817917058748,9114887.579481063,9.187704298607711,projected
LAO,2070,110301436887.06207,12175.349914429531,9059405.903097626,8.92339464167641,projected
LBN,2012,46707037069.304596,8920.805698467304,5235742.0,3.4456708951213577,hist
LBN,2013,48494923363.2625,8443.538565287834,5743436.0,3.139434656274002,hist
LBN,2014,49699566407.4833,7830.415111333608,6346990.0,2.8393994988520506,hist
LBN,2015,49929337836.8159,7714.109999880401,6472469.0,2.782885236830986,hist
LBN,2016,50705514062.8608,8019.14169134261,6323060.0,2.8471399333034095,hist
LBN,2017,51163399287.7034,8305.574054257217,6160128.0,2.920902751923451,hist
LBN,2018,50199119756.20079,8388.723512383493,5984119.0,3.0052265050424203,hist
LBN,2019,46727888410.6848,8064.048734162358,5794594.0,3.101879308344154,hist
LBN,2020,36728167162.8739,6440.828430929217,5702398.0,3.1503640099450148,hist
LBN,2021,34156740537.1604,5973.41933892988,5718122.0,3.0606650437617247,hist
LBN,2022,33944395264.1769,5909.036515550278,5744489.0,2.965952726717264,hist
LBN,2023,33686219465.2748,5834.634157393938,5773493.0,2.870794076468054,hist
LBN,2025,,,5805962.0,2.695119755949948,projected
LBN,2030,,,5952275.115636882,2.6450607100350467,projected
LBN,2035,,,6058583.406995589,2.524223545112121,projected
LBN,2040,,,6127776.9785048645,2.5830789965973913,projected
LBN,2045,,,6162551.961389678,2.570324252506783,projected
LBN,2050,,,6166605.197565694,2.268858293398437,projected
LBN,2055,,,6144919.424462015,1.8077735834090545,projected
LBN,2060,,,6096287.4469018355,1.3466888734196722,projected
LBN,2065,,,6016451.875708371,1.16035181404664,projected
LBN,2070,,,5910031.63108168,0.9740147546736075,projected
LBR,2012,2949005327.42991,674.3600114222317,4373043.0,0.11234523246142063,hist
LBR,2013,3205193907.94462,717.0072803589741,4470239.0,0.12126014582694075,hist
LBR,2014,3227674916.86578,707.1576949301414,4564293.0,0.1298849862714263,hist
LBR,2015,3227075700.0,692.590082351257,4659431.0,0.13812940555751474,hist
LBR,2016,3176896008.3099995,668.0315131756023,4755608.0,0.14601197888655795,hist
LBR,2017,3254893758.7341504,671.2608998353553,4848925.0,0.1536726254811603,hist
LBR,2018,3292571599.13518,665.8754396371367,4944726.0,0.16096308190458375,hist
LBR,2019,3211334057.9282794,636.6993848248702,5043721.0,0.16787003816353327,hist
LBR,2020,3115556299.79146,605.025475431411,5149463.0,0.17428243243590713,hist
LBR,2021,3270920145.66908,621.9279830634247,5259323.0,0.1768420870535086,hist
LBR,2022,3428189426.39464,638.0051838582888,5373294.0,0.17915981783954799,hist
LBR,2023,3588757484.77383,653.3291883431624,5493031.0,0.1811908748864066,hist
LBR,2024,3733092094.5398,665.1013376241913,5612817.0,0.18313367620892843,hist
LBR,2025,3733173885.326309,665.1159097697839,5612817.0,0.18894336471824846,projected
LBR,2030,5679228290.32825,889.765151174628,6382839.654745735,0.21820983245880232,projected
LBR,2035,8364473024.012266,1169.9587267983698,7149374.4457994,0.2481450456898585,projected
LBR,2040,12053509526.229555,1524.9407158224885,7904247.949552847,0.31109143161685826,projected
LBR,2045,17247657167.85628,1996.280366735124,8639897.208458988,0.3902625678821396,projected
LBR,2050,24505023174.976036,2625.101014560271,9334887.70110466,0.4914647031543754,projected
LBR,2055,33968199954.882984,3406.153404889945,9972598.387999063,0.41902907839139253,projected
LBR,2060,46385876097.988266,4393.087950698971,10558831.650663389,0.3465934536284096,projected
LBR,2065,62336689877.30237,5626.609317920489,11078908.514007345,0.30503495140307546,projected
LBR,2070,82196815020.70457,7134.2775109310805,11521393.006476592,0.2634764491777413,projected
LBY,2012,77854953189.632,12599.258882136051,6179328.0,5.884681958944403,hist
LBY,2013,63842648630.664,10126.31492780605,6304628.0,5.68839588949578,hist
LBY,2014,49131511071.1064,7644.2484394740395,6427252.0,5.502049709580393,hist
LBY,2015,48717501321.3052,7458.489177563738,6531819.0,5.337395295246239,hist
LBY,2016,47991152062.80309,7236.16409923501,6632126.0,5.181255603406811,hist
LBY,2017,63584342257.9606,9435.60060040046,6738770.0,5.025038694004989,hist
LBY,2018,68633808773.51881,10020.916575136103,6849055.0,4.871098275601525,hist
LBY,2019,60949510655.8708,8768.410487458597,6951033.0,4.727680044102797,hist
LBY,2020,42996651437.74801,6102.798640325127,7045399.0,4.5933665360897225,hist
LBY,2021,55164567212.7209,7731.354481525807,7135175.0,4.087347542281724,hist
LBY,2022,50586008471.7998,7002.681892963583,7223805.0,3.594474103329201,hist
LBY,2023,55745806520.295,7630.496649281741,7305659.0,3.116436176394217,hist
LBY,2024,56804949261.2974,7696.080781931909,7381023.0,2.651320826394932,hist
LBY,2025,56806193838.543175,7696.2494004615855,7381023.0,2.218025875275013,projected
LBY,2030,67660599578.02561,8727.190873661866,7752849.7494218,2.6928245583301935,projected
LBY,2035,78870834246.65056,9726.356569243691,8108980.344814097,2.623023935841956,projected
LBY,2040,89738135591.48067,10609.065548480454,8458627.687933736,3.109961857590743,projected
LBY,2045,100244614987.74265,11410.069834118058,8785626.770486025,2.8024977025542395,projected
LBY,2050,111042048948.88971,12258.902734258161,9058074.067149317,2.0199909958280853,projected
LBY,2055,121611245890.87918,13145.85776781542,9250917.516285326,1.8520738927381746,projected
LBY,2060,133445804692.24089,14243.121162466734,9369140.595664898,1.684156789648264,projected
LBY,2065,146856620359.35355,15559.597985487995,9438329.993893327,1.7287508791125565,projected
LBY,2070,161022849496.0843,17006.96525077686,9468053.06659452,1.773344968576849,projected
LCA,2012,1815145417.37838,10517.277763553338,172587.0,,hist
LCA,2013,1782131987.48386,10279.415509600101,173369.0,,hist
LCA,2014,1805800308.13675,10369.938256651334,174138.0,,hist
LCA,2015,1807640740.74074,10334.986082391813,174905.0,,hist
LCA,2016,1869604354.1788197,10644.16129134065,175646.0,,hist
LCA,2017,1932793731.46772,10960.48435124769,176342.0,,hist
LCA,2018,1988589215.44077,11233.888357845686,177017.0,,hist
LCA,2019,1974662679.7946403,11114.778594033807,177661.0,,hist
LCA,2020,1493605760.01109,8379.274950973857,178250.0,,hist
LCA,2021,1666845859.70761,9336.921274171305,178522.0,,hist
LCA,2022,2006689780.75964,11224.289945573859,178781.0,,hist
LCA,2023,2051035272.37698,11440.082953827594,179285.0,,hist
LCA,2024,2130856442.55709,11854.951723323671,179744.0,,hist
LCA,2025,2134132742.3036606,11873.179312264447,179744.0,,projected
LCA,2030,2476830568.419318,13407.387432988195,184736.25684338788,,projected
LCA,2035,2864580089.2080817,15176.847268633948,188746.71652842688,,projected
LCA,2040,3314471678.3787746,17278.444852722296,191826.9674516781,,projected
LCA,2045,3822114432.2367234,19720.789517386354,193811.43076787313,,projected
LCA,2050,4396527072.35507,22586.545481240548,194652.47910560932,,projected
LCA,2055,5008980965.59293,25745.459574152275,194557.83848666688,,projected
LCA,2060,5678112625.211318,29328.345873461032,193604.9393890091,,projected
LCA,2065,6407236638.062624,33409.551495919004,191778.58879204863,,projected
LCA,2070,7189439303.214276,38004.84397631074,189171.6568471012,,projected
LKA,2012,73771125924.02751,3484.790490338841,21169458.0,5.648936118342693,hist
LKA,2013,76760144811.4596,3728.935866478484,20585000.0,5.5589358557703745,hist
LKA,2014,81655890649.0473,3929.9206203218455,20778000.0,5.259239256912488,hist
LKA,2015,85090301052.0465,4057.715834623104,20970000.0,4.965295754373972,hist
LKA,2016,89390445684.9413,4214.741179920849,21209000.0,4.666322347037424,hist
LKA,2017,95165677467.0656,4436.00789945768,21453000.0,4.372992558029702,hist
LKA,2018,97364084798.83258,4493.0357544454355,21670000.0,4.091351547600635,hist
LKA,2019,97149412680.2905,4455.781896082672,21803000.0,3.8299943459890957,hist
LKA,2020,92656723482.0524,4227.233153065943,21919000.0,3.5745766419405434,hist
LKA,2021,96555233343.7041,4357.972257794913,22156000.0,3.8990497816062617,hist
LKA,2022,89459202881.05762,4033.145614762978,22181000.0,4.256956336857756,hist
LKA,2023,87374939262.0939,3964.919873943545,22037000.0,4.649441850270703,hist
LKA,2024,91751304716.6408,4186.498663836503,21916000.0,5.041793739778657,hist
LKA,2025,91789043184.22357,4188.220623481638,21916000.0,5.408475686601688,projected
LKA,2030,115127283827.37009,5153.398957455428,22340068.133249283,5.534708730187521,projected
LKA,2035,139558167841.41016,6150.203564901582,22691633.92214375,2.8497885822319384,projected
LKA,2040,164930416944.45352,7186.511674775133,22949996.38327509,3.100655841900634,projected
LKA,2045,191712719356.5834,8310.741031176636,23068065.60779583,3.213924079982203,projected
LKA,2050,221564108573.15256,9609.296468734308,23057266.397602983,3.402272641947788,projected
LKA,2055,251750970729.0066,10972.747528917324,22943293.834615983,3.3957037095550273,projected
LKA,2060,284375063939.4869,12497.827541567356,22753959.677685175,3.3891347771622677,projected
LKA,2065,319332890407.50964,14182.181683036402,22516485.653929412,3.2943633290392187,projected
LKA,2070,353952402165.23285,15921.757629745825,22230736.73122377,3.1995918809161688,projected
LSO,2012,2210102550.34645,1086.390348162832,2034354.0,0.1757256639015187,hist
LSO,2013,2249719203.36981,1093.953234892716,2056504.0,0.1793271328594809,hist
LSO,2014,2288201773.07605,1100.0499368421495,2080089.0,0.18272570299030358,hist
LSO,2015,2359686724.53829,1121.198513425184,2104611.0,0.18596523708216928,hist
LSO,2016,2444845631.39553,1147.5874880167075,2130422.0,0.18901571724009847,hist
LSO,2017,2368122098.53455,1097.821668127518,2157110.0,0.1919151091633847,hist
LSO,2018,2333058897.5103,1068.44462913373,2183603.0,0.19476102565382652,hist
LSO,2019,2299976266.2734594,1040.9935101411736,2209405.0,0.19760049365060559,hist
LSO,2020,2112391171.3304098,944.8341283754277,2235727.0,0.20032780274490575,hist
LSO,2021,2160272945.18777,955.2212363015013,2261542.0,0.2208427043650958,hist
LSO,2022,2211855514.87917,967.519285983251,2286110.0,0.2410259459006937,hist
LSO,2023,2252257815.5338597,974.3824781497937,2311472.0,0.2606904167780627,hist
LSO,2024,2316549022.3524,991.0696619107453,2337423.0,0.27985750671513443,hist
LSO,2025,2316599777.1587925,991.0913759121873,2337423.0,0.3019188853649498,projected
LSO,2030,2940720167.6429687,1224.1103101924816,2402332.6518510934,0.3312380969693216,projected
LSO,2035,3724425621.9327173,1519.5215736524538,2451051.493122513,0.35283055045446493,projected
LSO,2040,4740434444.000131,1904.3247544308456,2489299.3870769306,0.45511751551113233,projected
LSO,2045,6078032772.955077,2412.0259391485365,2519886.9855855154,0.5074421280962043,projected
LSO,2050,7812122816.508649,3074.103523172857,2541268.6194918924,0.6019832312193507,projected
LSO,2055,9874574405.154615,3869.74859404369,2551735.381557743,0.5833459908528397,projected
LSO,2060,12368966317.64084,4844.486430534508,2553204.8639211757,0.5647087504863286,projected
LSO,2065,15376094476.296757,6039.578309311715,2545888.7506417735,0.5906686298235729,projected
LSO,2070,18929565560.004833,7473.750124693165,2532806.856555428,0.6166285091608174,projected
LTU,2012,37413912227.1865,12516.61840656674,2989139.0,4.25026937897595,hist
LTU,2013,38928020774.4147,13145.806930996945,2961250.0,4.197350276604272,hist
LTU,2014,40396597406.9714,13753.189598230523,2937253.0,4.137934679779376,hist
LTU,2015,41540954817.20391,14269.803987828662,2911109.0,4.080547515526772,hist
LTU,2016,42650896790.5078,14823.107153522038,2877325.0,4.032799959257029,hist
LTU,2017,44618059836.15029,15695.999328845588,2842639.0,3.985181969346387,hist
LTU,2018,46812540124.5928,16604.902144080872,2819200.0,3.9206836100852915,hist
LTU,2019,49002127329.2631,17431.723908159114,2811089.0,3.83408308272846,hist
LTU,2020,49023107998.6089,17443.655263279983,2810369.0,3.7371271617128126,hist
LTU,2021,52150790162.9131,18569.705724621705,2808380.0,3.512813178886819,hist
LTU,2022,53474129886.9706,18884.51525316984,2831639.0,3.2588625267234477,hist
LTU,2023,53657151896.4273,18685.552367917822,2871585.0,2.9915639541560313,hist
LTU,2024,55144866855.2473,19092.64511769549,2888278.0,2.753591630820038,hist
LTU,2025,54472214712.25263,18859.75474391753,2888278.0,2.532909255711579,projected
LTU,2030,58337802618.39607,20686.962365297943,2820027.4930773224,1.6368109906518638,projected
LTU,2035,62189405464.99435,22680.28726586653,2742002.5476744473,1.1638775914717998,projected
LTU,2040,66054789255.910774,24816.461973224035,2661732.737212147,0.9854560896623481,projected
LTU,2045,68399373613.80837,26467.996358272976,2584229.3722557924,0.5173784676519068,projected
LTU,2050,70923441680.86156,28283.300670038327,2507608.376698187,0.24715416664454773,projected
LTU,2055,71933481901.81458,29623.741705017248,2428237.547373413,0.13116896730466862,projected
LTU,2060,74128594956.74562,31609.45806042828,2345139.6988532,0.01518376796478954,projected
LTU,2065,77547696386.00746,34279.90269259769,2262191.2635345054,0.015412251477255582,projected
LTU,2070,80719352239.3177,36991.52465901947,2182103.95444288,0.015640734989721627,projected
LUX,2012,55477349891.7792,104487.74431256512,530946.0,19.902630636780692,hist
LUX,2013,57236974872.2606,105338.95552168101,543360.0,19.09242872977172,hist
LUX,2014,58738350400.0169,105583.93727342927,556319.0,18.300475128732547,hist
LUX,2015,60071584216.1375,105462.01258442269,569604.0,17.534536224594568,hist
LUX,2016,63062061883.63,108351.45182698354,582014.0,16.82877374119276,hist
LUX,2017,63892707251.4305,107142.12667259815,596336.0,16.10069133632577,hist
LUX,2018,64922207640.6436,106788.72874519878,607950.0,15.475387478035637,hist
LUX,2019,66707126419.27331,107591.9658504959,620001.0,14.863043391549958,hist
LUX,2020,66366885630.9508,105274.24717679956,630419.0,14.311024436663498,hist
LUX,2021,70965934440.7674,110873.18524517454,640064.0,13.07355714926572,hist
LUX,2022,70187142285.2316,107467.18708263719,653103.0,11.811130636420687,hist
LUX,2023,70256936375.5582,105422.82966786939,666430.0,10.593545339929037,hist
LUX,2024,70508886559.2138,104147.17399280044,677012.0,9.46191203367083,hist
LUX,2025,69749876232.04123,103026.05601088493,677012.0,8.495860573505645,projected
LUX,2030,75995673151.34525,105344.26171371587,721403.0637745745,6.800359717731992,projected
LUX,2035,82337394319.60275,107609.01708045285,765153.2980553479,4.056499661532852,projected
LUX,2040,87809930686.09033,108728.76264788223,807605.3525088162,1.6622177800164477,projected
LUX,2045,92841403052.4742,109446.30427692397,848282.6685272477,0.2874793965609032,projected
LUX,2050,97170183327.06207,109586.68679211468,886696.9717899526,0.15179625594059604,projected
LUX,2055,102953880728.94286,111622.40558751654,922340.6375006208,0.09056203651389488,projected
LUX,2060,108212777356.16048,113316.31272407889,954962.0416934557,0.02932781708719388,projected
LUX,2065,113324006300.89412,115391.53404153061,982082.5006114194,0.030150754291089522,projected
LUX,2070,117704050751.12663,117292.11598327025,1003512.0414053672,0.03097369149498532,projected
LVA,2012,24352854611.1188,11971.010746652222,2034319.0,3.3575818939588187,hist
LVA,2013,24863312429.9055,12353.538613530092,2012647.0,3.320211727975929,hist
LVA,2014,25384188823.064,12731.677195934159,1993782.0,3.2774073125420577,hist
LVA,2015,26344565876.8902,13321.975314061554,1977527.0,3.2295170883400783,hist
LVA,2016,27016796481.3321,13787.336744002334,1959537.0,3.183649388550993,hist
LVA,2017,27935083541.205,14382.861272713371,1942248.0,3.1357994986387983,hist
LVA,2018,29139005429.8548,15120.06981718039,1927174.0,3.0835419310199117,hist
LVA,2019,29335802338.5259,15328.385993329526,1913822.0,3.02773370256509,hist
LVA,2020,28318076614.1623,14900.729571886592,1900449.0,2.9711741292977005,hist
LVA,2021,30284070900.4111,16070.168003232226,1884490.0,2.814493112166266,hist
LVA,2022,30862052747.7596,16421.374859599986,1879383.0,2.639804311863377,hist
LVA,2023,30571453786.1231,16229.384452024515,1883710.0,2.4518225040687005,hist
LVA,2024,30557357896.8573,16374.773539624,1866124.0,2.2912956433954945,hist
LVA,2025,30184621984.237698,16175.035519739147,1866124.0,2.1076632706788483,projected
LVA,2030,33452747570.1314,18379.451375115532,1820116.7644984245,1.362009475176092,projected
LVA,2035,36160711517.732605,20365.795056772287,1775561.0039740626,0.9684760895321244,projected
LVA,2040,38617861339.90159,22263.216798286812,1734603.839588594,0.8200094813363661,projected
LVA,2045,40263041813.6649,23761.490655444173,1694466.1594469426,0.43051664438869996,projected
LVA,2050,42273364959.72177,25561.670042558657,1653779.4631312876,0.20565985854302118,projected
LVA,2055,43632299594.49316,27059.15222296588,1612478.441119126,0.10914722429061434,projected
LVA,2060,46036182502.39095,29305.506953584558,1570905.5153116863,0.012634590038207482,projected
LVA,2065,48996464119.89638,32093.372961672,1526684.7825066922,0.012824713828112067,projected
LVA,2070,51338572732.71462,34675.14066138747,1480558.4563895578,0.013014837618016702,projected
MAC,2012,52924239876.4531,93192.88585394101,567900.0,,hist
MAC,2013,58630357383.348305,99054.49802897162,591900.0,,hist
MAC,2014,57435035498.6827,92383.84349152759,621700.0,,hist
MAC,2015,44940613353.1038,69902.9605741232,642900.0,,hist
MAC,2016,44625350360.84791,68391.34154919219,652500.0,,hist
MAC,2017,49051541817.7349,75650.12618404519,648400.0,,hist
MAC,2018,52170812899.485,79178.650629056,658900.0,,hist
MAC,2019,50886936460.4335,75724.60782802604,672000.0,,hist
MAC,2020,23203378176.6445,33853.77615501094,685400.0,,hist
MAC,2021,28415367854.0484,41634.23861399033,682500.0,,hist
MAC,2022,23028683194.510296,34000.713412830795,677300.0,,hist
MAC,2023,40371220293.3995,59474.396425161314,678800.0,,hist
MAC,2024,43540200437.277,63377.293212921395,687000.0,,hist
MAC,2025,43558109070.26949,63403.361092095336,687000.0,,projected
MAC,2030,47009710171.685776,65212.784002258595,720866.4817937788,,projected
MAC,2035,50409717245.93045,66932.955329631,753137.4791038733,,projected
MAC,2040,53343897687.25352,68203.14660340552,782132.5018542466,,projected
MAC,2045,56141337091.30479,69542.83774940157,807291.4322767608,,projected
MAC,2050,58977087649.26159,71173.56372379043,828637.5525348036,,projected
MAC,2055,60970905375.57784,72091.5891977647,845742.2849747406,,projected
MAC,2060,62929110108.399826,73272.85160698104,858832.5515968356,,projected
MAC,2065,64720210326.8291,74743.92244860741,865892.6131596796,,projected
MAC,2070,66003097683.494514,76092.96579117484,867400.777420473,,projected
MAR,2012,98936909179.3524,2966.157827471623,33355241.0,1.3594703153246592,hist
MAR,2013,103015299181.348,3048.9110679589253,33787571.0,1.3840056747494516,hist
MAR,2014,105816536606.04,3093.618395032507,34204780.0,1.4085434842732507,hist
MAR,2015,110413823841.592,3190.4512918262894,34607588.0,1.4330860041445246,hist
MAR,2016,110989284688.174,3168.9985568293273,35023457.0,1.4565204114488184,hist
MAR,2017,116603009678.139,3289.5593345054417,35446392.0,1.479109919001065,hist
MAR,2018,120177639735.159,3353.1932059578244,35839760.0,1.5024051500344866,hist
MAR,2019,123651944968.713,3414.771568733617,36210898.0,1.5261308902087984,hist
MAR,2020,114775951852.21301,3137.3086401709998,36584208.0,1.5492832317157172,hist
MAR,2021,124135631043.727,3359.153171457088,36954442.0,1.4341723790606824,hist
MAR,2022,126385828220.594,3385.7218659592963,37329064.0,1.3211898374949878,hist
MAR,2023,131006044306.041,3473.8091332315635,37712505.0,1.2101694119762132,hist
MAR,2024,135975581947.965,3570.6773514556653,38081173.0,1.1018111233075725,hist
MAR,2025,133902204464.61171,3516.2310904816854,38081173.0,1.0051686170486398,projected
MAR,2030,171427065072.06363,4409.292239528916,38878589.97760119,1.0638931736687838,projected
MAR,2035,215156183027.35294,5460.527051646072,39402090.85906721,0.9565829287874089,projected
MAR,2040,264330238312.2452,6658.768998294353,39696562.2895093,1.0529980260849634,projected
MAR,2045,319748301411.4672,8040.341909391809,39767998.05465658,1.0141257991186354,projected
MAR,2050,381506785341.5504,9624.95473050646,39637255.03376739,0.7916667903060655,projected
MAR,2055,443347399584.36053,11277.610240424805,39312176.08453726,0.7193331465918867,projected
MAR,2060,507768270618.62335,13087.773572507882,38797146.650308736,0.6469995028777081,projected
MAR,2065,576944431150.983,15119.418226031223,38159168.72764675,0.6678103114103129,projected
MAR,2070,649122486158.1498,17341.105032658616,37432590.652997784,0.6886211199429177,projected
MDA,2012,6833561915.89765,2389.086661475291,2860324.0,2.8790887444803084,hist
MDA,2013,7451580071.77113,2605.8502998614226,2859558.0,2.9181102508097694,hist
MDA,2014,7824131195.57662,2737.8018505664713,2857815.0,2.95816362892744,hist
MDA,2015,7797667196.73087,2749.5513705433787,2835978.0,3.0195097669380577,hist
MDA,2016,8159947934.63828,2910.9548687237593,2803186.0,3.0938518344625177,hist
MDA,2017,8500675703.95748,3085.333058442626,2755189.0,3.1874477674881243,hist
MDA,2018,8847128857.51461,3267.996104287196,2707203.0,3.284349162466215,hist
MDA,2019,9161406662.06896,3438.677326707124,2664224.0,3.378386646278322,hist
MDA,2020,8403210632.93021,3188.916916026993,2635130.0,3.45719477327965,hist
MDA,2021,9573777856.36482,3688.167294421439,2595809.0,3.6071232199088796,hist
MDA,2022,9133384072.52763,3611.9548473328614,2528654.0,3.8030700023745814,hist
MDA,2023,9242984685.904167,3760.7000642058993,2457783.0,4.0157708915801535,hist
MDA,2024,9252510447.17039,3851.512025183465,2402306.0,4.213925571786687,hist
MDA,2025,9307946964.93539,3874.5884017004455,2402306.0,4.319343139505389,projected
MDA,2030,11313392404.60188,4993.736667516138,2265516.4174343836,4.133186183459016,projected
MDA,2035,13444185210.085695,6311.277571392936,2130184.4290645714,4.132361642289113,projected
MDA,2040,15568032900.462814,7799.452049661008,1996041.8759340225,4.032703239536288,projected
MDA,2045,17413081890.347122,9344.089703060507,1863539.675207072,4.156558609944267,projected
MDA,2050,18996644746.45991,10954.374628912421,1734160.5878916292,4.026769351363138,projected
MDA,2055,20227396151.815884,12562.177934519066,1610182.267537693,4.065911492656273,projected
MDA,2060,21415618903.709755,14352.151334842945,1492153.9220199496,4.1050536339494075,projected
MDA,2065,22749002917.97177,16434.763481981972,1384200.2011718836,4.022646436980199,projected
MDA,2070,23995678157.414078,18678.61052375227,1284660.7688992962,3.940239240010989,projected
MDG,2012,10385448752.8756,442.6415001235422,23462438.0,0.1563034497949446,hist
MDG,2013,10624353147.158703,440.6746589036302,24109290.0,0.14867049174820163,hist
MDG,2014,10979121878.0735,443.34386990820434,24764348.0,0.14138954920194144,hist
MDG,2015,11323020701.3017,445.3200694805681,25426702.0,0.13444527725223665,hist
MDG,2016,11775165456.5346,451.15659433146084,26099952.0,0.127800235034915,hist
MDG,2017,12238318933.7165,456.8518595740316,26788375.0,0.12142057888916366,hist
MDG,2018,12629254472.2012,459.3303677995424,27494926.0,0.11528454377364027,hist
MDG,2019,13186360203.1442,467.27741349647835,28219554.0,0.10938585351136308,hist
MDG,2020,12245161113.1284,422.9242554223184,28953556.0,0.10374891429570862,hist
MDG,2021,12814644792.206902,431.59910307774567,29691083.0,0.12634837200111562,hist
MDG,2022,13347233960.4257,438.51626335318736,30437261.0,0.14781027767248833,hist
MDG,2023,13908224364.653002,445.8345519105825,31195932.0,0.16817769701511082,hist
MDG,2024,14492369787.952602,453.38306700477244,31964956.0,0.18751722980629165,hist
MDG,2025,14492687310.878159,453.3930004745872,31964956.0,0.21090283997262502,projected
MDG,2030,20042680425.50759,566.4267995840366,35384414.085326135,0.24855970394578364,projected
MDG,2035,27662605744.69061,714.025069846825,38741785.00570699,0.3296485063204842,projected
MDG,2040,38111236207.30575,907.1271652951738,42013113.11728227,0.4637297170063366,projected
MDG,2045,52743002937.05401,1169.3048171914772,45106290.64518528,0.5489136290380002,projected
MDG,2050,73116389707.7653,1523.937391709248,47978604.7022299,0.6954741311078294,projected
MDG,2055,99401077036.21817,1961.5833440775423,50673899.39679708,0.7431169309289836,projected
MDG,2060,133338640882.45088,2508.1199885667047,53162783.87408764,0.7907597307501377,projected
MDG,2065,176426965722.97275,3184.7887441158005,55396756.2366384,0.8020032938571854,projected
MDG,2070,229908264926.5953,4006.369984040519,57385679.76558355,0.8132468569642329,projected
MDV,2012,3445643747.5744004,8907.66134868181,386818.0,,hist
MDV,2013,3685976098.72391,9213.32791442475,400070.0,,hist
MDV,2014,3975719121.7691803,9612.078618067391,413617.0,,hist
MDV,2015,4129505319.12921,9644.906550281465,428154.0,,hist
MDV,2016,4392772972.49748,9909.076697234159,443308.0,,hist
MDV,2017,4703536561.40931,10263.299114767187,458287.0,,hist
MDV,2018,5106580520.20896,10793.894132536656,473099.0,,hist
MDV,2019,5460112147.97969,11194.925374806378,487731.0,,hist
MDV,2020,3663253190.2621303,7295.602209564545,502118.0,,hist
MDV,2021,5037261439.19069,9759.221936070804,516154.0,,hist
MDV,2022,5733717715.04974,10939.996327173778,524106.0,,hist
MDV,2023,6017127527.21638,11439.536434287045,525994.0,,hist
MDV,2024,6227390285.843911,11798.79136914604,527799.0,,hist
MDV,2025,6229951689.925867,11803.644360686298,527799.0,,projected
MDV,2030,7483437858.826488,13515.852245900318,553678.5785074258,,projected
MDV,2035,8915974715.51282,15489.476701334916,575614.973147829,,projected
MDV,2040,10523103537.087671,17675.154942928984,595361.3176838079,,projected
MDV,2045,12308886531.950346,20072.159439968673,613231.803422221,,projected
MDV,2050,14262266136.896616,22693.543607823904,628472.4141530505,,projected
MDV,2055,16146506615.089037,25227.607735035195,640033.2042845802,,projected
MDV,2060,18170197000.2656,28079.2102583207,647104.9873947658,,projected
MDV,2065,20472966069.674263,31510.365603527185,649721.6289798482,,projected
MDV,2070,22971182235.815754,35431.85961459339,648319.9720726644,,projected
MEX,2012,1142776194808.08,9782.517763053514,116818208.0,4.129464475263993,hist
MEX,2013,1152513808584.62,9738.710598036618,118343573.0,4.123068094285103,hist
MEX,2014,1181370028689.69,9862.481254442017,119784261.0,4.119744746766021,hist
MEX,2015,1213294467716.88,10021.23861188272,121072306.0,4.121690306286889,hist
MEX,2016,1234800030119.7,10100.502121401505,122251351.0,4.127271526021827,hist
MEX,2017,1257912134612.3,10193.772719345665,123400057.0,4.133762191049879,hist
MEX,2018,1282719194577.95,10296.869092853387,124573711.0,4.139303998096356,hist
MEX,2019,1277682078094.17,10159.444836431836,125762982.0,4.144227671064606,hist
MEX,2020,1170944075446.26,9234.64362317924,126799054.0,4.154072001199631,hist
MEX,2021,1241768434200.36,9728.056800325534,127648148.0,4.0056502817416515,hist
MEX,2022,1287835026749.81,10013.247923614277,128613117.0,3.8557130996210907,hist
MEX,2023,1331023107619.63,10259.176661640244,129739759.0,3.7033884115662645,hist
MEX,2024,1350022500028.81,10316.461190221546,130861007.0,3.5538329611050603,hist
MEX,2025,1352098228025.4749,10332.323272015436,130861007.0,3.4360090168036077,projected
MEX,2030,1565398436782.0845,11530.541395819973,135761052.5859236,3.3316463780536245,projected
MEX,2035,1795848510925.1296,12837.395586307892,139891966.314456,3.319179715619948,projected
MEX,2040,2042226889716.2495,14255.641560985203,143257452.21494696,3.375225440531724,projected
MEX,2045,2308257525937.1113,15827.442142749622,145838948.9039768,3.540529838655452,projected
MEX,2050,2609657227839.603,17675.038182920904,147646483.18334448,3.686085038303274,projected
MEX,2055,2924413193325.435,19667.560596560194,148692217.26648232,3.646856393211157,projected
MEX,2060,3254239360595.042,21847.71476253481,148951018.26281255,3.6076277481190404,projected
MEX,2065,3609030047538.878,24242.21103107061,148873798.80132544,3.5323207470044915,projected
MEX,2070,3982941402843.646,26802.101843801578,148605561.8345009,3.4570137458899426,projected
MHL,2012,175900000.0,3420.9144479667048,51419.0,,hist
MHL,2013,182600000.0,3602.9281190189618,50681.0,,hist
MHL,2014,180300000.0,3620.7727528315527,49796.0,,hist
MHL,2015,183700000.0,3764.344262295082,48800.0,,hist
MHL,2016,188300000.0,3946.844410907795,47709.0,,hist
MHL,2017,195000000.0,4190.934685894818,46529.0,,hist
MHL,2018,205700000.0,4542.342939163078,45285.0,,hist
MHL,2019,227200000.00000003,5162.815006703479,44007.0,,hist
MHL,2020,220900000.0,5172.575282161757,42706.0,,hist
MHL,2021,225670074.462891,5455.316422822322,41367.0,,hist
MHL,2022,224089111.328125,5591.464214590039,40077.0,,hist
MHL,2023,212866912.841797,5482.44553639985,38827.0,,hist
MHL,2024,218192687.988281,5811.033556734873,37548.0,,hist
MKD,2012,9085697011.49163,4708.051685359228,1929821.0,3.777912179938978,hist
MKD,2013,9351477059.69398,4863.680886669679,1922716.0,3.7097228572509664,hist
MKD,2014,9690853712.45803,5053.750012363664,1917557.0,3.6373326714159107,hist
MKD,2015,10064519962.5655,5262.686719286719,1912430.0,3.564492272973343,hist
MKD,2016,10351178142.8536,5429.946783583598,1906313.0,3.493073377668064,hist
MKD,2017,10463154366.0785,5510.818629209226,1898657.0,3.423967795132386,hist
MKD,2018,10764555646.4726,5698.393344844899,1889051.0,3.3577651710847407,hist
MKD,2019,11185494933.6944,5961.584753991927,1876262.0,3.296468662906849,hist
MKD,2020,10661068595.4055,5743.726494245805,1856124.0,3.2471365698644385,hist
MKD,2021,11141955229.994,6064.923151200198,1837114.0,3.0816345691278975,hist
MKD,2022,11449348867.2054,6250.627209520602,1831712.0,2.891033034153074,hist
MKD,2023,11741875752.5034,6423.992213933679,1827816.0,2.6970798987865097,hist
MKD,2024,12093396439.499998,6628.84686594031,1824359.0,2.5016960387216165,hist
MKD,2025,12165854156.828228,6668.563674599258,1824359.0,2.301201449238827,projected
MKD,2030,14461828543.785671,7803.413147526372,1853269.623225059,1.4870772868489266,projected
MKD,2035,17040420288.434492,9060.906033634412,1880653.01915502,1.0574073248743652,projected
MKD,2040,19801722935.418083,10388.74034168221,1906075.4513199877,0.8953076295878354,projected
MKD,2045,22461128248.636005,11639.89217640451,1929668.0680743305,0.4700492435253288,projected
MKD,2050,25153329248.77434,12899.040289023418,1950015.558148062,0.2245447700841798,projected
MKD,2055,27835110983.06665,14159.133149261652,1965876.7729377665,0.11916977166711205,projected
MKD,2060,30587968759.538662,15477.855318328282,1976240.773055784,0.013794773250044315,projected
MKD,2065,33273826663.49429,16875.05208109815,1971776.2353317123,0.014002355337254292,projected
MKD,2070,35762627011.326515,18306.476454265958,1953550.5426546873,0.01420993742446421,projected
MLI,2012,13333713052.1336,786.3234713368547,16957033.0,0.23424874050286237,hist
MLI,2013,13772483870.1848,788.8194482057479,17459615.0,0.251016865011338,hist
MLI,2014,14668058747.8609,813.9756612852019,18020267.0,0.2659867370607989,hist
MLI,2015,15583181170.4105,838.1198694010312,18593022.0,0.2798709224882243,hist
MLI,2016,16518961030.4362,860.7530755456916,19191289.0,0.292535869668437,hist
MLI,2017,17406945659.5769,878.5613483774324,19813011.0,0.3040746616636294,hist
MLI,2018,18254289663.8519,892.9783227914203,20442030.0,0.3147989125860898,hist
MLI,2019,19167003985.6926,909.7510697033117,21068405.0,0.3249236481708836,hist
MLI,2020,18942920941.9796,872.3894268142948,21713836.0,0.3341702135187511,hist
MLI,2021,19530329790.3727,872.3325094198573,22388630.0,0.3358742356642184,hist
MLI,2022,20253575064.0318,877.8178424329335,23072640.0,0.3373437441578787,hist
MLI,2023,21210639746.3918,892.3609077603818,23769127.0,0.33855082442004225,hist
MLI,2024,22269531976.235,909.7553179108115,24478595.0,0.33950904118404396,hist
MLI,2025,22270019894.156513,909.7752503424528,24478595.0,0.3502795440003963,projected
MLI,2030,30795502674.668964,1124.08710617908,27396010.95447748,0.40453625203536975,projected
MLI,2035,42381054246.51777,1399.6301274823272,30280181.46676605,0.46003273827485847,projected
MLI,2040,58060627242.5504,1755.8394390606927,33067162.03709983,0.5767281903319421,projected
MLI,2045,79687523064.42032,2230.9678450418814,35718812.909616075,0.7235024872242932,projected
MLI,2050,109461929391.91978,2868.4981362731214,38160014.122978486,0.9111197546942922,projected
MLI,2055,147603771793.68484,3654.4899061931023,40389705.699705794,0.7768323313217003,projected
MLI,2060,196610820586.0962,4639.561884417014,42377022.97849647,0.6425449079491086,projected
MLI,2065,258744152216.8735,5856.258976779916,44182498.28820665,0.5655001637182806,projected
MLI,2070,335429751273.9978,7320.053858966223,45823399.35424587,0.4884554194874526,projected
MLT,2012,9042950074.18784,21529.398216756596,420028.0,5.086590185918623,hist
MLT,2013,9611962674.48564,22626.498139134295,424810.0,4.937399466160184,hist
MLT,2014,10345486496.085,23866.06678513014,433481.0,4.74854268544178,hist
MLT,2015,11340795042.0881,25529.68133377178,444220.0,4.5458317870345075,hist
MLT,2016,11803273067.5598,25969.51203520269,454505.0,4.357038450721004,hist
MLT,2017,13334316042.9201,28546.65973659105,467106.0,4.155892079428288,hist
MLT,2018,14292948664.828197,29536.805237471555,483903.0,3.9309293190203625,hist
MLT,2019,14876823596.3021,29522.66188600807,503912.0,3.697341708215703,hist
MLT,2020,14362489738.433102,27861.820284453825,515490.0,3.5385385157401146,hist
MLT,2021,16288744391.3981,31436.34930309389,518150.0,3.2651701935265276,hist
MLT,2022,16693210193.3434,31430.61870702355,531113.0,2.9365024996049223,hist
MLT,2023,18466282602.6508,33408.20050158716,552747.0,2.5823412309240354,hist
MLT,2024,19721971907.7513,34670.08159971188,568847.0,2.2767951394073744,hist
MLT,2025,19758602986.30221,34734.476909084886,568847.0,2.044336703829616,projected
MLT,2030,22296356328.70083,38799.94870288148,574649.118725381,1.6363527684950512,projected
MLT,2035,25194281851.565002,43651.10803755712,577173.9363382944,0.9761049013687081,projected
MLT,2040,27925874201.060436,48405.195591836666,576918.9414404519,0.39997511588677515,projected
MLT,2045,30283268761.87149,52649.07416623489,575190.9077499576,0.06917541512121818,projected
MLT,2050,32760779768.492443,57179.055443152945,572950.698723294,0.03652633595365432,projected
MLT,2055,34938047760.19412,61243.05843297166,570481.7599603157,0.02179170592750423,projected
MLT,2060,37396003180.81512,65891.58820782157,567538.3489447607,0.007057075901354143,projected
MLT,2065,39737273540.40865,70643.86551115179,562501.4040905754,0.007255097127846152,projected
MLT,2070,41928618565.026535,75547.70930972674,554995.2334508208,0.007453118354338162,projected
MMR,2012,47501220127.3631,953.123081936484,49837446.0,3.529060762417372,hist
MMR,2013,51503673422.1907,1024.6906047465834,50262658.0,3.348386593758287,hist
MMR,2014,55711475877.0092,1099.2438775160485,50681634.0,3.1711338519594863,hist
MMR,2015,59607290408.4359,1166.7330554793555,51089056.0,2.9974654510387504,hist
MMR,2016,63101751664.1065,1225.3791397266773,51495696.0,2.826587979747805,hist
MMR,2017,66973743449.82569,1290.5640902745793,51894938.0,2.658767033472711,hist
MMR,2018,71172235146.7291,1361.5683126598535,52272247.0,2.49455481404259,hist
MMR,2019,75854734834.642,1440.9898823870794,52640713.0,2.3330880877475297,hist
MMR,2020,68991135074.4517,1301.3138635245011,53016522.0,2.173564977857273,hist
MMR,2021,60700903303.7127,1136.9956605569769,53387102.0,2.3798648874260655,hist
MMR,2022,63151698290.198,1174.766979473643,53756787.0,2.583363539109361,hist
MMR,2023,63756973611.1702,1177.7664964717642,54133798.0,2.783705616585452,hist
MMR,2024,63137226235.74149,1158.4792809931546,54500091.0,2.9818627562279953,hist
MMR,2025,63163195372.34347,1158.9557781168378,54500091.0,3.19872907346468,projected
MMR,2030,76072105352.89369,1386.973638557111,54847549.54105157,3.273386949352008,projected
MMR,2035,87723217082.23447,1603.2179701315692,54716962.20760013,1.685447456812119,projected
MMR,2040,99101310170.23692,1827.6305375622878,54223929.910045855,1.833817615722249,projected
MMR,2045,111091728095.58104,2082.583171656059,53343237.19097446,1.9008077303582807,projected
MMR,2050,124097752475.92815,2377.4274857662467,52198333.37458507,2.012202521795927,projected
MMR,2055,136278386657.75343,2678.9548357651856,50869982.88973709,2.008317465036146,projected
MMR,2060,148845992621.90768,3012.4154287353335,49410845.26459086,2.0044324082763643,projected
MMR,2065,162297837967.22385,3387.520061949044,47910517.13324589,1.94838183062534,projected
MMR,2070,176723524712.11865,3807.3189155401105,46416790.56377353,1.8923312529743153,projected
MNE,2012,3696429855.6999097,5948.379119529704,621418.0,0.0,hist
MNE,2013,3821595609.09379,6138.251536080564,622587.0,0.0,hist
MNE,2014,3912179230.87999,6272.091163810778,623744.0,0.0,hist
MNE,2015,4010885990.83986,6421.003073459996,624651.0,0.0,hist
MNE,2016,4148832618.1787205,6634.385088388031,625353.0,0.0,hist
MNE,2017,4282287496.64778,6840.9115544021715,625982.0,0.0,hist
MNE,2018,4484964786.60981,7159.47114735985,626438.0,0.0,hist
MNE,2019,4682030356.6341,7470.295884717106,626753.0,0.0,hist
MNE,2020,3980071397.73552,6351.954863204839,626590.0,0.0,hist
MNE,2021,4499321890.02717,7198.30460781273,625053.0,0.0,hist
MNE,2022,4847549017.67011,7773.603239415113,623591.0,0.0,hist
MNE,2023,5161590831.64825,8278.028498511296,623529.0,0.0,hist
MNE,2024,5324908668.48059,8540.008289131294,623525.0,0.0,hist
MNE,2025,5356812917.136416,8591.175842406345,623525.0,0.0,projected
MNE,2030,6045844405.551773,9578.575396153628,631184.0911102023,0.0,projected
MNE,2035,6768607285.109531,10617.074443980468,637520.9405211536,0.0,projected
MNE,2040,7511876727.443525,11688.01421284696,642699.1438106565,0.0,projected
MNE,2045,8198438482.928752,12680.75481123998,646526.0629171547,0.0,projected
MNE,2050,8902676827.613516,13715.692124428677,649086.9543329265,0.0,projected
MNE,2055,9629385935.861153,14803.566523599278,650477.4319425224,0.0,projected
MNE,2060,10417222949.899874,16012.181289323167,650581.1270601851,0.0,projected
MNE,2065,11179409657.769087,17287.664573728354,646669.7459388566,0.0,projected
MNE,2070,11885917488.961239,18604.23553429949,638882.3376831529,0.0,projected
MNG,2012,9422609644.69237,3318.164965970891,2839705.0,46.530774786812174,hist
MNG,2013,10520241544.9149,3628.9070806957616,2899011.0,43.614387577483875,hist
MNG,2014,11349786311.9875,3830.3589204959444,2963113.0,40.74886947436488,hist
MNG,2015,11619892590.694101,3838.921269899837,3026864.0,38.00911451726883,hist
MNG,2016,11793003947.892597,3817.9196271670153,3088856.0,35.402536063061234,hist
MNG,2017,12457761002.743198,3956.2049437134096,3148917.0,32.91869917911705,hist
MNG,2018,13422599720.361603,4183.855664476626,3208189.0,30.535347821594172,hist
MNG,2019,14174566537.455502,4337.816708543205,3267673.0,28.23663277256232,hist
MNG,2020,13528524951.028702,4066.0341088279233,3327204.0,26.01974452159281,hist
MNG,2021,13749955731.693598,4063.5366984924667,3383741.0,28.20915847853271,hist
MNG,2022,14441951078.838,4205.885545135519,3433748.0,30.384283933298494,hist
MNG,2023,15513848972.8704,4456.536275527276,3481145.0,32.52132911886259,hist
MNG,2024,16308475359.187098,4626.796096442424,3524788.0,34.6378137702381,hist
MNG,2025,16315183240.568958,4628.699155968801,3524788.0,37.156968984136654,projected
MNG,2030,21820251831.567383,5977.267378467954,3650539.6948061874,38.02420728880566,projected
MNG,2035,27996562020.501713,7445.782858035025,3760056.202859793,19.578438010483612,projected
MNG,2040,34649572981.46404,8962.871974866805,3865900.693285197,21.30193045582028,projected
MNG,2045,41650773995.8508,10519.32863673588,3959451.73253708,22.080098770362362,projected
MNG,2050,48950128053.177795,12147.295479447539,4029714.115047118,23.37407919676959,projected
MNG,2055,55738576406.01409,13700.018047757228,4068503.867054308,23.328949731219556,projected
MNG,2060,62798504889.04839,15392.124713308813,4079911.387071183,23.283820265669522,projected
MNG,2065,70320707434.54207,17238.277035469368,4079335.033881323,22.632727432394265,projected
MNG,2070,77852740368.70113,19124.837295815716,4070766.154216348,21.981634599119005,projected
MNP,2012,822860606.060606,15457.425819224669,53234.0,,hist
MNP,2013,844921212.121212,16015.034916433755,52758.0,,hist
MNP,2014,880218181.818182,16869.5270385638,52178.0,,hist
MNP,2015,910000000.0,17665.100749310866,51514.0,,hist
MNP,2016,1175830303.0303,23158.57449885372,50773.0,,hist
MNP,2017,1448278787.8787901,28989.347022133952,49959.0,,hist
MNP,2018,1165903030.30303,23756.60758202478,49077.0,,hist
MNP,2019,1032436363.63636,21451.440163651023,48129.0,,hist
MNP,2020,732412121.212121,15410.118692394399,47528.0,,hist
MNP,2021,768812121.212121,16365.016735394986,46979.0,,hist
MNP,2022,896763636.3636361,19461.86111297444,46078.0,,hist
MOZ,2012,13149604768.3812,540.2945177802999,24337846.0,0.16335503952685795,hist
MOZ,2013,14013719723.485899,559.3939536856891,25051611.0,0.16371665394787258,hist
MOZ,2014,15093136077.3533,585.2667161339823,25788475.0,0.163911284498942,hist
MOZ,2015,16208985769.615,610.5637747065908,26547572.0,0.16395767553108015,hist
MOZ,2016,16970320249.582802,620.7797149545572,27337105.0,0.16381889485770804,hist
MOZ,2017,17418032489.647,618.3976943603321,28166393.0,0.16345687086394983,hist
MOZ,2018,18025039081.8692,621.1537341947887,29018644.0,0.1629864785170319,hist
MOZ,2019,18442825951.8799,617.1393200019509,29884380.0,0.16246958211930557,hist
MOZ,2020,18217911539.7402,591.8040599859315,30783688.0,0.1618051373210925,hist
MOZ,2021,18651030677.5113,588.2158546954156,31707800.0,0.17517598170251136,hist
MOZ,2022,19465045724.7404,596.0588894614647,32656246.0,0.18764958841760657,hist
MOZ,2023,20532020330.7663,610.4332588507473,33635160.0,0.19923845314549807,hist
MOZ,2024,20973160980.9212,605.6047208485181,34631766.0,0.2100644644641729,hist
MOZ,2025,20973620495.792202,605.6179894433394,34631766.0,0.22662400487390025,projected
MOZ,2030,28558148361.092743,762.7045809344728,37443263.191238515,0.24863136339172368,projected
MOZ,2035,38070828302.910904,949.0747843091372,40113623.21739895,0.26483892284247357,projected
MOZ,2040,50401738233.231606,1182.749471359673,42614044.18578217,0.34161676878450065,projected
MOZ,2045,67146234094.16222,1496.979755730937,44854470.36748765,0.38089226240978585,projected
MOZ,2050,89960618620.6689,1920.1922261975883,46849798.36566213,0.4518559697282786,projected
MOZ,2055,118849400670.29593,2443.3590862477904,48641806.82210333,0.4378666293577653,projected
MOZ,2060,155811819063.552,3099.099879992709,50276475.45968043,0.4238772889872521,projected
MOZ,2065,202577042204.1734,3916.7935068592424,51720123.06735408,0.4433630916535483,projected
MOZ,2070,260417296255.72052,4920.891301152037,52920757.7080099,0.46284889431984455,projected
MRT,2012,5388639480.835961,1488.9717755721447,3619034.0,0.7501090698984625,hist
MRT,2013,5612311839.16241,1502.9014238108296,3734318.0,0.8020772833853558,hist
MRT,2014,5852228252.666219,1520.6462163490164,3848514.0,0.8511734778158941,hist
MRT,2015,6166863896.68677,1554.948978717826,3965959.0,0.8967047957049682,hist
MRT,2016,6244622452.80308,1528.0515229937525,4086657.0,0.9388690716973318,hist
MRT,2017,6636194355.58626,1576.0685782516173,4210600.0,0.977859989788041,hist
MRT,2018,6952885074.44597,1602.9022564907248,4337685.0,1.013886135592522,hist
MRT,2019,7171275534.84383,1605.135235974202,4467708.0,1.0471723065011795,hist
MRT,2020,7145411800.0896,1553.306155865909,4600131.0,1.0780131044528718,hist
MRT,2021,7198481880.107898,1520.311180425899,4734874.0,1.0853897950119729,hist
MRT,2022,7687691068.95683,1576.7562410730802,4875637.0,1.0910095112362028,hist
MRT,2023,8211183625.049438,1634.8989714462427,5022441.0,1.0949951946479357,hist
MRT,2024,8729112418.520092,1688.613932291901,5169395.0,1.0987226126984682,hist
MRT,2025,8729303670.423903,1688.6509292526307,5169395.0,1.1335782234745122,projected
MRT,2030,11273132030.98374,2018.2268154288668,5585661.603940306,1.3091643339377337,projected
MRT,2035,14492719741.915783,2420.5227795896935,5987433.73296097,1.4887626272379162,projected
MRT,2040,18452522877.302963,2902.1632768983886,6358195.978905644,1.8664136362567996,projected
MRT,2045,23542378836.366623,3522.7225909764843,6683006.745030346,2.341406108905341,projected
MRT,2050,30068397661.937683,4314.657455274084,6968895.671007009,2.9485750184079276,projected
MRT,2055,37695784901.08101,5219.908370442313,7221541.495734499,2.5139926928653886,projected
MRT,2060,46725005207.07671,6274.506121736925,7446802.075020079,2.0794103673228497,projected
MRT,2065,57225992040.40597,7492.629186810492,7637638.352788453,1.8300773823137928,projected
MRT,2070,69069407309.07727,8859.86519090353,7795762.782033206,1.5807443973047353,projected
MUS,2012,10929718037.5047,8702.82242878288,1255882.0,,hist
MUS,2013,11297000949.1216,8973.51550099537,1258927.0,,hist
MUS,2014,11729333766.0201,9300.07878638583,1261208.0,,hist
MUS,2015,12162211503.0793,9630.5437837507,1262879.0,,hist
MUS,2016,12631973062.5133,9995.6502864207,1263747.0,,hist
MUS,2017,13129418116.1342,10379.91387067319,1264887.0,,hist
MUS,2018,13655479838.659,10789.924152113226,1265577.0,,hist
MUS,2019,14050298678.019802,11098.313706734125,1265985.0,,hist
MUS,2020,12006466620.7709,9483.676026308478,1266014.0,,hist
MUS,2021,12415142570.9354,9804.003186312142,1266334.0,,hist
MUS,2022,13494399202.0623,10688.43831127219,1262523.0,,hist
MUS,2023,14170187784.8097,11348.433772563183,1248647.0,,hist
MUS,2024,14868086969.4353,11934.770909956984,1245779.0,,hist
MUS,2025,14868412724.197395,11935.03239675528,1245779.0,,projected
MUS,2030,17461844295.012676,13745.744957632047,1270345.43044663,,projected
MUS,2035,20017655836.992462,15529.918078302946,1288973.6916873627,,projected
MUS,2040,22504393057.683704,17297.2048041329,1301042.180659538,,projected
MUS,2045,25162420283.615902,19246.253648051552,1307393.1552472962,,projected
MUS,2050,28195551419.305904,21540.52408295637,1308953.826319167,,projected
MUS,2055,31009055973.67093,23730.274464012993,1306729.7649968702,,projected
MUS,2060,33878348699.161068,26026.793279837217,1301672.0244751165,,projected
MUS,2065,36912034076.71442,28553.112406939636,1292749.9303978926,,projected
MUS,2070,40063749662.98855,31295.154941966386,1280190.1680078788,,projected
MWI,2012,8054933506.22505,512.74031797451,15709577.0,0.14937333030249694,hist
MWI,2013,8490733601.031821,525.3576455165571,16161816.0,0.14978255704634982,hist
MWI,2014,8968360291.15986,539.5626019180572,16621538.0,0.15010189910534813,hist
MWI,2015,9219474379.31534,539.6053632406858,17085587.0,0.1503659612462136,hist
MWI,2016,9449961238.71922,538.2219908109591,17557739.0,0.15054654848041152,hist
MWI,2017,9827959688.35226,544.7957292203486,18039715.0,0.15063560030904105,hist
MWI,2018,10255826273.665897,553.5287909020852,18528081.0,0.150668036872686,hist
MWI,2019,10842133933.7208,569.866249371946,19025752.0,0.15062510455025452,hist
MWI,2020,10928176721.5316,559.4470860860675,19533888.0,0.15050368759185648,hist
MWI,2021,11426314939.9064,569.9689673224339,20047258.0,0.16353419211680614,hist
MWI,2022,11531564448.65,560.635759714942,20568728.0,0.17584471462542767,hist
MWI,2023,11755940188.7261,557.0352396579125,21104482.0,0.1874195286834762,hist
MWI,2024,11952668098.8907,551.9515234705605,21655286.0,0.19828332138997246,hist
MWI,2025,11952929977.810333,551.9636165419535,21655286.0,0.21391414539205972,projected
MWI,2030,16815816456.75956,680.6965762966546,24703835.809262324,0.23468725498517784,projected
MWI,2035,23475214707.28173,840.0273914666767,27945772.894731823,0.24998583834013757,projected
MWI,2040,32694035602.09236,1043.34147032141,31335891.97026808,0.3224577166341896,projected
MWI,2045,45819672563.26669,1317.7483381477223,34771185.997223556,0.35953050448108625,projected
MWI,2050,64544400219.01708,1690.2836408508783,38185543.92831124,0.42651432119253413,projected
MWI,2055,89627024469.07663,2161.2797052410433,41469423.99529944,0.4133095515053067,projected
MWI,2060,123410786426.68195,2765.223031008344,44629595.89255264,0.40010478181807907,projected
MWI,2065,168479788127.63086,3535.99099222746,47647120.2833859,0.418497753149419,projected
MWI,2070,227253459755.77597,4503.279131134021,50463995.93234825,0.43689072448075894,projected
MYS,2012,258378881826.47302,8710.526713599016,29662831.0,0.05722349447078389,hist
MYS,2013,270506469604.10098,8964.80724896202,30174265.0,0.0590322919992733,hist
MYS,2014,286755041078.03,9341.730559712776,30696137.0,0.06076012753561167,hist
MYS,2015,301355266964.947,9648.679793752293,31232798.0,0.06240063332134902,hist
MYS,2016,314764917575.088,9901.479601798132,31789685.0,0.06394500455807975,hist
MYS,2017,333061328477.268,10293.762920536152,32355644.0,0.06541785194731635,hist
MYS,2018,349191778300.005,10610.195024047911,32910967.0,0.06686166059718725,hist
MYS,2019,364602265936.14,10902.983485585604,33440596.0,0.06830999908334126,hist
MYS,2020,344706479641.244,10171.465784276208,33889558.0,0.06987911316912251,hist
MYS,2021,356134704342.139,10388.266712085668,34282399.0,0.07497509384585611,hist
MYS,2022,388299855024.742,11191.651175694262,34695493.0,0.07990893531441176,hist
MYS,2023,402034268648.217,11445.392527507936,35126298.0,0.08468395187534902,hist
MYS,2024,422559964245.24,11883.791277489952,35557673.0,0.08934182934141138,hist
MYS,2025,422733768482.2683,11888.679230563494,35557673.0,0.09502706705515443,projected
MYS,2030,515030965151.43823,13684.799222154024,37635259.15072731,0.11882315081558027,projected
MYS,2035,616825209500.9512,15602.027459931773,39534939.358685665,0.16106101981588913,projected
MYS,2040,724904350682.0496,17604.773641154472,41176578.89036694,0.22281702968445072,projected
MYS,2045,839711075758.6982,19714.068729631694,42594508.88981384,0.28224403595651243,projected
MYS,2050,965829697654.1249,22042.209417588438,43817281.62347679,0.3635359427563241,projected
MYS,2055,1091981119848.7507,24345.78899477783,44852977.24723485,0.33507572173353045,projected
MYS,2060,1224117251700.0989,26784.381541500952,45702651.36805176,0.30661550071073684,projected
MYS,2065,1361030694540.037,29364.641529239056,46349303.91317146,0.29328302259837213,projected
MYS,2070,1499262827588.3938,32031.46442467983,46805940.79967293,0.2799505444860075,projected
NAM,2012,9702493818.43111,4420.967413738616,2194654.0,0.7230318310762269,hist
NAM,2013,10247261642.7308,4549.267590938989,2252508.0,0.7267264709409597,hist
NAM,2014,10871578021.6669,4701.956941890994,2312139.0,0.7296748504366704,hist
NAM,2015,11335161083.5061,4774.106508657752,2374300.0,0.731694465072361,hist
NAM,2016,11338991738.8743,4648.627134602144,2439213.0,0.7327833435738578,hist
NAM,2017,11222512162.9739,4476.733244021049,2506853.0,0.7330175112925783,hist
NAM,2018,11341464002.1253,4400.475377057432,2577327.0,0.7324331125401813,hist
NAM,2019,11246291861.588,4243.092744819644,2650494.0,0.7311362055720034,hist
NAM,2020,10335184546.1643,3787.4994397328537,2728762.0,0.7285445251212364,hist
NAM,2021,10707646943.9364,3809.807533597149,2810548.0,0.788784677737731,hist
NAM,2022,11285723332.8927,3905.5513526816285,2889662.0,0.8463999531550652,hist
NAM,2023,11787126126.6129,3977.9777990961816,2963095.0,0.9026718226791648,hist
NAM,2024,12224610619.8575,4034.350534632826,3030131.0,0.9582407319713465,hist
NAM,2025,12224878456.94594,4034.438925889983,3030131.0,1.0337795726972254,projected
NAM,2030,15138249377.35901,4750.608689187469,3186591.522853509,1.1341694572436984,projected
NAM,2035,18379694586.615208,5528.604104746371,3324472.91185781,1.2081026837471487,projected
NAM,2040,21897479537.124107,6363.919553461818,3440879.375229124,1.558336405963498,projected
NAM,2045,25893383761.25014,7323.249921009337,3535777.699865984,1.737497492804286,projected
NAM,2050,30470260272.526363,8428.237845055532,3615258.709197664,2.0612091449284384,projected
NAM,2055,35110095253.685104,9544.060139865525,3678737.847326662,1.9973946592626672,projected
NAM,2060,40008080651.17045,10727.975971484877,3729322.3584311274,1.9335801735968956,projected
NAM,2065,45215513341.0509,12018.078544109523,3762291.382528249,2.022467600880845,projected
NAM,2070,50646076292.81047,13403.18080682505,3778660.977774837,2.111355028164794,projected
NCL,2015,8738203074.3957,30858.723706053297,283168.0,,hist
NCL,2025,,,292639.0,,projected
NCL,2030,,,309195.9645278266,,projected
NCL,2035,,,324663.4968265872,,projected
NCL,2040,,,339306.4811376401,,projected
NCL,2045,,,353022.0445506618,,projected
NCL,2050,,,365638.5759015115,,projected
NCL,2055,,,377008.8460869462,,projected
NCL,2060,,,387064.4108853666,,projected
NCL,2065,,,394944.5445232058,,projected
NCL,2070,,,400719.3866645143,,projected
NER,2012,8259606009.352,463.0662654964024,17836769.0,0.08779891388420065,hist
NER,2013,8698614858.59842,469.6902142008784,18519898.0,0.09329904005341638,hist
NER,2014,9276388744.59484,482.74524741946055,19215909.0,0.09834187210040354,hist
NER,2015,9683867926.44282,485.6625741752786,19939498.0,0.10288966277159033,hist
NER,2016,10239808436.9433,495.01743721600565,20685753.0,0.10700156696923753,hist
NER,2017,10752347793.0235,501.6153054629001,21435446.0,0.11080934564283912,hist
NER,2018,11527744540.163,519.5469934838854,22188069.0,0.1143446734687106,hist
NER,2019,12212475570.6373,532.1860245703883,22947757.0,0.11761181123671592,hist
NER,2020,12646096746.888098,533.1943289102533,23717613.0,0.12061783049052337,hist
NER,2021,12821067681.4111,523.2631795186502,24502140.0,0.12099805656433463,hist
NER,2022,14346774735.502598,566.7979629838653,25311973.0,0.12123336331232096,hist
NER,2023,14586026438.198097,557.5726527278636,26159867.0,0.12127737178687001,hist
NER,2024,16088387161.4462,595.1517445593164,27032412.0,0.12120798592620903,hist
NER,2025,16088739652.57317,595.1647841329575,27032412.0,0.1250531587947423,projected
NER,2030,22356353654.323925,709.8884617774089,31492769.43922767,0.14442332425770132,projected
NER,2035,31182932160.03123,855.0750437728028,36468064.86416024,0.16423610243766024,projected
NER,2040,43795073101.38626,1044.9310778509807,41911925.13046487,0.20589749873290666,projected
NER,2045,62383335496.637,1306.863320789071,47735164.423292994,0.2582973312970517,projected
NER,2050,90066591874.35674,1673.854891554701,53807885.2168013,0.3252784963220206,projected
NER,2055,129060270571.05055,2160.048076100728,59748795.40830747,0.2773365974393085,projected
NER,2060,184303024888.87485,2813.1547572462723,65514712.41108844,0.2293946985565964,projected
NER,2065,261595226920.12204,3671.748381257799,71245412.20074281,0.20188898547793846,projected
NER,2070,366514724022.1252,4767.225248227106,76882191.40860382,0.1743832723992805,projected
NGA,2012,423525315758.055,2403.653878969243,176200625.0,0.3756270444557163,hist
NGA,2013,451780110046.799,2495.34106573749,181049443.0,0.37500877591763704,hist
NGA,2014,480286163931.15,2583.6155695813995,185896915.0,0.37442547123495834,hist
NGA,2015,493026682800.63007,2585.7336067179767,190671878.0,0.3740139906735486,hist
NGA,2016,485055087455.82104,2481.8149035032648,195443700.0,0.37362862041600725,hist
NGA,2017,488964081500.90295,2441.712364044884,200254579.0,0.3731888198171988,hist
NGA,2018,498365674277.734,2431.778578325676,204938755.0,0.3730001189867676,hist
NGA,2019,509371727735.744,2431.535284729821,209485641.0,0.3730641853395575,hist
NGA,2020,476930359891.9459,2228.6863142288785,213996181.0,0.3731889028430839,hist
NGA,2021,482220722020.12994,2206.664062500666,218529286.0,0.40544826563886727,hist
NGA,2022,503047012794.856,2254.2908041689243,223150896.0,0.4362233885003088,hist
NGA,2023,519782610025.928,2280.9193115611524,227882945.0,0.4655239118486906,hist
NGA,2024,540898072115.881,2324.6488120275094,232679478.0,0.4934955200475394,hist
NGA,2025,540909923009.8899,2324.6997442975608,232679478.0,0.5310635947017209,projected
NGA,2030,733925566653.7673,2822.6151591988883,260016164.18090427,0.5945986349513814,projected
NGA,2035,982242798110.4823,3397.2808985874244,289126165.1395664,0.7674673397711508,projected
NGA,2040,1303368643922.4548,4078.325899737629,319584230.3839192,0.9833819551546356,projected
NGA,2045,1732547735656.6506,4939.056334015489,350785174.02697384,1.213665263594927,projected
NGA,2050,2310255044473.325,6041.1503720619885,382419721.7730868,1.4800819692401064,projected
NGA,2055,3038556059872.3696,7377.096093360986,411890535.43804544,1.3804762790468355,projected
NGA,2060,3965759661402.4775,9018.810597535597,439720916.468312,1.2808705888535645,projected
NGA,2065,5129691122433.521,10996.386669910738,466488790.9471049,1.286800419932178,projected
NGA,2070,6552101303992.489,13323.877112536165,491756359.55301255,1.2927302510107919,projected
NIC,2012,11071852873.3639,1876.175972014901,5901287.0,0.8780437747698862,hist
NIC,2013,11617373486.8649,1941.456285526263,5983845.0,0.874763110384114,hist
NIC,2014,12173318263.9174,2006.648696465338,6066492.0,0.871558952856511,hist
NIC,2015,12756696261.0676,2074.456206347301,6149417.0,0.8684016656877183,hist
NIC,2016,13338803114.224503,2140.144059416067,6232666.0,0.8652834142860122,hist
NIC,2017,13956550774.5717,2209.6327342321233,6316231.0,0.8622042270715424,hist
NIC,2018,13487142194.608799,2107.339626162298,6400080.0,0.859167325742223,hist
NIC,2019,13096437236.4148,2019.9151862004421,6483657.0,0.8562448890976587,hist
NIC,2020,12803529948.2066,1950.191812184729,6565267.0,0.8536525201013501,hist
NIC,2021,14142060836.745,2128.3088139545243,6644741.0,0.8394992486409375,hist
NIC,2022,14644146345.7189,2175.738991444056,6730654.0,0.8248906323425675,hist
NIC,2023,15292551634.5755,2241.122354766529,6823613.0,0.8098131871435901,hist
NIC,2024,15841222424.9421,2290.4716250599467,6916140.0,0.7951906914246727,hist
NIC,2025,15865579107.062784,2293.9933412369883,6916140.0,0.7914022136358194,projected
NIC,2030,20430692647.994804,2878.201044931048,7098424.4425789425,0.765681796705057,projected
NIC,2035,26105506707.108402,3607.788982313118,7235874.05890102,0.7538866816151208,projected
NIC,2040,33068306668.389446,4514.843084511944,7324353.482367847,0.7810904090540178,projected
NIC,2045,41257571546.79508,5598.962098759526,7368789.218261697,0.8007257350689663,projected
NIC,2050,50932388465.38289,6909.572360285926,7371279.409146422,0.8756087464491693,projected
NIC,2055,61781657729.33211,8426.211732471029,7332079.906234961,0.8891477194227942,projected
NIC,2060,73793832002.77803,10171.514343378361,7254950.394954483,0.9026866923964193,projected
NIC,2065,87298114498.99309,12166.80479463794,7175106.03420435,0.9392034383873699,projected
NIC,2070,102315032464.81264,14421.521153744032,7094607.522608682,0.9757201843783205,projected
NLD,2012,747805361887.684,44631.874538878925,16754962.0,10.952968236289294,hist
NLD,2013,747579281182.5648,44487.030634689996,16804432.0,10.721102387547445,hist
NLD,2014,759634819525.581,45042.066954583184,16865008.0,10.483689393264637,hist
NLD,2015,775743675302.734,45793.81354346971,16939923.0,10.239301261125437,hist
NLD,2016,794549918521.022,46655.03633820386,17030314.0,9.98798051448801,hist
NLD,2017,816650691531.918,47670.10572532971,17131296.0,9.733292439635441,hist
NLD,2018,835096710412.6129,48463.02997399508,17231624.0,9.48194919343072,hist
NLD,2019,854304699526.719,49254.01588542638,17344874.0,9.22663679993559,hist
NLD,2020,821260592382.701,47086.58041927019,17441500.0,8.983190791445148,hist
NLD,2021,872809729132.839,49780.84405268355,17533044.0,8.288468420986195,hist
NLD,2022,916513359459.671,51777.54315888639,17700982.0,7.568158695745375,hist
NLD,2023,911031728184.777,50960.77450210663,17877117.0,6.858242309165582,hist
NLD,2024,920880034447.75,51178.52569681471,17993485.0,6.182646635939294,hist
NLD,2025,910966993832.0024,50627.60181432348,17993485.0,5.55140479083652,projected
NLD,2030,972960325682.9961,53179.869015920616,18295651.03651756,4.44352272377884,projected
NLD,2035,1042905926548.2668,56250.0720190408,18540526.06715313,2.6506169045766335,projected
NLD,2040,1111852431801.5786,59359.78225880705,18730736.358734135,1.0861340846592247,projected
NLD,2045,1187886923690.887,62926.65679602288,18877324.558039516,0.18784612641971218,projected
NLD,2050,1259787618567.6292,66296.19541067649,19002411.99006648,0.09918741664471023,projected
NLD,2055,1350345113948.8604,70617.07973447438,19122075.26884801,0.059175467749431304,projected
NLD,2060,1437472453595.3384,74690.34056835194,19245761.13399635,0.019163518854152385,projected
NLD,2065,1530459096128.078,79048.39147601313,19361040.339353252,0.01970124631527751,projected
NLD,2070,1618571259452.3345,83142.33011622583,19467475.31840533,0.020238973776402644,projected
NOR,2012,369676511271.4899,73661.67858303346,5018573.0,11.212309849459531,hist
NOR,2013,373433130118.312,73515.91449174713,5079623.0,10.87506500209804,hist
NOR,2014,381081533571.259,74180.32387310111,5137232.0,10.552894076843884,hist
NOR,2015,388159512245.53,74809.96580498967,5188607.0,10.250169260688555,hist
NOR,2016,392680500171.7571,75017.49447690553,5234519.0,9.963768363476005,hist
NOR,2017,402355151331.034,76247.41164453414,5276968.0,9.688701853646764,hist
NOR,2018,405690399924.369,76373.64746060914,5311916.0,9.431324681387139,hist
NOR,2019,410249333418.695,76712.28711603498,5347896.0,9.175541055636806,hist
NOR,2020,405005642242.722,75287.2059527597,5379475.0,8.930476327577775,hist
NOR,2021,420836044191.958,77812.71156143831,5408320.0,8.238901126466862,hist
NOR,2022,434497344228.607,79620.16354550792,5457127.0,7.527029027964728,hist
NOR,2023,434810705801.4719,78775.74951549432,5519601.0,6.810871462681249,hist
NOR,2024,443929688973.891,79667.52723147764,5572279.0,6.121486834073402,hist
NOR,2025,446589498571.48303,80144.8560941552,5572279.0,5.496489341664427,projected
NOR,2030,479542294121.4354,81926.85800685296,5853297.7559242295,4.399566634198506,projected
NOR,2035,514129917485.2413,83983.16690791189,6121821.031695413,2.624396547138777,projected
NOR,2040,549887532321.5809,86202.38403668122,6379029.286331458,1.075389859842718,projected
NOR,2045,585550521028.4473,88285.33951863037,6632477.42174545,0.18598792029058905,projected
NOR,2050,631780043293.4491,91740.92863935631,6886566.90817951,0.09820623769226658,projected
NOR,2055,684930264458.0083,95925.36663550888,7140241.298848123,0.05859009386410543,projected
NOR,2060,744095511912.5765,100724.19354698178,7387455.642079683,0.01897395003594429,projected
NOR,2065,809369197763.4468,106357.52256227484,7609891.414023319,0.019506358204715055,projected
NOR,2070,880238811108.8981,112747.18903049965,7807190.748416632,0.02003876637348582,projected
NPL,2012,21348110877.0432,775.3105784798393,27534915.0,3.0098147706619605,hist
NPL,2013,22100664484.6361,801.0390608478559,27589996.0,2.8743391051082057,hist
NPL,2014,23429242138.2095,846.6655417735994,27672370.0,2.736701444409581,hist
NPL,2015,24360801286.7638,875.5436354748621,27823629.0,2.593444064607595,hist
NPL,2016,24466311259.2881,875.1889437308566,27955462.0,2.4534395468961008,hist
NPL,2017,26662720369.249203,951.8572985636418,28011258.0,2.3210327275986162,hist
NPL,2018,28695053195.345703,1021.914922040116,28079689.0,2.1881672940133323,hist
NPL,2019,30605298792.5448,1077.1179649818766,28414064.0,2.0367050497430896,hist
NPL,2020,29880069318.726097,1031.5361878393385,28966574.0,1.8745426424671663,hist
NPL,2021,31325711777.1674,1062.7888430628998,29475010.0,2.0311560108694975,hist
NPL,2022,33089761144.5103,1113.5546234122326,29715436.0,2.2021419875749544,hist
NPL,2023,33745781686.6509,1136.427693138254,29694614.0,2.391237510528143,hist
NPL,2024,34982690898.4415,1179.8127276838622,29651054.0,2.5825773485223147,hist
NPL,2025,34997079719.94657,1180.2979995229366,29651054.0,2.77040424879904,projected
NPL,2030,45760097319.387474,1444.1540756266315,31686437.127237793,2.8350650849668675,projected
NPL,2035,59181500131.748634,1761.4084110837216,33598965.32760208,1.459758137760081,projected
NPL,2040,76420711714.87724,2158.998828804192,35396365.52614737,1.588260836550508,projected
NPL,2045,98892421829.32227,2669.5017649801443,37045273.06430075,1.6462806606596427,projected
NPL,2050,128259028182.24234,3331.7637117471904,38495835.623043865,1.7427591670930342,projected
NPL,2055,163406699817.23965,4113.463953693666,39724840.58612192,1.7393943376539267,projected
NPL,2060,206124242250.27585,5065.701668166095,40690166.092015,1.736029508214819,projected
NPL,2065,257772047370.90955,6229.246475101596,41380935.623791546,1.6874843657830327,projected
NPL,2070,319026461868.3237,7626.65447158459,41830459.6146257,1.6389392233512463,projected
NRU,2012,68031022.6138793,6626.183170729453,10267.0,,hist
NRU,2013,70836425.608266,6735.421280618617,10517.0,,hist
NRU,2014,82058037.58581342,7638.990652188923,10742.0,,hist
NRU,2015,84863440.58019972,7747.25584993607,10954.0,,hist
NRU,2016,88370194.3231835,7925.577966204799,11150.0,,hist
NRU,2017,82759388.33440939,7308.317585165082,11324.0,,hist
NRU,2018,82058037.5858134,7149.781091383933,11477.0,,hist
NRU,2019,89071545.0717802,7687.196433225184,11587.0,,hist
NRU,2020,90474246.56897299,7770.698837840161,11643.0,,hist
NRU,2021,97487754.0549406,8325.882146634263,11709.0,,hist
NRU,2022,100293157.049327,8498.699860124312,11801.0,,hist
NRU,2023,100994507.79792401,8504.800656667285,11875.0,,hist
NRU,2024,102397209.295117,8570.955829506738,11947.0,,hist
NZL,2012,161367975232.595,36607.14939148272,4408100.0,8.302231878040983,hist
NZL,2013,165546666710.166,37267.65869975147,4442100.0,8.050835566666631,hist
NZL,2014,171881119396.758,38056.2646732554,4516500.0,7.733458430153267,hist
NZL,2015,178224167087.98996,38665.37230181585,4609400.0,7.396562096777156,hist
NZL,2016,184959455627.068,39235.36955666362,4714100.0,7.055272832138056,hist
NZL,2017,191208740301.496,39722.60684342197,4813600.0,6.736083178303015,hist
NZL,2018,197844796498.754,40371.54562681182,4900600.0,6.4462225678849085,hist
NZL,2019,202429793153.827,40727.88225133835,4970300.0,6.187937678867306,hist
NZL,2020,201807833897.729,39785.47312864305,5072400.0,5.89887528080821,hist
NZL,2021,210960637812.92096,41490.11481983263,5084600.0,5.665527760359055,hist
NZL,2022,218336637842.863,42965.27497547337,5081700.0,5.4494421013188,hist
NZL,2023,221380800380.185,42573.23084234327,5200000.0,5.111137961965737,hist
NZL,2024,224233557754.352,42408.237873163496,5287500.0,4.815773972231096,hist
NZL,2025,224325787841.72223,42425.680915692144,5287500.0,4.604991461772484,projected
NZL,2030,246390301197.5483,44818.60199225566,5497500.819863209,4.538716776389798,projected
NZL,2035,271296145892.82635,47703.155884334104,5687173.958692344,4.084706050448607,projected
NZL,2040,299983484739.9644,51145.54596594163,5865290.497431128,3.3513809212375483,projected
NZL,2045,335306429544.69073,55583.052483192005,6032529.963086958,2.2767027213063438,projected
NZL,2050,377475321721.2973,61033.03862359778,6184770.252866789,1.0164115555387736,projected
NZL,2055,419381679511.7044,66351.90712777198,6320567.074343666,0.7887117018578846,projected
NZL,2060,465629101266.46277,72289.0422174506,6441212.761760174,0.5610118481769956,projected
NZL,2065,518257183966.1929,79199.65559189145,6543679.768466728,0.502219643247045,projected
NZL,2070,575617506868.3047,86791.67546623065,6632174.154677644,0.4434274383170944,projected
OMN,2012,70318260489.7491,19824.121548594572,3547106.0,23.520900934628788,hist
OMN,2013,73994291063.383,19299.940051686877,3833913.0,21.749890155619998,hist
OMN,2014,74950483987.1606,18726.202694697058,4002439.0,20.823114206557474,hist
OMN,2015,78710793237.9714,18808.307792183892,4184895.0,19.90475321061958,hist
OMN,2016,82682873555.7961,18830.605720860796,4390877.0,18.96098660311641,hist
OMN,2017,82934277088.5646,18277.945563615034,4537396.0,18.339024797154167,hist
OMN,2018,84001727416.2074,18269.67694355621,4597877.0,18.08823410110455,hist
OMN,2019,83053651985.4157,18089.58666848804,4591241.0,18.104807247029818,hist
OMN,2020,80246670660.8581,17743.885880047703,4522497.0,18.370292145077507,hist
OMN,2021,82318780120.4001,18291.338798388795,4500424.0,17.984231147401697,hist
OMN,2022,88892516940.1985,18792.446056530596,4730226.0,16.65750005166596,hist
OMN,2023,90149469537.51569,17853.964511994844,5049269.0,15.180576475816434,hist
OMN,2024,91620377320.78291,17347.291133905106,5281538.0,14.107233264921453,hist
OMN,2025,91604672297.01373,17344.31756375013,5281538.0,13.701494323362674,projected
OMN,2030,107884009633.73271,18894.305247174478,5709869.096661602,13.447003319049502,projected
OMN,2035,125817409602.185,20572.65641750222,6115759.046806694,12.83268934447098,projected
OMN,2040,143963473625.28867,22132.047479430206,6504751.707183443,13.131899660689431,projected
OMN,2045,161374022374.18546,23523.311089534753,6860174.648031538,13.067056882045698,projected
OMN,2050,179386894371.53976,25004.387995800025,7174216.557576666,11.534459260626017,projected
OMN,2055,200070994330.01947,26869.962471383664,7445897.795469338,9.190389197482533,projected
OMN,2060,223391944108.70322,29083.071156966485,7681167.607884922,6.846319134339048,projected
OMN,2065,249226645629.21375,31699.89819576589,7862064.543238899,5.899015714668998,projected
OMN,2070,275471494760.1702,34463.40104039178,7993160.46716667,4.951712294998947,projected
PAK,2012,264876940258.885,1275.4880689896631,207667125.0,5.584050786248114,hist
PAK,2013,276443758787.987,1309.7008044638596,211073978.0,5.257127941346757,hist
PAK,2014,287823367553.405,1343.3077812104254,214264647.0,4.9455757497683965,hist
PAK,2015,299963590534.7731,1380.4702083831703,217290883.0,4.646679893314994,hist
PAK,2016,319682711890.74,1452.1865826917644,220138869.0,4.3595223151511515,hist
PAK,2017,333853050597.697,1495.2618752803232,223273967.0,4.074453725447137,hist
PAK,2018,354390697428.203,1561.6816981955872,226928892.0,3.7885814091904453,hist
PAK,2019,363242090361.647,1573.8330826936985,230800899.0,3.5084686400647924,hist
PAK,2020,358614068499.253,1526.0059748630676,235001746.0,3.233068962139271,hist
PAK,2021,381973779235.3,1595.0279217542172,239477801.0,3.4980465337738766,hist
PAK,2022,400224894618.857,1642.2806697482572,243700667.0,3.7571999438415324,hist
PAK,2023,398564217461.774,1610.3312283753635,247504495.0,4.014310014972648,hist
PAK,2024,410716372191.504,1634.5673526079947,251269164.0,4.264301264169253,hist
PAK,2025,410885305009.9032,1635.2396707536432,251269164.0,4.574437372484969,projected
PAK,2030,522674289084.13135,1945.2646006980317,268690587.8493737,4.681204081939179,projected
PAK,2035,664976276730.0656,2333.523435359084,284966615.99961114,2.4103241189633167,projected
PAK,2040,843571096495.5023,2808.072807686839,300409267.94572586,2.6225052647534777,projected
PAK,2045,1067557482802.1339,3390.233603923501,314892012.6231581,2.71830646483642,projected
PAK,2050,1347318708742.8208,4107.878560068602,327984065.0207343,2.8776098898372138,projected
PAK,2055,1667659986360.397,4921.012370134183,338885550.55896443,2.8720539492032917,projected
PAK,2060,2044839823527.14,5883.256264648517,347569395.508782,2.8664980085693705,projected
PAK,2065,2491216415442.359,7028.434969757003,354448241.48788965,2.7863412177729243,projected
PAK,2070,3008357135114.057,8362.78988435232,359731283.06655383,2.7061844269764785,projected
PAN,2012,47623362260.1488,12668.294540235835,3759256.0,2.9893986597502424,hist
PAN,2013,50635232150.02519,13236.830649082784,3825329.0,2.9677330633383656,hist
PAN,2014,52977523729.79839,13611.549065607083,3892101.0,2.9462739674114626,hist
PAN,2015,55767806073.17809,14082.654843499638,3960035.0,2.924680301619847,hist
PAN,2016,58317491742.87819,14474.124340577042,4029086.0,2.903009978346002,hist
PAN,2017,61667283149.9355,15045.545619615039,4098707.0,2.881669112967386,hist
PAN,2018,64083529457.2571,15375.643485447472,4167860.0,2.861362394224433,hist
PAN,2019,66072084910.0035,15602.542071458072,4234700.0,2.8432706854750696,hist
PAN,2020,54297226728.12,12647.082655380142,4293261.0,2.831190294550065,hist
PAN,2021,63238418849.185,14552.940140029525,4345405.0,2.7841391807830975,hist
PAN,2022,70219021768.65489,15956.065393205898,4400773.0,2.736197881274777,hist
PAN,2023,75251148212.8876,16877.150842395295,4458759.0,2.6878687994286548,hist
PAN,2024,77318963569.7031,17122.72065556696,4515577.0,2.6414636804935836,hist
PAN,2025,77437845393.7853,17149.04770614814,4515577.0,2.6288791185872027,projected
PAN,2030,94439339159.33423,19887.937782855653,4748573.7430627635,2.5434410621531667,projected
PAN,2035,112006508870.06616,22599.52442246047,4956144.508897224,2.504260060095046,projected
PAN,2040,130482367147.54277,25386.242750914244,5139884.953745022,2.594625375960543,projected
PAN,2045,149732041920.06796,28282.39942506113,5294177.473053786,2.6598499831930713,projected
PAN,2050,170091679089.30716,31391.731948487115,5418359.183508016,2.9085962989886096,projected
PAN,2055,190086707603.07925,34470.90925135228,5514409.446441342,2.9535700465018526,projected
PAN,2060,210167591895.5845,37645.90804057718,5582747.311316076,2.998543794015097,projected
PAN,2065,229961769247.8033,40865.65538743011,5627262.479155966,3.1198450860260616,projected
PAN,2070,249231557254.79532,44131.573165486465,5647465.960939487,3.2411463780370275,projected
PER,2012,169620385179.423,5740.043462724726,29550366.0,1.9616489918824909,hist
PER,2013,179547449111.361,6021.461427652312,29817919.0,1.963878990280498,hist
PER,2014,183824551906.256,6103.91864749969,30115826.0,1.9640877073174994,hist
PER,2015,189802976285.619,6231.71150338894,30457600.0,1.9614632350099739,hist
PER,2016,197306492869.139,6392.254749410121,30866494.0,1.9546373362315406,hist
PER,2017,202276318741.548,6457.4194025472025,31324637.0,1.9449272658863979,hist
PER,2018,210305376512.78,6593.144374595267,31897584.0,1.9285310003297094,hist
PER,2019,215017545590.315,6626.260834949675,32449303.0,1.9139646409030113,hist
PER,2020,191509018299.917,5831.830247585226,32838579.0,1.9092835152299084,hist
PER,2021,217099648514.38196,6547.847181817753,33155882.0,1.8821708506154238,hist
PER,2022,223198050485.251,6667.516956320363,33475438.0,1.855447319476871,hist
PER,2023,222298021864.381,6568.000277979303,33845617.0,1.82649318474483,hist
PER,2024,229642617310.3,6711.1940327252605,34217848.0,1.798057723050068,hist
PER,2025,229995704469.9362,6721.512833593048,34217848.0,1.7894913479399086,projected
PER,2030,277314414461.16583,7929.625322248485,34971944.22075568,1.7313332296405497,projected
PER,2035,325148394716.48987,9158.899477308574,35500814.865591,1.7046625228397354,projected
PER,2040,375507630445.38885,10481.199066796182,35826781.65468442,1.766174651621856,projected
PER,2045,427337711380.51965,11890.052516952726,35940775.76791402,1.8105733725406463,projected
PER,2050,482485559287.92267,13461.893860319627,35840838.16840218,1.979896251177707,projected
PER,2055,536775805509.3907,15105.92798143208,35534116.551408514,2.010510109186756,projected
PER,2060,590462781637.3674,16845.73475725121,35051174.08922777,2.041123967195805,projected
PER,2065,644789396292.0388,18673.953821925574,34528809.61582838,2.123694371826738,projected
PER,2070,699779057306.6056,20592.64616073783,33981988.12548978,2.2062647764576706,projected
PHL,2012,253818843989.004,2533.7414196495847,100175512.0,0.009496530908971706,hist
PHL,2013,270952964501.39102,2654.4150693397833,102076336.0,0.009780045088623101,hist
PHL,2014,288153024771.69604,2776.920059094783,103767130.0,0.010073541506764394,hist
PHL,2015,306445871242.322,2909.8581801030023,105312992.0,0.010371880932071444,hist
PHL,2016,328355086268.976,3076.3374186758983,106735719.0,0.010673888243124758,hist
PHL,2017,351113338965.581,3247.450387836201,108119693.0,0.010971881493290432,hist
PHL,2018,373379140695.818,3410.936479761095,109465287.0,0.011266291031770816,hist
PHL,2019,396224439236.642,3575.881709229221,110804683.0,0.011554196709805977,hist
PHL,2020,358510629276.391,3198.66690008413,112081264.0,0.011841858120738803,hist
PHL,2021,378998554988.857,3350.975875877762,113100950.0,0.012736835931314366,hist
PHL,2022,407730367707.39294,3577.701365732436,113964338.0,0.013634493813060273,hist
PHL,2023,430232801525.6519,3744.6976380292795,114891199.0,0.014510631740515038,hist
PHL,2024,454721721977.44495,3925.304869721798,115843670.0,0.015369348160844263,hist
PHL,2025,454908754750.6254,3926.9193970686997,115843670.0,0.01634737153963328,projected
PHL,2030,564090852749.3937,4576.819111969716,123249540.55407864,0.02044097807169782,projected
PHL,2035,689688377731.1641,5301.2909318018055,130098194.30844788,0.027707098756972144,projected
PHL,2040,840466412375.336,6166.811972204958,136288639.27803937,0.0383308975272813,projected
PHL,2045,1024196033670.3801,7223.084400157002,141794831.25631455,0.048554041112820565,projected
PHL,2050,1249623302160.9817,8527.748852031615,146536128.56613111,0.06253857251849315,projected
PHL,2055,1499490894055.1047,9954.090024355559,150640680.40234384,0.05764260106975155,projected
PHL,2060,1784023699767.783,11576.392350179834,154108779.81688905,0.05274662962100995,projected
PHL,2065,2106360530966.958,13429.764645266292,156842698.78172478,0.05045306232485892,projected
PHL,2070,2461454559278.2354,15492.765073388313,158877679.20177388,0.04815949502870789,projected
PLW,2012,259543766.67708004,14609.83769643006,17765.0,,hist
PLW,2013,252919480.330118,14331.339547264166,17648.0,,hist
PLW,2014,265990771.287714,15015.002612910754,17715.0,,hist
PLW,2015,287057525.634766,16154.053215237253,17770.0,,hist
PLW,2016,290866364.105097,16343.561505034388,17797.0,,hist
PLW,2017,282170906.738952,15841.618388667863,17812.0,,hist
PLW,2018,278660962.692401,15642.806932322948,17814.0,,hist
PLW,2019,277652130.171489,15600.187109309418,17798.0,,hist
PLW,2020,258570955.305441,14532.989844055812,17792.0,,hist
PLW,2021,224284364.068701,12612.290618495248,17783.0,,hist
PLW,2022,227677066.634821,12820.37652090889,17759.0,,hist
PLW,2023,232722385.881789,13128.131431251142,17727.0,,hist
PNG,2012,17289980088.7062,2139.4809666042847,8081390.0,0.6991683639169113,hist
PNG,2013,17951312547.2223,2162.1059259559124,8302698.0,0.6650152188777734,hist
PNG,2014,20382597142.1943,2391.3578028162924,8523441.0,0.632677439899873,hist
PNG,2015,21723437010.0982,2484.5963398602994,8743246.0,0.602036947638117,hist
PNG,2016,22915960976.066,2557.094630300351,8961718.0,0.5729844922101699,hist
PNG,2017,23725951011.6612,2584.8883636271053,9178714.0,0.5454025194414273,hist
PNG,2018,23659695751.3327,2518.458993173217,9394513.0,0.519160710523671,hist
PNG,2019,24719771866.5529,2572.5617796789575,9609010.0,0.49416436733601343,hist
PNG,2020,23936789891.161995,2438.611379222934,9815746.0,0.4706314375542103,hist
PNG,2021,23814388297.7556,2378.3716816548977,10012896.0,0.44417999775209127,hist
PNG,2022,25173614524.029205,2467.2348879087667,10203169.0,0.4190323217126814,hist
PNG,2023,26132952333.2822,2515.290703983557,10389635.0,0.39495006966286983,hist
PNG,2024,27125951106.4194,2564.7374818649305,10576502.0,0.3717029069863292,hist
PNG,2025,27137108351.86288,2565.7923907037393,10576502.0,0.3554337730254917,projected
PNG,2030,35334425166.21069,3115.7039992737004,11340751.616471743,0.3503183973125954,projected
PNG,2035,45459029202.01254,3772.702476070594,12049460.43064593,0.31527582521340464,projected
PNG,2040,57984295233.17582,4576.398597824114,12670289.528701656,0.2586745221070646,projected
PNG,2045,73829036735.35567,5587.71828758078,13212734.238847995,0.1757260670315872,projected
PNG,2050,93946600231.58649,6871.349815746944,13672219.10552288,0.07845117567119266,projected
PNG,2055,117233594986.39987,8337.977007445013,14060196.481918998,0.06087628573209175,projected
PNG,2060,144399778661.802,10052.706071749655,14364269.444582446,0.04330139579299085,projected
PNG,2065,175663212434.63162,12039.945339585234,14590034.047503663,0.03876355128313437,projected
PNG,2070,210850446938.99084,14318.521103133475,14725714.018946286,0.03422570677327788,projected
POL,2012,439333996551.267,11542.235336801403,38063164.0,7.439958800934804,hist
POL,2013,442340098156.2541,11628.228680952487,38040196.0,7.283169055981314,hist
POL,2014,459682079851.439,12093.16227873942,38011735.0,7.127219654354204,hist
POL,2015,480054118583.367,12637.522032440627,37986412.0,6.970460679085536,hist
POL,2016,494605411858.33704,13026.185898871841,37970087.0,6.811877928617395,hist
POL,2017,520089746650.74994,13695.645284872404,37974826.0,6.6494683604454625,hist
POL,2018,552573816155.9889,14551.08502770891,37974750.0,6.487921852753767,hist
POL,2019,577884228677.5438,15221.309062445389,37965475.0,6.3279075732702,hist
POL,2020,566120997479.772,15090.22284401132,37515748.0,6.240228054968805,hist
POL,2021,605337233054.782,16368.6239689025,36981559.0,5.9461869472846045,hist
POL,2022,637150470884.733,17303.644943229967,36821749.0,5.586147025751849,hist
POL,2023,638740867489.057,17410.383013706578,36687353.0,5.2193502186605505,hist
POL,2024,658084600079.586,18000.503459128533,36559233.0,4.849023614525021,hist
POL,2025,650218978584.6653,17785.356125624006,36559233.0,4.460406059099162,projected
POL,2030,715194821921.0903,19753.65263915016,36205700.02854213,2.8823936916968727,projected
POL,2035,775231589948.4165,21754.754249014604,35635042.3946311,2.0495667775481063,projected
POL,2040,833184872664.9873,23832.10882948229,34960602.044342324,1.7353698334807701,projected
POL,2045,866780036598.372,25289.912191578824,34273746.38679043,0.9110938525563914,projected
POL,2050,911127851136.7396,27116.11819336917,33600969.159351945,0.43523388765194476,projected
POL,2055,936067696047.0399,28446.43613043523,32906325.83128852,0.23098611022571308,projected
POL,2060,973992792208.9188,30301.735133075803,32143135.960084304,0.026738332799481436,projected
POL,2065,1019129877652.9446,32599.16704207022,31262451.471159566,0.027140688012606332,projected
POL,2070,1059564249553.6152,34994.33117076117,30278168.323414434,0.02754304322573122,projected
PRI,2025,99210088884.53241,30971.2620550191,3203295.0,,projected
PRI,2030,106669607089.06302,34185.5014095591,3120317.1722160433,,projected
PRI,2035,113766036049.10107,37632.4518807924,3023083.2795448876,,projected
PRI,2040,120234575009.90483,41256.59746896802,2914311.464980642,,projected
PRI,2045,125704040380.76663,45000.5501134761,2793388.9711077698,,projected
PRI,2050,130309723376.99129,48878.0752999489,2666015.848155288,,projected
PRI,2055,133937146816.39822,52846.777119267674,2534443.046812885,,projected
PRI,2060,136301852246.29507,56763.03569985516,2401243.178166436,,projected
PRI,2065,138282654398.57553,60789.970177928335,2274761.017217661,,projected
PRI,2070,140127009000.37778,64984.39672405914,2156317.7634070218,,projected
PRT,2012,196414790526.28003,18679.762678959385,10514844.0,5.1285049260592634,hist
PRT,2013,194481859660.11102,18597.721462396443,10457295.0,5.062467603044251,hist
PRT,2014,195923731482.461,18836.896797890542,10401062.0,4.995067335932484,hist
PRT,2015,199038523119.639,19215.78130143465,10358076.0,4.920633229321791,hist
PRT,2016,203027536357.754,19662.823124620016,10325452.0,4.8407160151122195,hist
PRT,2017,209757330876.906,20364.196273594556,10300300.0,4.756839000990693,hist
PRT,2018,215937376369.165,20997.774598701242,10283822.0,4.668610236946575,hist
PRT,2019,221866335067.158,21569.187475291852,10286263.0,4.571674335603547,hist
PRT,2020,203663019645.466,19778.71395257219,10297081.0,4.47114405224163,hist
PRT,2021,214984151437.597,20747.699073416366,10361831.0,4.1211027285572674,hist
PRT,2022,230002603240.143,22042.86802836473,10434332.0,3.7726044700607817,hist
PRT,2023,237132635847.463,22417.16158643855,10578174.0,3.4057905536104083,hist
PRT,2024,242206495918.36,22647.379189557872,10694681.0,3.0566112838705712,hist
PRT,2025,241507985535.30386,22582.06537766801,10694681.0,2.7445344242007015,projected
PRT,2030,262859875911.37622,24394.131223767963,10775537.505318642,2.1968135165101903,projected
PRT,2035,284623064460.864,26222.512115400506,10854149.412088731,1.310426750358206,projected
PRT,2040,307893027592.0399,28188.216047333943,10922756.767403187,0.5369690190067685,projected
PRT,2045,330868077701.50684,30157.38511930859,10971378.201144667,0.09286841436291132,projected
PRT,2050,360327758503.7319,32767.329384049193,10996555.57157294,0.04903682755728655,projected
PRT,2055,390899131072.7489,35560.36632670988,10992550.737002367,0.02925549737871301,projected
PRT,2060,426077045280.6737,38858.91173079198,10964718.935838038,0.009474167200139454,projected
PRT,2065,462902919753.23816,42466.60487196243,10900398.587287556,0.009740011897743206,projected
PRT,2070,498954588480.2877,46168.847919512365,10807170.006713862,0.010005856595346958,projected
PRY,2012,30842899501.434105,5230.262448589879,5897008.0,1.3737865546678896,hist
PRY,2013,33400724748.6301,5583.122744735656,5982445.0,1.3679812819387978,hist
PRY,2014,35171376876.6336,5794.4764468998455,6069811.0,1.3619065333809766,hist
PRY,2015,36211447840.1027,5879.337923087615,6159103.0,1.3555801444377673,hist
PRY,2016,37756961788.473595,6041.958793673482,6249126.0,1.3492767166810935,hist
PRY,2017,39573101423.9484,6243.133631390294,6338660.0,1.343255938710362,hist
PRY,2018,40841122661.1912,6354.2392005316005,6427382.0,1.3375718395958403,hist
PRY,2019,40677000526.5933,6243.536208978232,6515058.0,1.3322563885977006,hist
PRY,2020,40343536418.80139,6109.196081008258,6603739.0,1.3268801386069202,hist
PRY,2021,41964030301.44111,6278.110066638088,6684182.0,1.3047826610144357,hist
PRY,2022,42037903094.7542,6218.197906941625,6760464.0,1.2840005410406243,hist
PRY,2023,44139473679.5817,6449.2302881296955,6844146.0,1.2623158668307968,hist
PRY,2024,46015383701.3623,6640.8381661311705,6929153.0,1.240917720784546,hist
PRY,2025,46086134685.30843,6651.048791289272,6929153.0,1.2350056933002156,projected
PRY,2030,59067898442.466095,8077.805074800908,7312369.869722553,1.194868250169226,projected
PRY,2035,74735491707.8279,9753.78811495373,7662201.6827748595,1.1764616371496852,projected
PRY,2040,93674846575.73645,11747.114550047969,7974285.615130392,1.2189138285729018,projected
PRY,2045,115704130066.94943,14036.622105540227,8243018.09915373,1.2495553140280158,projected
PRY,2050,141333690782.66693,16693.308776514874,8466487.54149348,1.3664123859347828,projected
PRY,2055,169691303528.2018,19620.38333548828,8648725.186794562,1.3875403388464222,projected
PRY,2060,201114737336.6463,22896.187541448653,8783765.28723706,1.4086682917580613,projected
PRY,2065,235577617934.79718,26531.502150490836,8879166.230338713,1.465653713864013,projected
PRY,2070,272857943879.4185,30526.545512718334,8938382.620651824,1.522639135969965,projected
PSE,2012,12886900000.0,3237.9161999578896,3979998.0,,hist
PSE,2013,13492400000.0,3309.631202430981,4076708.0,,hist
PSE,2014,13471100000.0,3227.8493448264458,4173398.0,,hist
PSE,2015,13972400000.0,3272.1543236070793,4270092.0,,hist
PSE,2016,15211000000.0,3483.0990353297207,4367088.0,,hist
PSE,2017,15426900000.0,3462.97986107136,4454805.0,,hist
PSE,2018,15616200000.0,3417.7944083796174,4569087.0,,hist
PSE,2019,15828999999.999996,3378.4346209191026,4685306.0,,hist
PSE,2020,14037400000.0,2922.468010848445,4803269.0,,hist
PSE,2021,15021700000.0,3051.486070079949,4922749.0,,hist
PSE,2022,15635000000.0,3099.9609010367967,5043612.0,,hist
PSE,2023,14922700000.0,2888.7630607217698,5165775.0,,hist
PSE,2024,10959600000.0,2072.090195176845,5289152.0,,hist
PSE,2025,10957721370.119497,2071.7350097179087,5289152.0,,projected
PSE,2030,14787322528.48759,2671.246904221806,5535737.825326734,,projected
PSE,2035,19469573790.12695,3401.1478987561045,5724412.571781286,,projected
PSE,2040,24933864065.482296,4256.405918109007,5857961.986050349,,projected
PSE,2045,31185098039.60455,5251.326338464891,5938518.391283377,,projected
PSE,2050,38382399373.055374,6420.038961886931,5978530.597853926,,projected
PSE,2055,45961982551.77374,7691.253434580733,5975876.746581194,,projected
PSE,2060,54072807541.0708,9106.14340511886,5938057.982995821,,projected
PSE,2065,63168388499.66408,10706.259427686042,5900136.17046423,,projected
PSE,2070,73043629530.16057,12455.915020006209,5864172.115243298,,projected
PYF,2012,5179978074.0569,18968.44221579038,273084.0,,hist
PYF,2013,5200635899.8791,18930.126888701187,274728.0,,hist
PYF,2014,5231504505.84414,18928.18586201283,276387.0,,hist
PYF,2015,5325846361.81186,19166.959476193057,277866.0,,hist
PYF,2016,5448457902.84308,19516.071835327566,279178.0,,hist
PYF,2017,5682340239.1533,20287.768583166304,280087.0,,hist
PYF,2018,5785013023.38646,20674.420682902848,279815.0,,hist
PYF,2019,5940599015.38201,21289.875124113943,279034.0,,hist
PYF,2020,5312451133.13352,19026.790444195998,279209.0,,hist
PYF,2021,5491263054.60892,19626.233254020557,279792.0,,hist
PYF,2022,5652560509.139099,20160.49942983793,280378.0,,hist
PYF,2023,5809297011.57328,20664.977025922497,281118.0,,hist
PYF,2024,5874732292.7704,20846.651405999142,281807.0,,hist
PYF,2025,5877148644.176761,20855.225896364394,281807.0,,projected
PYF,2030,6298229898.458436,21544.50021454306,292335.85535704275,,projected
PYF,2035,6818254266.360315,22634.67555398923,301230.4837370924,,projected
PYF,2040,7450090775.760681,24120.32495687727,308871.90736775234,,projected
PYF,2045,8215217154.393106,26049.77032796039,315366.2028864548,,projected
PYF,2050,9117339007.031162,28438.00846101653,320603.99094153935,,projected
PYF,2055,9998811214.208065,30797.411445989917,324664.01378385955,,projected
PYF,2060,10972413441.100418,33494.7671572002,327585.8998990454,,projected
PYF,2065,12063368710.567183,36593.44454253911,329659.2835512866,,projected
PYF,2070,13275299405.781036,40099.23421361611,331061.170272256,,projected
QAT,2012,138865975290.062,80621.7554942831,1722438.0,65.58463768336316,hist
QAT,2013,146581512800.90903,76486.9151226862,1916426.0,58.914862639745756,hist
QAT,2014,154400671412.79,71756.02657972483,2151745.0,52.444168308242006,hist
QAT,2015,161739835164.835,68985.24333801011,2344557.0,48.10588069456146,hist
QAT,2016,166695713593.11,67294.35176881716,2477113.0,45.507605713094115,hist
QAT,2017,164199341779.27,64497.62425437383,2545820.0,44.256068417233145,hist
QAT,2018,166226927746.608,64410.71716287227,2580734.0,43.63428640268282,hist
QAT,2019,167370994374.124,63430.37172854372,2638657.0,42.65389130619174,hist
QAT,2020,161416766491.661,57769.58360532836,2794148.0,40.25895953238796,hist
QAT,2021,164042913770.979,65488.54600403967,2504910.0,43.74926725585333,hist
QAT,2022,170908060803.633,64315.63556529535,2657333.0,40.14794638993921,hist
QAT,2023,173539688045.024,65337.95076453295,2656032.0,39.075187575516075,hist
QAT,2024,177634714249.328,62157.37517918471,2857822.0,35.30081103334284,hist
QAT,2025,177604265156.11243,62146.720529169565,2857822.0,34.28552239127793,projected
QAT,2030,199025064064.26263,64240.416991216436,3098128.458466813,33.64870447778362,projected
QAT,2035,214574329184.71286,64475.98189888822,3327973.035311198,32.11149437254907,projected
QAT,2040,226415721037.65253,64031.79164993574,3535989.157940105,32.860214311725116,projected
QAT,2045,238162922819.97812,64080.06788611932,3716645.91934004,32.697956934052705,projected
QAT,2050,251675663530.79852,65133.6907573929,3863985.912731845,28.862907352898127,projected
QAT,2055,265394672809.86063,66693.32552189863,3979328.826881166,22.997294103721803,projected
QAT,2060,281528136095.9021,69278.413446693,4063720.892114928,17.131680854545486,projected
QAT,2065,298215349420.9384,72563.7329711878,4109702.425857115,14.761224622552493,projected
QAT,2070,312963176839.31323,76050.482012535,4115203.0671906746,12.3907683905595,projected
ROU,2012,165163587446.01898,8234.285534251934,20058035.0,3.5580486283027333,hist
ROU,2013,165624017079.639,8287.958440896735,19983693.0,3.493914192821878,hist
ROU,2014,172441103432.37497,8661.473972742398,19908979.0,3.4293648748734045,hist
ROU,2015,177885131240.315,8977.01748158195,19815616.0,3.3674955124629604,hist
ROU,2016,182972525962.275,9286.876782365958,19702267.0,3.308393020771987,hist
ROU,2017,197967999561.02,10106.226955725273,19588715.0,3.24864021533231,hist
ROU,2018,208647427408.285,10714.170115712666,19473970.0,3.188385932358952,hist
ROU,2019,216910469745.256,11197.316291585312,19371648.0,3.1254117705771476,hist
ROU,2020,209105975817.662,10854.04943188705,19265250.0,3.0624165974578204,hist
ROU,2021,220789460074.341,11546.322499807213,19122059.0,2.8981040121093553,hist
ROU,2022,230035489109.198,12076.30338118966,19048502.0,2.721327402081767,hist
ROU,2023,235229078939.709,12340.817050996897,19061062.0,2.5316902602135642,hist
ROU,2024,237383786157.719,12459.911206189136,19051804.0,2.3449852606212205,hist
ROU,2025,234050211003.76132,12284.936954199262,19051804.0,2.1570500159335015,projected
ROU,2030,261568294532.5141,14032.271512224219,18640481.286629096,1.3939240679484375,projected
ROU,2035,286488590992.5495,15741.006553421268,18200144.31861614,0.9911694118404553,projected
ROU,2040,312329896708.65204,17623.119568699552,17722736.062199883,0.8392239355257753,projected
ROU,2045,329445354950.6903,19155.20339183916,17198739.59109442,0.44060450621183855,projected
ROU,2050,349170477529.3105,21008.381908239215,16620531.702747196,0.21047887834768894,projected
ROU,2055,365332359537.3925,22849.363810988743,15988732.227270871,0.1117047609883796,projected
ROU,2060,386224470385.16376,25228.15371329951,15309264.19643456,0.012930643629070197,projected
ROU,2065,406843197604.7961,27870.614096752703,14597568.47095087,0.013125222397770298,projected
ROU,2070,423802904038.5802,30527.411037056674,13882700.485938145,0.0133198011664704,projected
RUS,2012,1356935163515.02,9464.010748526382,143378447.0,12.204793703524409,hist
RUS,2013,1380755103919.45,9601.536651292141,143805638.0,12.330160389041508,hist
RUS,2014,1390921151162.46,9643.288481520889,144237223.0,12.454405029762505,hist
RUS,2015,1363482182197.71,9426.683024700389,144640716.0,12.580351232718666,hist
RUS,2016,1366123111808.03,9420.534278262676,145015460.0,12.708115562669276,hist
RUS,2017,1391065651845.68,9574.192580204202,145293260.0,12.843785308935724,hist
RUS,2018,1430116278515.49,9835.865939790783,145398106.0,12.994375954918644,hist
RUS,2019,1461551317106.2097,10048.251964998233,145453291.0,13.149237487647127,hist
RUS,2020,1422766794794.99,9795.62356737032,145245148.0,13.328101541406257,hist
RUS,2021,1506233291759.56,10405.989543030746,144746762.0,13.74576414567471,hist
RUS,2022,1484605556957.56,10292.825326212116,144236933.0,14.16743672484801,hist
RUS,2023,1545214947189.49,10743.631544487014,143826130.0,14.58205398438498,hist
RUS,2024,1612344875264.3604,11233.202927610158,143533851.0,14.986660968127323,hist
RUS,2025,1585733565786.3813,11047.801997498007,143533851.0,15.361574411796656,projected
RUS,2030,1836150430152.3577,12909.512361292358,142232361.5923586,14.699514501245675,projected
RUS,2035,2075389551072.1091,14712.007997789065,141067728.57817918,14.696582052924727,projected
RUS,2040,2283596053936.21,16269.776258057394,140358171.9696538,14.342150853503131,projected
RUS,2045,2459222601958.1084,17591.759231960157,139794012.04458675,14.782637619053478,projected
RUS,2050,2620941991106.7617,18820.418882848455,139260555.64551198,14.32104721302377,projected
RUS,2055,2764854053181.2334,19945.35829833538,138621428.1952501,14.4602547028414,projected
RUS,2060,2953735549467.681,21412.346930631233,137945436.76304078,14.599462192659031,projected
RUS,2065,3160055583700.557,23064.692954075825,137008352.54961133,14.30638422977807,projected
RUS,2070,3362294733941.7007,24738.762900248043,135911999.6217753,14.013306266897109,projected
RWA,2012,7059501492.72193,651.8528186658335,10829901.0,0.03968225796404024,hist
RWA,2013,7392699272.959951,666.4087887831754,11093340.0,0.039862769340620614,hist
RWA,2014,7848619320.216641,690.6103949443566,11364757.0,0.04000680191113133,hist
RWA,2015,8543760199.80208,733.9986298824933,11640022.0,0.04013084429713328,hist
RWA,2016,9053886356.47148,759.6062881551093,11919183.0,0.04023599930693815,hist
RWA,2017,9408633100.29498,771.069237513582,12202060.0,0.04032405736058761,hist
RWA,2018,10209916254.6891,817.578437300036,12487996.0,0.04039822688823688,hist
RWA,2019,11174486370.4509,874.639658935976,12776103.0,0.04046219917117586,hist
RWA,2020,10797494124.6384,826.3913077010221,13065837.0,0.040518303775526995,hist
RWA,2021,11969932683.8627,896.2710335749883,13355260.0,0.043085444423445696,hist
RWA,2022,12946823692.9381,948.4136869480252,13651030.0,0.045522504333652056,hist
RWA,2023,14014924091.7947,1004.332166500235,13954471.0,0.04782989137868151,hist
RWA,2024,15260942682.7546,1070.4500377092606,14256567.0,0.05004378627899045,hist
RWA,2025,15261277044.85261,1070.473490907917,14256567.0,0.05327119438103542,projected
RWA,2030,21088940127.77033,1344.3908670957378,15686613.65078176,0.06428443175379096,projected
RWA,2035,28586889607.83669,1667.0833094509146,17147847.048659086,0.08394593129032457,projected
RWA,2040,38144656934.2648,2047.838384907957,18626790.676149603,0.12662446258905927,projected
RWA,2045,50571190565.00221,2520.9168454271635,20060634.152505353,0.16012262392007032,projected
RWA,2050,66747864496.562,3119.317169338525,21398229.443502337,0.20397341891789045,projected
RWA,2055,86530409126.83485,3832.418587563677,22578538.10844902,0.1953214389703294,projected
RWA,2060,111377013747.42436,4713.758300783947,23628070.56290969,0.1866694590227683,projected
RWA,2065,142079909575.84518,5774.0256162900805,24606733.50235917,0.18313012886132743,projected
RWA,2070,179009175423.55823,7014.541679861387,25519725.107271098,0.1795907986998866,projected
SAU,2012,618711318317.787,23643.035832464662,26168861.0,21.61386699054196,hist
SAU,2013,636936313349.28,23057.349446853543,27624004.0,20.46453441466586,hist
SAU,2014,662570908159.594,23404.730603982447,28309273.0,19.95863617231548,hist
SAU,2015,693414400000.0,23256.154955353068,29816382.0,18.939808984558912,hist
SAU,2016,705230509999.152,22783.032853868543,30954198.0,18.233994602978477,hist
SAU,2017,713567089638.542,23035.119997770693,30977355.0,18.210747136171364,hist
SAU,2018,736593549189.516,24393.518830663816,30196281.0,18.671931104141606,hist
SAU,2019,748759049109.6,24905.66974285585,30063799.0,18.744303672805515,hist
SAU,2020,720270347023.097,22827.67193554798,31552510.0,17.850468238345332,hist
SAU,2021,767229070838.89,24922.671694894452,30784383.0,17.82395304886869,hist
SAU,2022,859301066620.788,26706.91792606597,32175224.0,16.601957980640925,hist
SAU,2023,863963569239.897,25634.823754784054,33702731.0,15.418454857590842,hist
SAU,2024,881212616884.024,24963.332213909467,35300280.0,14.309131716132152,hist
SAU,2025,881061564623.6162,24959.053146989663,35300280.0,13.897585961688222,projected
SAU,2030,1060192730088.8875,27505.8693232623,38544236.41837998,13.6394527591741,projected
SAU,2035,1228263683648.3494,29442.429268934837,41717470.81156477,13.016346908988552,projected
SAU,2040,1398402583125.3452,31243.061349390195,44758820.76621916,13.319839432660183,projected
SAU,2045,1566329295322.4768,32934.67847283039,47558663.63215379,13.254068643801086,projected
SAU,2050,1735695843794.3337,34642.90129465742,50102496.58454589,11.699536949251469,projected
SAU,2055,1891645132265.017,36108.88081678149,52387254.58879027,9.321919265083324,projected
SAU,2060,2054339018608.234,37799.13945466963,54348830.37673084,6.944301580915181,projected
SAU,2065,2230914095353.838,39879.27247356605,55941694.94522744,5.983440641519874,projected
SAU,2070,2411460473335.974,42194.64598316841,57150863.981603585,5.022579702124566,projected
SDN,2012,47566600027.2224,1288.2585574628056,36923178.0,0.14846388654935294,hist
SDN,2013,48496595854.7667,1283.4592086250782,37785849.0,0.14927931813568482,hist
SDN,2014,50757206252.6521,1307.3897046267941,38823318.0,0.14938272504586886,hist
SDN,2015,51726758676.76771,1292.379613760598,40024431.0,0.14886958174187948,hist
SDN,2016,53520457581.1072,1297.1545728017709,41259892.0,0.1482628109324934,hist
SDN,2017,53900054790.1369,1261.873593126783,42714306.0,0.14693425736462817,hist
SDN,2018,52455031754.9093,1185.9444931492512,44230596.0,0.1454893823999085,hist
SDN,2019,51312429477.3951,1126.5529184735744,45548175.0,0.14476912323016775,hist
SDN,2020,49449890489.35501,1056.8647834659862,46789231.0,0.14432501837332248,hist
SDN,2021,48525909156.8784,1009.5488772461996,48066924.0,0.15269880221054336,hist
SDN,2022,48061119947.9824,973.2252639985634,49383346.0,0.1605129554757551,hist
SDN,2023,33915159867.9417,677.7231882998233,50042791.0,0.17012584119735447,hist
SDN,2024,29179132473.6304,578.3891429766436,50448963.0,0.180389773556594,hist
SDN,2025,29179772645.27657,578.4018324673308,50448963.0,0.1920234140141112,projected
SDN,2030,38505989876.01365,702.6807138713406,54798700.34267657,0.2317221567255604,projected
SDN,2035,50440596242.15932,855.4666623330712,58962667.35233752,0.3025947607568699,projected
SDN,2040,65800469091.41289,1047.2389024786648,62832338.38589512,0.4564354504638133,projected
SDN,2045,86013564947.1473,1297.3568685245116,66299078.56037392,0.5771842224167503,projected
SDN,2050,112505361524.84952,1622.6190604289127,69335658.7929582,0.7352504993334172,projected
SDN,2055,144799711141.35754,2011.0843091314277,72000815.91999266,0.7040632367458947,projected
SDN,2060,185125686498.15387,2493.003884626929,74258081.84244262,0.6728759741583719,projected
SDN,2065,235211344965.119,3092.228763830627,76065311.76359059,0.660117967344,projected
SDN,2070,295887718983.92255,3818.8560064778717,77480721.57787892,0.6473599605296279,projected
SEN,2012,15361066998.890099,1154.0567799236692,13310495.0,0.5421969436398837,hist
SEN,2013,15731635117.4164,1147.3859217191,13710849.0,0.5807608848059743,hist
SEN,2014,16710783797.4248,1180.7987108505013,14152102.0,0.6153531034491035,hist
SEN,2015,17774766696.1759,1218.0061355543776,14593331.0,0.6478544874624869,hist
SEN,2016,18904543055.8656,1257.409069159277,15034521.0,0.6784499529265067,hist
SEN,2017,20304894471.3123,1312.1093277604941,15475002.0,0.7073333595737002,hist
SEN,2018,21565674310.7132,1355.096108637118,15914498.0,0.7346634649372472,hist
SEN,2019,22560634320.127,1379.6087524986053,16352922.0,0.7605744913822771,hist
SEN,2020,22863414676.2849,1361.791437486455,16789219.0,0.7852319051953043,hist
SEN,2021,24359596784.117,1414.5395109385026,17220867.0,0.7933655522904615,hist
SEN,2022,25297546478.5042,1433.1991875240997,17651103.0,0.8011655075968884,hist
SEN,2023,26374572022.2227,1458.9664233258911,18077573.0,0.8087627211298961,hist
SEN,2024,27973016519.3217,1511.8928067023353,18501984.0,0.8161005526309352,hist
SEN,2025,27973629398.66259,1511.9259317629173,18501984.0,0.8419903294388915,projected
SEN,2030,37006722201.734985,1834.7030654384382,20170414.983686477,0.9724108014736085,projected
SEN,2035,48560932711.029366,2226.3046210404855,21812348.70200913,1.1058114111633228,projected
SEN,2040,63464929648.81346,2717.105135434545,23357553.898503657,1.3863200614813473,projected
SEN,2045,83179516666.41269,3357.402711556279,24774959.637730185,1.7391312396111571,projected
SEN,2050,109325643930.01825,4199.578665554133,26032526.74529738,2.1901193933621803,projected
SEN,2055,141516785706.65198,5215.146609714138,27135725.2820183,1.867323746908842,projected
SEN,2060,181666364599.13382,6461.029538862391,28117247.18273309,1.5445281004555038,projected
SEN,2065,231335878451.3952,7963.186305775255,29050667.60570705,1.3593305041711585,projected
SEN,2070,291278371188.7766,9736.960246338442,29914712.992518492,1.174132907886813,projected
SGP,2012,274543305511.611,51679.35271733312,5312437.0,0.06717575098282973,hist
SGP,2013,287769788882.221,53298.97285582856,5399162.0,0.06936163749344704,hist
SGP,2014,299095084828.978,54681.93364582528,5469724.0,0.07168963000707491,hist
SGP,2015,307998545269.398,55645.606861460576,5535002.0,0.07402892757567953,hist
SGP,2016,319541032495.045,56986.785310291096,5607283.0,0.07621838144742558,hist
SGP,2017,333846562289.746,59485.30158739208,5612253.0,0.07929182931811668,hist
SGP,2018,345370865382.86694,61250.347667230206,5638676.0,0.08204649094122657,hist
SGP,2019,349888458531.08594,61345.529182006205,5703569.0,0.0842036541931789,hist
SGP,2020,336541232520.503,59189.70385743009,5685807.0,0.08756701100325047,hist
SGP,2021,369376902514.865,67731.2610711716,5453566.0,0.09908935468617179,hist
SGP,2022,384550906479.006,68218.80533356193,5637022.0,0.10340416397621577,hist
SGP,2023,391555143381.885,66167.35963036075,5917648.0,0.10568265614524963,hist
SGP,2024,408736675576.891,67706.83361497385,6036860.0,0.11063598796720692,hist
SGP,2025,408904794121.1324,67734.68228866205,6036860.0,0.11767627241095557,projected
SGP,2030,451560216391.9087,72580.90992085607,6221473.620051065,0.14714402851123076,projected
SGP,2035,485400663656.365,76034.0702996745,6383988.937370396,0.19944907309030577,projected
SGP,2040,512475830080.5601,78679.6824941182,6513445.578772778,0.27592430552159364,projected
SGP,2045,536037123620.07574,81110.65601072973,6608713.946897015,0.3495154285074249,projected
SGP,2050,558133536285.3301,83639.28252590666,6673102.870202794,0.45018283691884503,projected
SGP,2055,573458363449.6754,85419.56884579892,6713430.788732892,0.414939270788256,projected
SGP,2060,586482456024.7244,87068.97899391947,6735837.066214844,0.3796957046576668,projected
SGP,2065,596250123327.4602,88783.64913065113,6715764.999138951,0.36318549998773714,projected
SGP,2070,603505380290.2369,90712.20380059273,6652967.902939356,0.3466752953178075,projected
SLB,2012,1207965042.16349,2105.9142375837946,573606.0,,hist
SLB,2013,1271231571.58946,2136.7211617703483,594945.0,,hist
SLB,2014,1286352300.29305,2085.1606727308613,616908.0,,hist
SLB,2015,1307908813.59962,2045.477215266486,639415.0,,hist
SLB,2016,1380562408.99877,2084.248457452259,662379.0,,hist
SLB,2017,1423021077.9804204,2075.3670530230493,685672.0,,hist
SLB,2018,1462095137.0898302,2061.899697066892,709101.0,,hist
SLB,2019,1487670872.02155,2043.0913977830712,728147.0,,hist
SLB,2020,1437368862.9268897,1930.655103071989,744498.0,,hist
SLB,2021,1434092017.05313,1880.5519827182984,762591.0,,hist
SLB,2022,1397028143.8117,1788.6172792205782,781066.0,,hist
SLB,2023,1436719369.01707,1795.887986971419,800005.0,,hist
SLB,2024,1479785892.35403,1806.3836732438676,819198.0,,hist
SLB,2025,1480394546.9350278,1807.1266616068738,819198.0,,projected
SLB,2030,1931185982.2715757,2183.597931375169,884405.482585967,,projected
SLB,2035,2477599590.438828,2614.8384652194873,947515.3526284312,,projected
SLB,2040,3136851599.923899,3119.6826548490385,1005503.426782264,,projected
SLB,2045,3952381820.881437,3742.269085725108,1056145.811630116,,projected
SLB,2050,4980606884.244506,4525.103785594895,1100661.359436583,,projected
SLB,2055,6165891402.37724,5410.953692718083,1139520.2680583152,,projected
SLB,2060,7556054930.660116,6447.006879012739,1172025.26264672,,projected
SLB,2065,9174668141.342323,7652.057347883687,1198980.5779330367,,projected
SLB,2070,11003005441.07493,9021.452592905016,1219648.978672051,,projected
SLE,2012,6715143020.4477005,1025.0436600450155,6551080.0,0.11912982700523705,hist
SLE,2013,7699806185.67422,1146.8197345647538,6714051.0,0.1282505430219926,hist
SLE,2014,7098065167.70102,1032.237893559046,6876385.0,0.13695166081556465,hist
SLE,2015,6788352974.78329,964.5759808889878,7037655.0,0.1452733908790812,hist
SLE,2016,7225348888.80731,1002.7786228201284,7205328.0,0.15308611422228166,hist
SLE,2017,7457128029.04966,1010.546940712073,7379299.0,0.16040647285695947,hist
SLE,2018,7672926606.696781,1015.6678297204988,7554563.0,0.16736096902981318,hist
SLE,2019,8095145458.326861,1046.96778078594,7731991.0,0.17395139800429876,hist
SLE,2020,7993685031.06354,1010.2529461475721,7912558.0,0.18017464179555334,hist
SLE,2021,8465060863.023761,1045.7661615757959,8094602.0,0.18252190569467824,hist
SLE,2022,8914856495.10508,1077.0888453850719,8276807.0,0.18476231986844294,hist
SLE,2023,9423896753.16695,1113.8683750069677,8460512.0,0.18687308072688524,hist
SLE,2024,9828485690.6466,1137.290056730543,8642022.0,0.18894210423326802,hist
SLE,2025,9828701029.447342,1137.314974371431,8642022.0,0.1949360579102447,projected
SLE,2030,13352135262.52591,1420.5290666377832,9399410.104383688,0.22513076656703362,projected
SLE,2035,18070213761.138508,1781.1264370188003,10145385.181853753,0.2560154312318472,projected
SLE,2040,24335265787.21254,2240.3229576558656,10862391.827951202,0.32095827985002434,projected
SLE,2045,32800947220.74961,2846.507087239665,11523226.963948147,0.40264047719441287,projected
SLE,2050,44217720953.31022,3651.5628503367147,12109259.176309358,0.5070524280003447,projected
SLE,2055,58566406986.28324,4637.25922537351,12629530.535154844,0.4323193715385962,projected
SLE,2060,76801973959.98146,5864.9858833257795,13094997.240885155,0.35758631507684785,projected
SLE,2065,99480028506.0482,7379.8158212244525,13480015.072997116,0.3147097070067983,projected
SLE,2070,126850868728.2358,9207.039806618399,13777595.339280512,0.2718330989367487,projected
SLV,2012,22019127752.9422,3601.442229145883,6113975.0,1.277631818452911,hist
SLV,2013,22499794814.169,3665.1547327058097,6138839.0,1.2854376766993914,hist
SLV,2014,22888906230.2134,3713.9499201622275,6162955.0,1.2933375120145443,hist
SLV,2015,23438240000.0,3790.3408910816156,6183676.0,1.3018901428411798,hist
SLV,2016,24033351541.724,3875.846913579538,6200800.0,1.3111457836875167,hist
SLV,2017,24573529736.8617,3954.840142775728,6213533.0,1.3212835145569413,hist
SLV,2018,25166352435.5773,4046.1629172058397,6219807.0,1.332762361375765,hist
SLV,2019,25779775126.599304,4143.1143709786775,6222318.0,1.3450310011779365,hist
SLV,2020,23744951345.511,3808.5319543640862,6234673.0,1.3551467019607082,hist
SLV,2021,26571731219.353905,4247.5475039497705,6255782.0,1.3442598774808427,hist
SLV,2022,27356823619.6966,4355.960838883599,6280319.0,1.3327184392990619,hist
SLV,2023,28325024473.790703,4489.177877127179,6309624.0,1.320268391126576,hist
SLV,2024,29062047321.2665,4585.225997577937,6338193.0,1.308085335711143,hist
SLV,2025,29106731691.537468,4592.2760148732405,6338193.0,1.301853305716693,projected
SLV,2030,32961781149.097073,5213.931602097783,6321866.810802652,1.2595433282756479,projected
SLV,2035,37250451460.950874,5931.856398679239,6279729.136606358,1.2401404136684258,projected
SLV,2040,42257116776.80697,6795.84958013526,6218077.118764879,1.284890430643285,projected
SLV,2045,47821641569.69757,7803.0692925309195,6128568.102742896,1.3171904591761199,projected
SLV,2050,54017828279.71583,8987.36846045105,6010416.566030589,1.440372697269023,projected
SLV,2055,60321051419.824135,10282.946965291248,5866124.917635966,1.4626442507446538,projected
SLV,2060,66784892014.67793,11709.083386637063,5703682.330155397,1.4849158042202844,projected
SLV,2065,73858341650.22932,13310.12006344753,5549036.469855769,1.5449856974594405,projected
SLV,2070,81754593390.37099,15134.33268714048,5401929.181842104,1.605055590698597,projected
SMR,2012,1408461048.24799,42082.55544677134,33469.0,,hist
SMR,2013,1397419106.23211,42293.487068554525,33041.0,,hist
SMR,2014,1387604046.66243,42492.850916013784,32655.0,,hist
SMR,2015,1419401070.56043,43146.824043542874,32897.0,,hist
SMR,2016,1452677592.44342,43886.21468968973,33101.0,,hist
SMR,2017,1456429357.00178,43057.778477510125,33825.0,,hist
SMR,2018,1478187032.6214697,42818.696269667744,34522.0,,hist
SMR,2019,1508721722.60406,43525.422571735275,34663.0,,hist
SMR,2020,1408423247.99647,40506.85211378976,34770.0,,hist
SMR,2021,1604162946.37945,46834.1395065821,34252.0,,hist
SMR,2022,1730866817.58497,51277.34609939179,33755.0,,hist
SMR,2023,1737823775.34504,51323.79726358654,33860.0,,hist
SOM,2012,4605859127.18469,369.61720475338495,12461160.0,0.01620240250410026,hist
SOM,2013,5110628982.78701,397.10879634485826,12869594.0,0.016142915399940307,hist
SOM,2014,5569461554.68169,417.5167969063955,13339491.0,0.01601296513931189,hist
SOM,2015,6152149099.999421,445.5830800733964,13806963.0,0.015894649789729275,hist
SOM,2016,6584944951.372289,458.9214768246054,14348740.0,0.015702345901475335,hist
SOM,2017,7555288980.07721,506.50109887945933,14916629.0,0.015496860310457584,hist
SOM,2018,7710498420.373011,498.9810650138719,15452487.0,0.01533817521422318,hist
SOM,2019,7926418061.75135,494.44403971233874,16030971.0,0.015149736736913265,hist
SOM,2020,7707287719.38597,462.8670537372354,16651191.0,0.01493689114926833,hist
SOM,2021,7972973226.06341,461.6278307259781,17271431.0,0.015652064501427282,hist
SOM,2022,8189695542.68851,460.04622668519596,17801897.0,0.01639994190592301,hist
SOM,2023,8531635197.80811,464.72106952556663,18358615.0,0.017080079362549915,hist
SOM,2024,8882404280.64207,467.2699101944148,19009151.0,0.017632724668122927,hist
SOM,2025,8882598891.118797,467.28014792027255,19009151.0,0.01876988879351045,projected
SOM,2030,12837024705.287308,624.9395343416946,20541226.790540155,0.02265035821314761,projected
SOM,2035,18303874170.754425,831.7894929941939,22005416.424371917,0.029578007651129293,projected
SOM,2040,26242779608.924335,1127.9058756644088,23266817.005865544,0.04461561466661584,projected
SOM,2045,38030666041.062775,1564.9200202377463,24301987.03399875,0.05641855564204827,projected
SOM,2050,55597235765.033195,2207.904323914183,25180998.634247955,0.07186920500667228,projected
SOM,2055,80001328629.64702,3084.1019403186115,25939910.605348624,0.06882071504232457,projected
SOM,2060,113530116425.78354,4273.464282425673,26566295.84870249,0.06577222507797685,projected
SOM,2065,159068929100.26352,5860.454174557405,27142764.769127604,0.06452515648291993,projected
SOM,2070,219315902752.4486,7924.044738510958,27677267.10155617,0.06327808788786297,projected
SRB,2012,41331605760.2741,5739.307502353206,7201497.0,0.0,hist
SRB,2013,41518250531.7903,5793.336145255647,7166553.0,0.0,hist
SRB,2014,40769149019.8676,5716.540471535059,7131787.0,0.0,hist
SRB,2015,41297410634.9586,5820.321557688796,7095383.0,0.0,hist
SRB,2016,42526090399.794,6024.957546537831,7058322.0,0.0,hist
SRB,2017,43531153349.2666,6200.261185921521,7020858.0,0.0,hist
SRB,2018,45555069182.0072,6524.080297551916,6982604.0,0.0,hist
SRB,2019,47719029694.9033,6870.75810896295,6945235.0,0.0,hist
SRB,2020,47265687464.123,6850.967421688341,6899126.0,0.0,hist
SRB,2021,51022863667.9918,7465.676010771479,6834326.0,0.0,hist
SRB,2022,52402255080.28259,7862.953873648458,6664449.0,0.0,hist
SRB,2023,54366256509.84519,8208.4786891507,6623183.0,0.0,hist
SRB,2024,56513683533.7835,8580.261058232581,6586476.0,0.0,hist
SRB,2025,56852285888.14715,8631.669786414943,6586476.0,0.0,projected
SRB,2030,63702930715.01496,9662.391942097924,6592873.80358363,0.0,projected
SRB,2035,70324357959.53806,10661.85665158438,6595882.898977794,0.0,projected
SRB,2040,77149662984.95096,11706.348705253284,6590412.170989717,0.0,projected
SRB,2045,83681133435.9125,12728.22592325885,6574453.811587228,0.0,projected
SRB,2050,90855520568.47458,13868.399439958768,6551262.167045334,0.0,projected
SRB,2055,98526882646.47305,15103.518604659068,6523439.022750626,0.0,projected
SRB,2060,106928436839.69109,16484.616312003443,6486559.032728596,0.0,projected
SRB,2065,115337789137.13708,17986.0081706423,6412639.649824992,0.0,projected
SRB,2070,123176092967.35461,19548.215509582642,6301142.572679998,0.0,projected
SSD,2012,11500530835.4315,1069.1961908093813,10756240.0,0.0,hist
SSD,2013,13010519613.8763,1165.1620270749468,11166275.0,0.0,hist
SSD,2014,13449448810.7001,1197.0949196947897,11235073.0,0.0,hist
SSD,2015,11997800760.2242,1080.147186247656,11107561.0,0.0,hist
STP,2012,232194345.227845,1225.6945255615,189439.0,0.255766183998041,hist
STP,2013,244081946.538405,1263.7042399528082,193148.0,0.26175359236803436,hist
STP,2014,256057120.595489,1301.3214644502839,196767.0,0.2676377420349825,hist
STP,2015,259999643.04738796,1298.1094659639623,200291.0,0.273438987849148,hist
STP,2016,273459368.754364,1342.5338076889966,203689.0,0.27921223553353397,hist
STP,2017,284706696.977306,1375.5940328419867,206970.0,0.2849570168231449,hist
STP,2018,297171520.830854,1413.843486185416,210187.0,0.2906109630956367,hist
STP,2019,303157496.465873,1420.6600831609105,213392.0,0.2961110970817969,hist
STP,2020,311114954.79799,1430.841192990963,217435.0,0.30028666938062,hist
STP,2021,317023957.753826,1428.2867609797488,221961.0,0.29582746546180183,hist
STP,2022,317558772.390522,1403.233567046782,226305.0,0.29178095122051567,hist
STP,2023,318740893.733006,1380.601694162567,230871.0,0.2876100344805138,hist
STP,2024,322247041.654835,1368.1434755401933,235536.0,0.2834816944124996,hist
STP,2025,322254101.97864044,1368.1734511014895,235536.0,0.2850497269195974,projected
STP,2030,439493903.1957594,1802.9983408977337,243757.24215970733,0.3140052931164811,projected
STP,2035,568437347.5741013,2273.066554818382,250075.10069124197,0.2908568740519415,projected
STP,2040,707198092.6976649,2778.8969269739027,254488.78144169695,0.4688474753787595,projected
STP,2045,859100146.8118719,3339.1146030387094,257283.81590439007,0.5985061675460486,projected
STP,2050,1028371120.3733567,3979.795615274876,258397.97310855857,0.7827684877757982,projected
STP,2055,1198506357.616562,4645.174579100518,258011.04720775387,0.6818361593610538,projected
STP,2060,1372756350.5089357,5353.843237730839,256405.7798395236,0.5809038309463102,projected
STP,2065,1557889155.7778795,6110.561378353491,254950.25077346613,0.5400441270349475,projected
STP,2070,1753132511.2106295,6919.415436997762,253364.25123959448,0.4991844231235845,projected
SUR,2012,5142988298.24504,9140.928986115354,562633.0,4.567712401443983,hist
SUR,2013,5293854859.13611,9303.460087758094,569020.0,4.562515074098072,hist
SUR,2014,5307380818.79212,9224.243784105476,575373.0,4.557702435402665,hist
SUR,2015,5126237646.22072,8813.617053920674,581627.0,4.553769889063936,hist
SUR,2016,4874454256.1508,8293.315530314057,587757.0,4.550880917059673,hist
SUR,2017,4950790053.58146,8338.692354018625,593713.0,4.549384485550923,hist
SUR,2018,5195768566.26648,8666.648706977965,599513.0,4.549101198758905,hist
SUR,2019,5256433828.6406,8677.305220217311,605768.0,4.545406662077231,hist
SUR,2020,4416708447.1504,7213.107666699439,612317.0,4.539606933622376,hist
SUR,2021,4309144555.20541,6973.899418681153,617896.0,4.477587006935662,hist
SUR,2022,4412832154.84564,7081.333573257826,623164.0,4.418881231425731,hist
SUR,2023,4519472314.04237,7186.473087399576,628886.0,4.358011318685501,hist
SUR,2024,4597250505.9213,7246.257679592107,634431.0,4.299438250377923,hist
SUR,2025,4604319011.5074215,7257.399167927516,634431.0,4.278954702856862,projected
SUR,2030,5633621524.638546,8601.615054413778,654949.2727819463,4.139889513135306,projected
SUR,2035,6749603051.338154,10039.972989731215,672273.0288459521,4.076115666770952,projected
SUR,2040,7985740979.612195,11640.255106227572,686045.1860148493,4.223200822023589,projected
SUR,2045,9339644648.130001,13404.088657721117,696775.8037582147,4.329365132845765,projected
SUR,2050,10817600061.167162,15346.078144436935,704909.7469302684,4.7342427136618985,projected
SUR,2055,12351589568.596575,17386.830598370634,710399.1436917821,4.80744525350721,projected
SUR,2060,13964720351.775238,19574.979438180642,713396.4250576582,4.880647793352523,projected
SUR,2065,15617504218.606224,21872.9207829471,714010.9166756632,5.078086591600454,projected
SUR,2070,17330634710.266052,24335.99776756592,712139.8874125332,5.275525389848383,projected
SVK,2012,81977043067.5237,15159.65704200044,5407579.0,5.818459670585685,hist
SVK,2013,82553606913.1151,15249.882451378478,5413393.0,5.686290777305818,hist
SVK,2014,84789118561.7889,15647.649176351688,5418649.0,5.554977458893846,hist
SVK,2015,89178548717.3324,16442.076086001754,5423801.0,5.424022639378451,hist
SVK,2016,90915584911.6973,16740.741399642797,5430798.0,5.291518074932871,hist
SVK,2017,93529165482.8938,17195.28887219626,5439232.0,5.157991448266061,hist
SVK,2018,97328432250.48688,17869.014917367902,5446771.0,5.025703945321165,hist
SVK,2019,99543529164.3085,18250.980247563642,5454147.0,4.8939283937133915,hist
SVK,2020,96969818857.1148,17763.856384735183,5458827.0,4.764860881213586,hist
SVK,2021,102454294896.646,18808.45404965958,5447247.0,4.485203895994751,hist
SVK,2022,103012252413.418,18964.829840062284,5431752.0,4.20738570245455,hist
SVK,2023,105188526684.47002,19383.37320094016,5426740.0,3.920390131333381,hist
SVK,2024,107227789781.41301,19776.175806949894,5422069.0,3.632635471541456,hist
SVK,2025,105946171569.93118,19539.8051131277,5422069.0,3.3415034769528957,projected
SVK,2030,118574876661.91399,21810.54798313048,5436584.021347219,2.159338951462506,projected
SVK,2035,131182979781.39082,24214.024071107313,5417644.725063321,1.5354284840172854,projected
SVK,2040,144157107033.73206,26780.635857671914,5382885.895610093,1.3000485282154544,projected
SVK,2045,153662093868.3416,28750.936283272964,5344594.428312264,0.6825439737570558,projected
SVK,2050,165704962253.13797,31246.647954751978,5303127.634461591,0.3260545182674292,projected
SVK,2055,174149522954.4367,33160.54252150189,5251709.101005059,0.1730427410016855,projected
SVK,2060,184962130215.48166,35686.901228651746,5182913.725974676,0.020030963735941907,projected
SVK,2065,196876415954.0401,38712.77865301224,5085566.647609294,0.0203323872668521,projected
SVK,2070,207590463156.07098,41803.60602588732,4965850.626080401,0.02063381079776231,projected
SVN,2012,40926910455.6051,19894.869796454772,2057159.0,6.222981633188115,hist
SVN,2013,40589764218.782,19704.21860051273,2059953.0,6.079904920219898,hist
SVN,2014,41711191731.4298,20228.708198639077,2061980.0,5.939424284763117,hist
SVN,2015,42709468274.8137,20697.27485306191,2063531.0,5.800557293915121,hist
SVN,2016,44005450729.606,21309.712213894923,2065042.0,5.662008569241728,hist
SVN,2017,46282469720.8281,22397.763498833763,2066388.0,5.524103511256448,hist
SVN,2018,48309217703.4135,23293.96666532306,2073894.0,5.370379061317647,hist
SVN,2019,50002578162.6734,23943.180094988904,2088385.0,5.200311541964921,hist
SVN,2020,47959972369.9892,22811.805054077802,2102419.0,5.033681833231399,hist
SVN,2021,51996698295.6593,24665.44104640258,2108079.0,4.71550115008281,hist
SVN,2022,53384233078.3164,25275.71596775703,2112076.0,4.402488154683033,hist
SVN,2023,54652553125.6646,25773.901583506886,2120461.0,4.082192596145469,hist
SVN,2024,55598805913.76191,26134.627203986984,2127400.0,3.7669788556172397,hist
SVN,2025,55158729881.44291,25927.766231758444,2127400.0,3.465080116698794,projected
SVN,2030,60214684099.9819,28066.39775585883,2145436.8538410724,2.239196372989866,projected
SVN,2035,65472693156.506645,30292.67234462193,2161337.646664589,1.5922122323909427,projected
SVN,2040,71649267939.24695,32894.55350732686,2178149.8850041525,1.3481273734812291,projected
SVN,2045,76706039767.21957,34943.83915465796,2195123.421548682,0.7077860515634882,projected
SVN,2050,82886293022.79291,37502.493357785104,2210154.195136645,0.33811277947211277,projected
SVN,2055,88847913314.47597,39985.24324445169,2222017.5771171385,0.17944226762582302,projected
SVN,2060,95598909829.40086,42845.60101414476,2231242.1244328087,0.020771755779533278,projected
SVN,2065,103044878702.86961,46117.45444627302,2234400.834567251,0.021084326659936634,projected
SVN,2070,110051573276.88722,49275.217223767126,2233406.1517603127,0.021396897540339993,projected
SWE,2012,464448264944.252,48789.790688363755,9519374.0,5.171457627469624,hist
SWE,2013,469732138276.917,48928.499414129066,9600379.0,5.03409014318177,hist
SWE,2014,480516119003.081,49557.61836479588,9696110.0,4.8915809854036825,hist
SWE,2015,501602351911.6,51188.16521204924,9799186.0,4.748296575047737,hist
SWE,2016,512292396637.964,51626.32353123691,9923085.0,4.598325554575917,hist
SWE,2017,521937949816.044,51894.37481778077,10057698.0,4.447310840850679,hist
SWE,2018,531177584320.755,52203.08725897608,10175214.0,4.307510718012951,hist
SWE,2019,545031918111.884,53024.40994943168,10278887.0,4.176520023690179,hist
SWE,2020,534492107010.626,51624.5811789573,10353442.0,4.059530288615313,hist
SWE,2021,562423939232.591,53997.13370687995,10415811.0,3.742696440035285,hist
SWE,2022,569484812988.256,54304.187750103294,10486941.0,3.42676917026031,hist
SWE,2023,568322714847.714,53937.79671224296,10536632.0,3.1214370463443446,hist
SWE,2024,572983369203.274,54209.94742648771,10569709.0,2.8234023120083784,hist
SWE,2025,571065438783.2673,54028.4920600243,10569709.0,2.5351358478472994,projected
SWE,2030,628585739044.5673,57400.02195836174,10950966.8742034,2.029204169433003,projected
SWE,2035,688261127031.0651,60884.21899521564,11304425.652321326,1.2104456776047325,projected
SWE,2040,755936593088.5122,64790.04453853848,11667480.682759296,0.4960001220111892,projected
SWE,2045,827033352783.2545,68585.02990062443,12058511.222953113,0.0857828724275228,projected
SWE,2050,904101240441.5458,72493.37079705417,12471502.297397442,0.045295485569064445,projected
SWE,2055,979086181984.5513,75986.07104031516,12885074.442986893,0.02702340313074332,projected
SWE,2060,1067565878529.0446,80382.76617639133,13281029.371225992,0.008751320692422185,projected
SWE,2065,1166749297100.9067,85594.94290507546,13631054.09620786,0.00899688235013456,projected
SWE,2070,1268179417125.1125,90914.17559124043,13949193.38901536,0.009242444007846932,projected
SWZ,2012,3617154618.7404,3218.50138205493,1123863.0,0.4024816318982616,hist
SWZ,2013,3765262097.1870193,3332.1198392791257,1129990.0,0.412951152096767,hist
SWZ,2014,3842727914.0131593,3381.7929207129105,1136299.0,0.4232399486803874,hist
SWZ,2015,3908217914.2182393,3419.8227655952805,1142813.0,0.4333373776228704,hist
SWZ,2016,4023477834.54531,3500.176888479418,1149507.0,0.44325092985173226,hist
SWZ,2017,4165142616.5682306,3596.236054004922,1158195.0,0.4522696995832524,hist
SWZ,2018,4167866438.89669,3565.542850675011,1168929.0,0.4603470037928521,hist
SWZ,2019,4435938143.62829,3759.6710696466657,1179874.0,0.46819357057137007,hist
SWZ,2020,4304996589.59367,3609.3669136859003,1192729.0,0.47513381411206945,hist
SWZ,2021,4487365678.93282,3719.0383823980583,1206593.0,0.5237507183964075,hist
SWZ,2022,4504690089.10423,3695.649571795479,1218917.0,0.571984821076479,hist
SWZ,2023,4663821718.37207,3790.165767880913,1230506.0,0.6196232230822772,hist
SWZ,2024,4802519614.26982,3864.2055051083908,1242822.0,0.6659828723116284,hist
SWZ,2025,4802624835.851958,3864.2901685454217,1242822.0,0.7184828051982382,projected
SWZ,2030,5730781026.960545,4460.691900648918,1284729.1753386646,0.78825435782651,projected
SWZ,2035,6922872226.943451,5251.71126368132,1318212.6509542128,0.8396383795062591,projected
SWZ,2040,8403036311.830305,6238.958196705192,1346865.3013684188,1.0830528499203722,projected
SWZ,2045,10270511792.466774,7488.5820192481315,1371489.524461128,1.2075708454925627,projected
SWZ,2050,12584214846.182077,9039.612723722996,1392118.803182447,1.4325523232041912,projected
SWZ,2055,15161276215.931074,10758.345687826964,1409257.208855634,1.3882008851565226,projected
SWZ,2060,18124531552.723083,12750.774177948197,1421445.5765414245,1.3438494471088538,projected
SWZ,2065,21556607750.608685,15089.058693048286,1428625.0845150517,1.405626725155855,projected
SWZ,2070,25433485276.34698,17759.59818852737,1432098.012936853,1.467404003202856,projected
SXM,2012,1376368434.1966,39298.98735678269,35023.0,,hist
SXM,2013,1394353867.67664,38889.77150880348,35854.0,,hist
SXM,2014,1416389988.22102,38623.199940581915,36672.0,,hist
SXM,2015,1417888715.0838,37839.62838151638,37471.0,,hist
SXM,2016,1431610451.70303,37428.70275570682,38249.0,,hist
SXM,2017,1323735540.53767,33945.41851824982,38996.0,,hist
SXM,2018,1232967219.66025,31047.724105062698,39712.0,,hist
SXM,2019,1368162086.82719,33877.976645467126,40385.0,,hist
SXM,2020,1185966832.3477602,28920.37730071596,41008.0,,hist
SXM,2021,1240255611.86927,29834.635006838183,41571.0,,hist
SXM,2022,1412651141.9191,33523.60383300743,42139.0,,hist
SXM,2023,1466331885.3120303,34300.963421648,42749.0,,hist
SXM,2024,1510321841.87139,34840.1808966872,43350.0,,hist
SYC,2012,1248162998.34204,14135.001057065332,88303.0,,hist
SYC,2013,1263811654.24036,14050.313558131385,89949.0,,hist
SYC,2014,1315169064.95728,14395.6158118771,91359.0,,hist
SYC,2015,1432403352.12944,15333.105172710477,93419.0,,hist
SYC,2016,1605975218.58763,16962.67539727315,94677.0,,hist
SYC,2017,1717657339.98638,17921.57319769185,95843.0,,hist
SYC,2018,1802500555.7617702,18628.186227669645,96762.0,,hist
SYC,2019,1901895701.0371497,19481.646105374133,97625.0,,hist
SYC,2020,1678615792.63838,17048.36172978794,98462.0,,hist
SYC,2021,1687886479.31967,17005.04220636795,99258.0,,hist
SYC,2022,1902424765.1769,15869.673878250387,119878.0,,hist
SYC,2023,1945405357.9961302,16242.436592521939,119773.0,,hist
SYC,2024,2012826895.3276002,16586.407496478074,121354.0,,hist
SYR,2012,25998267919.356102,1142.290801505978,22759763.0,1.3429449474775683,hist
SYR,2013,19160700666.0922,884.3298133321044,21666917.0,1.4099380376073964,hist
SYR,2014,17185167298.461903,847.6598772062755,20273659.0,1.506038556992981,hist
SYR,2015,16466863117.000898,847.7316319425637,19424618.0,1.5710380433053148,hist
SYR,2016,15412063258.1149,802.969498335502,19193834.0,1.5890892650222268,hist
SYR,2017,15300590613.036701,795.8832169708575,19224668.0,1.5857031847501382,hist
SYR,2018,15513754781.2974,792.4138116987543,19577845.0,1.5562754216671701,hist
SYR,2019,15703131995.8402,771.5186952713077,20353534.0,1.496173622332855,hist
SYR,2020,15593656903.8252,740.8113970134391,21049429.0,1.4459452748765944,hist
SYR,2021,15882796969.6273,734.3342363234245,21628839.0,1.370913096556295,hist
SYR,2022,15999183136.033398,712.2722782000387,22462173.0,1.2851025096910598,hist
SYR,2025,,,24672760.0,1.0745049859211684,projected
SYR,2030,,,26413900.49956678,1.0545471735429723,projected
SYR,2035,,,28024453.772914644,1.0063711561665212,projected
SYR,2040,,,29444001.14784337,1.0298359673052284,projected
SYR,2045,,,30669994.37148075,1.0247508366392344,projected
SYR,2050,,,31748019.635067023,0.9045607503054824,projected
SYR,2055,,,32704808.65622023,0.7207329932190517,projected
SYR,2060,,,33498725.65820468,0.5369052361326211,projected
SYR,2065,,,34123884.0434753,0.46261536499936584,projected
SYR,2070,,,34578522.43325321,0.3883254938661105,projected
TCA,2012,881607724.52549,27441.333598701716,32127.0,,hist
TCA,2013,891048689.69461,26477.54107195822,33653.0,,hist
TCA,2014,968670576.849373,27636.821022806645,35050.0,,hist
TCA,2015,1078274000.0,29457.01406911624,36605.0,,hist
TCA,2016,1156461656.30247,30183.000294988124,38315.0,,hist
TCA,2017,2019043138.3592896,50586.10323351514,39913.0,,hist
TCA,2018,2155382023.58255,51863.183030933134,41559.0,,hist
TCA,2019,2262756808.26439,52419.88621286174,43166.0,,hist
TCA,2020,1497558135.76773,33739.42539917384,44386.0,,hist
TCA,2021,1941275299.16352,42907.74924659108,45243.0,,hist
TCA,2022,2214745146.4168396,48307.30792454991,45847.0,,hist
TCA,2023,2518855082.8172503,54523.03309271506,46198.0,,hist
TCA,2024,2660838540.233,57179.29601876007,46535.0,,hist
TCD,2012,13427942676.0538,1016.4215206189419,13210998.0,0.0632061676651782,hist
TCD,2013,13809056592.536701,1008.6171142929422,13691079.0,0.06363964656839116,hist
TCD,2014,14093914057.3116,993.3211577083925,14188678.0,0.06396468386889255,hist
TCD,2015,14559599499.5011,993.9907306108685,14647621.0,0.06443730192603284,hist
TCD,2016,13959379525.7795,923.5658720479892,15114655.0,0.06484647191501805,hist
TCD,2017,13733590857.5857,879.0758954667161,15622759.0,0.06505963031563602,hist
TCD,2018,14522052213.2592,898.8347940074017,16156531.0,0.06515568219055588,hist
TCD,2019,15303748438.8629,917.2037100650617,16685223.0,0.06526545514108216,hist
TCD,2020,15243505756.0454,884.9805419331994,17224679.0,0.06532763526757396,hist
TCD,2021,15288236703.0071,857.5276305790863,17828273.0,0.0634729172190799,hist
TCD,2022,15919594857.6964,862.6021281725222,18455316.0,0.06166122786861379,hist
TCD,2023,16553201687.350496,856.8324887453397,19319064.0,0.05923384250077492,hist
TCD,2024,17248313422.9922,849.7073210006264,20299123.0,0.056687539812114406,hist
TCD,2025,17248691327.711643,849.7259378009406,20299123.0,0.057001097642919066,projected
TCD,2030,23252880799.19691,1027.2094457685882,22636942.149415717,0.06279131212209346,projected
TCD,2035,31600847526.779194,1266.2200619198936,24956836.869939275,0.05816234681966672,projected
TCD,2040,43130664553.279106,1587.3188483906235,27172023.186777577,0.09375494238322454,projected
TCD,2045,59053970440.08678,2016.2280718966933,29289330.539145753,0.11968265630299779,projected
TCD,2050,81046478067.36542,2589.5666589160655,31297312.92620583,0.15652940097744308,projected
TCD,2055,109177684464.89784,3290.319517890627,33181484.008243054,0.13634606816225756,projected
TCD,2060,145281832150.03873,4166.548472769119,34868628.81820341,0.11616273534707203,projected
TCD,2065,191118813441.64505,5257.0477264223255,36354779.98060912,0.10799206282097874,projected
TCD,2070,248168220328.2317,6583.833386770585,37693575.42171338,0.09982139029488547,projected
TGO,2012,4881723795.11932,687.4954645714641,7100736.0,0.19420676779934024,hist
TGO,2013,5166047627.07863,709.0918611497601,7285442.0,0.20884412172505165,hist
TGO,2014,5457063353.66745,730.2910496112319,7472450.0,0.22268900885000129,hist
TGO,2015,5755457836.01866,751.0519875872478,7663195.0,0.23574282430416812,hist
TGO,2016,5998044851.32381,763.2761853533015,7858289.0,0.24802523562138878,hist
TGO,2017,6238441246.41392,774.274897347436,8057140.0,0.25959145914286647,hist
TGO,2018,6537585941.16754,791.5924052163092,8258778.0,0.270509205772421,hist
TGO,2019,6859420393.24743,810.512262603518,8463068.0,0.28081851944745473,hist
TGO,2020,7007740719.48155,808.3006970792079,8669720.0,0.29056266800490904,hist
TGO,2021,7367160812.92227,829.786700130989,8878379.0,0.29404319073735563,hist
TGO,2022,7830882103.10093,861.5080108030539,9089738.0,0.2972755436312407,hist
TGO,2023,8315779388.69167,893.7530303009952,9304337.0,0.3002563988272953,hist
TGO,2024,8858969845.08846,931.0299655298577,9515236.0,0.30322071221098185,hist
TGO,2025,8859163942.124613,931.0503640818381,9515236.0,0.3128400128441994,projected
TGO,2030,11551863222.349115,1130.6803134368395,10216736.848663997,0.3612975078057832,projected
TGO,2035,14890549165.71374,1368.1737458826835,10883522.07497377,0.4108622676250147,projected
TGO,2040,19252769642.354652,1676.0160771120982,11487222.530423827,0.5150847589057399,projected
TGO,2045,25177369292.83033,2095.419290664606,12015432.617710035,0.6461711260986511,projected
TGO,2050,33265213096.79688,2664.642115803731,12483932.795141293,0.8137349743747629,projected
TGO,2055,43553586913.01699,3379.91919364587,12885984.669366123,0.6938008247155738,projected
TGO,2060,56836865976.733215,4300.399491843662,13216647.91481179,0.5738666750563847,projected
TGO,2065,73859214611.2733,5480.134392781501,13477628.342210282,0.5050568367784092,projected
TGO,2070,95263435975.32596,6965.988804719151,13675508.050025744,0.4362469985004336,projected
THA,2012,375224234353.836,5403.8784603627355,69436098.0,0.025789927463383166,hist
THA,2013,385308369004.167,5516.611641641346,69845114.0,0.026905357710529123,hist
THA,2014,389101609925.933,5541.4659936184535,70216367.0,0.028022862849697218,hist
THA,2015,401296238228.084,5688.853353978843,70540795.0,0.02914794861593673,hist
THA,2016,415081396923.293,5857.78052935926,70859841.0,0.030265031412216224,hist
THA,2017,432422173710.333,6076.7430770008095,71160187.0,0.03138034417295682,hist
THA,2018,450682801200.339,6314.199484120429,71376079.0,0.032524720294796354,hist
THA,2019,460212749509.626,6434.537705180334,71522271.0,0.033694999015853516,hist
THA,2020,432369701127.278,6035.186277370776,71641484.0,0.03487363127066057,hist
THA,2021,439080796986.82,6121.526965297134,71727332.0,0.037805240185243456,hist
THA,2022,450410744554.857,6278.785513827601,71735329.0,0.04077404219494789,hist
THA,2023,459498911646.803,6408.414325772939,71702435.0,0.04376712797720522,hist
THA,2024,471178549995.253,6574.461093879848,71668011.0,0.046763959534610336,hist
THA,2025,471372351669.13275,6577.165252557836,71668011.0,0.049739768608030414,projected
THA,2030,581338637967.995,8016.718960289564,72515781.1877438,0.062195290352523656,projected
THA,2035,696845379185.1416,9562.850791587496,72870046.22075261,0.08430374740247432,projected
THA,2040,815557081666.5559,11216.478051579901,72710620.74174704,0.11662853376291875,projected
THA,2045,940838896836.8351,13052.534999056139,72080932.70041946,0.1477342558760163,projected
THA,2050,1076106536641.5428,15135.405389173704,71098626.62887627,0.19028466555646417,projected
THA,2055,1204336559606.8276,17234.677362374987,69878683.20854175,0.17538780667113701,projected
THA,2060,1332840235061.7253,19457.651426267214,68499543.23174036,0.16049094778580983,projected
THA,2065,1461066712320.6008,21844.49328263561,66884898.33188377,0.15351236371674928,projected
THA,2070,1584880731706.555,24344.73156605928,65101589.94384435,0.14653377964768874,projected
TJK,2012,6808117273.38834,849.5190808317383,8014084.0,1.0658300407343113,hist
TJK,2013,7311917934.39479,889.8823830999787,8216724.0,1.0533518729618863,hist
TJK,2014,7801816486.46336,925.9709614828038,8425552.0,1.0407094697004509,hist
TJK,2015,8271431485.07484,956.9163109306558,8643840.0,1.0275527881932407,hist
TJK,2016,8842160257.54501,997.3526145567089,8865631.0,1.0146431801119344,hist
TJK,2017,9469953672.84779,1042.2639175764186,9085946.0,1.0025265580911045,hist
TJK,2018,10189670046.8255,1094.800201822101,9307333.0,0.9908694906719603,hist
TJK,2019,10943705646.910498,1148.3467671249298,9529966.0,0.979625997413529,hist
TJK,2020,11425228817.455402,1171.9012748035914,9749310.0,0.9692227026230275,hist
TJK,2021,12499200274.9255,1254.0699959230587,9966908.0,0.9744169449257424,hist
TJK,2022,13499136339.2248,1325.755452908491,10182222.0,0.9796089203832105,hist
TJK,2023,14619564549.617397,1407.1075436221045,10389799.0,0.985319057407021,hist
TJK,2024,15847607943.9846,1496.338133950371,10590927.0,0.9914088175789183,hist
TJK,2025,15854126264.792198,1496.9535966768724,10590927.0,1.016210372419796,projected
TJK,2030,20747589669.73274,1919.1440639957204,10810855.765843645,0.9724132895017478,projected
TJK,2035,26505615519.18304,2421.0775893411746,10947858.769943746,0.9722192999847585,projected
TJK,2040,33293174513.395473,3020.669710896094,11021785.795812452,0.9487727019013735,projected
TJK,2045,41104577996.1978,3729.5038291870187,11021460.193850515,0.9779121122291429,projected
TJK,2050,49836900831.69236,4551.616864494439,10949274.140460389,0.9473766380750982,projected
TJK,2055,58508719981.37028,5405.390262838878,10824143.51903647,0.9565855961726851,projected
TJK,2060,67492814605.94499,6334.184362848536,10655328.41162724,0.9657945542702718,projected
TJK,2065,77314853045.94153,7366.773315589645,10495076.980626918,0.946406641428566,projected
TJK,2070,87833900015.04008,8491.011378340301,10344338.984057346,0.9270187285868601,projected
TKM,2012,27654947984.180603,4761.079275980702,5808546.0,13.803900813172076,hist
TKM,2013,30475752706.6088,5131.167364629981,5939341.0,13.679219760745502,hist
TKM,2014,33614755226.4132,5533.035288465278,6075283.0,13.548423784252437,hist
TKM,2015,35799714285.7143,5759.497903834006,6215770.0,13.413537922658499,hist
TKM,2016,38019296559.4106,5977.838281138534,6360041.0,13.276710721484587,hist
TKM,2017,40490550853.5767,6222.555905588821,6507061.0,13.140399706417398,hist
TKM,2018,43000964982.7593,6460.943568494276,6655524.0,13.007291443062728,hist
TKM,2019,45710025794.8484,6718.166080562743,6803944.0,12.880073424260571,hist
TKM,2020,48406917338.9257,6965.112268892857,6949912.0,12.762788394272576,hist
TKM,2021,51408146222.3962,7248.707632257193,7092043.0,12.854681870410491,hist
TKM,2022,54595451255.3951,7551.03650143158,7230193.0,12.950090950231562,hist
TKM,2023,58035050718.9991,7880.445285709391,7364438.0,13.048837847393589,hist
TKM,2024,61690926131.84899,8231.495442636584,7494498.0,13.151388880301186,hist
TKM,2025,61716300386.99638,8234.881160418801,7494498.0,13.48039028392501,projected
TKM,2030,81951034991.66113,10599.866199524196,7731327.306314463,12.89940647677605,projected
TKM,2035,102950207987.20164,13009.643932051806,7913376.301834337,12.896833137169436,projected
TKM,2040,120699588783.68176,14986.13509396482,8054083.859973317,12.585805714528846,projected
TKM,2045,136782389981.08862,16782.093814701264,8150496.087756704,12.972350306596342,projected
TKM,2050,151173299858.4255,18433.21005821636,8201138.021049243,12.567286433728114,projected
TKM,2055,161835879826.83618,19731.051869500636,8202090.841238664,12.689446522458736,projected
TKM,2060,170595746961.3824,20910.90068656783,8158220.897245473,12.811606611189362,projected
TKM,2065,178226063152.28015,22050.04558073505,8082797.947048002,12.554419084875711,projected
TKM,2070,183781790122.87848,23025.119486989668,7981795.283482646,12.297231558562062,projected
TLS,2012,1440641467.25077,1269.4162556124807,1134885.0,0.00392329005573666,hist
TLS,2013,1485364306.0252,1281.928640431865,1158695.0,0.004032482704408408,hist
TLS,2014,1551797213.1655698,1312.9649498863864,1181903.0,0.0041393854313460585,hist
TLS,2015,1590282371.46446,1319.59295003154,1205131.0,0.004242100295937952,hist
TLS,2016,1638148814.59482,1333.6585611756784,1228312.0,0.004341096630191515,hist
TLS,2017,1586016118.47795,1267.0866159767534,1251703.0,0.004435681304833095,hist
TLS,2018,1578617315.6726797,1237.2006590123035,1275959.0,0.004523726944661467,hist
TLS,2019,1960846014.97769,1507.2474355008783,1300945.0,0.004605901572213352,hist
TLS,2020,2582938981.94735,1947.8399294352112,1326053.0,0.004684548153914587,hist
TLS,2021,2721637681.7497196,2015.8203575703833,1350139.0,0.004993729816679616,hist
TLS,2022,2163090172.13552,1579.7108527640282,1369295.0,0.005311126987815701,hist
TLS,2023,1770794193.37577,1279.2112275756383,1384286.0,0.0056366747020487095,hist
TLS,2024,1609639637.8194997,1149.2188829801132,1400638.0,0.0059494602634080325,hist
TLS,2025,1610301702.8819978,1149.6915711854153,1400638.0,0.006328052196383648,projected
TLS,2030,2221820115.37362,1455.4294545594905,1526573.554227051,0.00791268344695246,projected
TLS,2035,2978510176.0623474,1815.0850702087082,1640975.5250313764,0.010725391951812817,projected
TLS,2040,3951910623.0969596,2269.9935134046646,1740934.7646855875,0.014837854495372324,projected
TLS,2045,5215255330.742813,2854.3400396724523,1827131.756642872,0.018795223792544898,projected
TLS,2050,6816342477.496508,3579.6336721111597,1904201.1283451903,0.02420862278837201,projected
TLS,2055,8670225300.077679,4403.363350742287,1969000.6500635736,0.022313396830821168,projected
TLS,2060,10800779028.026436,5352.453607118569,2017911.7505403112,0.020418170873270323,projected
TLS,2065,13335926251.403744,6463.843319148944,2063157.4116124471,0.019530333123282534,projected
TLS,2070,16344880268.366686,7752.891692757527,2108230.182505385,0.01864249537329474,projected
TON,2012,422596497.997101,3932.593504532859,107460.0,,hist
TON,2013,424261200.8142831,3962.169640955967,107078.0,,hist
TON,2014,432706273.83226395,4058.815614368993,106609.0,,hist
TON,2015,437525514.240726,4123.903239933324,106095.0,,hist
TON,2016,466396529.430219,4419.814728689388,105524.0,,hist
TON,2017,481332022.4906299,4568.624686687326,105356.0,,hist
TON,2018,483872624.14682,4583.5594849415065,105567.0,,hist
TON,2019,482492576.867438,4566.074978162356,105669.0,,hist
TON,2020,491207296.77196896,4647.007651290102,105704.0,,hist
TON,2021,486614870.548582,4612.900469699327,105490.0,,hist
TON,2022,476257056.368298,4533.967902061061,105042.0,,hist
TON,2023,489545312.4729449,4680.299745431943,104597.0,,hist
TON,2025,,,104175.0,,projected
TON,2030,,,104856.24351964524,,projected
TON,2035,,,104961.24306161018,,projected
TON,2040,,,104326.86007186564,,projected
TON,2045,,,102999.01266416948,,projected
TON,2050,,,101002.98903506786,,projected
TON,2055,,,98457.78102853875,,projected
TON,2060,,,95690.44810278782,,projected
TON,2065,,,93395.84968238322,,projected
TON,2070,,,91495.02271209752,,projected
TTO,2012,25149270114.892395,18835.66741229544,1335194.0,22.332403438238714,hist
TTO,2013,25996346049.551796,19392.1974593783,1340557.0,22.469967444152633,hist
TTO,2014,26950637730.5197,20032.540200171778,1345343.0,22.616130769436605,hist
TTO,2015,26841141793.214302,19887.232771649822,1349667.0,22.769049171730046,hist
TTO,2016,24818295899.894104,18331.034459758033,1353895.0,22.92261612545773,hist
TTO,2017,23608962518.1707,17402.615532845433,1356633.0,23.10057062587437,hist
TTO,2018,23385751652.646797,17205.615135338983,1359193.0,23.2808567294027,hist
TTO,2019,23495134887.9587,17225.361633712026,1363985.0,23.422074708535852,hist
TTO,2020,21430194900.9331,15679.961148682509,1366725.0,23.597680324891616,hist
TTO,2021,21276595987.8665,15558.094053682915,1367558.0,23.473051268552396,hist
TTO,2022,21459842974.326595,15712.230497272009,1365805.0,23.392781876915414,hist
TTO,2023,21774542874.5018,15922.766834978758,1367510.0,23.253356725787697,hist
TTO,2024,22320911476.7121,16312.484955571561,1368333.0,23.129177810345446,hist
TTO,2025,22355231009.06249,16337.56622771101,1368333.0,23.01898490019965,projected
TTO,2030,24525918066.358463,18062.966206653055,1357801.2484641054,22.27087239968483,projected
TTO,2035,26542704771.266098,19796.819584603138,1340756.0066824842,21.927795805415535,projected
TTO,2040,28327453279.006954,21517.171328952987,1316504.5184582518,22.71905236289754,projected
TTO,2045,29643553781.76709,23081.539078189693,1284297.1034707995,23.290171909015697,projected
TTO,2050,30598331826.504826,24592.91314893808,1244193.0584309837,25.468243790219184,projected
TTO,2055,31360465818.373688,26171.18596412585,1198282.1818377296,25.862042808056525,projected
TTO,2060,32217772008.644592,28043.019445100716,1148869.581312979,26.25584182589387,projected
TTO,2065,33047720178.25805,30088.34294659517,1098356.271627041,27.317979901940404,projected
TTO,2070,33663899172.836548,32144.330646697214,1047273.298138982,28.38011797798694,projected
TUN,2012,42938131960.3014,3900.046201327018,11009647.0,1.6978873164598283,hist
TUN,2013,43981498924.3673,3947.5876353317426,11141361.0,1.7130366747832693,hist
TUN,2014,45340671513.9524,4021.5995470359103,11274288.0,1.72764612718781,hist
TUN,2015,45779494041.9295,4014.947736864319,11402264.0,1.7426714554232388,hist
TUN,2016,46290957182.3198,4015.288938027027,11528674.0,1.7576019583865412,hist
TUN,2017,47333713938.692,4062.80606534519,11650498.0,1.7729061882161603,hist
TUN,2018,48567689496.9783,4127.970056979942,11765514.0,1.7889282185206699,hist
TUN,2019,49320533876.2551,4153.279786155151,11875081.0,1.805468105859657,hist
TUN,2020,44893953703.8732,3749.268414529278,11974057.0,1.8233168591063162,hist
TUN,2021,47020147729.528206,3902.5332299019924,12048622.0,1.6344076525929687,hist
TUN,2022,48314277429.7123,3986.5455832566627,12119334.0,1.4482825541403512,hist
TUN,2023,48403183212.3138,3967.3338763453353,12200431.0,1.263240618302747,hist
TUN,2024,49184626298.0351,4006.205882674423,12277109.0,1.0810313731025765,hist
TUN,2025,49185703916.57955,4006.2936572917574,12277109.0,0.9067118325657938,projected
TUN,2030,62315720808.21749,4943.482655942448,12605631.524429277,1.0331748296769214,projected
TUN,2035,76775643918.81601,5979.200018432916,12840454.188207284,0.8567326395815171,projected
TUN,2040,91687104488.97977,7048.137697516745,13008699.37902656,0.8523260647111629,projected
TUN,2045,107067606759.99437,8162.717410120415,13116662.182528617,0.9119736576420393,projected
TUN,2050,122203558075.16579,9285.753606046812,13160327.449953848,0.9119818028820954,projected
TUN,2055,135493026268.46135,10315.685509422632,13134660.42995381,0.8688771925051737,projected
TUN,2060,148438411838.7948,11392.384287305398,13029617.689793048,0.8257725821282519,projected
TUN,2065,161670774739.7784,12584.685000796926,12846628.63866204,0.8680789589796751,projected
TUN,2070,174104365481.35574,13813.24328365169,12604162.6796954,0.9103853358310984,projected
TUR,2012,720809935556.199,9588.320665314382,75175827.0,,hist
TUR,2013,781994134596.37,10269.448914077346,76147624.0,,hist
TUR,2014,817972077517.761,10597.98018817163,77181884.0,,hist
TUR,2015,865460050683.656,11064.649450466251,78218479.0,,hist
TUR,2016,894225044186.927,11279.616953156881,79277962.0,,hist
TUR,2017,964205820086.0889,12005.64598248323,80312698.0,,hist
TUR,2018,997645953748.995,12255.008214616915,81407204.0,,hist
TUR,2019,1010631549472.6,12238.295022012742,82579440.0,,hist
TUR,2020,1028853867659.94,12338.643833135055,83384680.0,,hist
TUR,2021,1150372769727.98,13670.938029516044,84147318.0,,hist
TUR,2022,1212967141770.11,14273.574765487347,84979913.0,,hist
TUR,2023,1274162834489.99,14932.885136312141,85325965.0,,hist
TUR,2024,1316562171166.7798,15395.027889489287,85518661.0,,hist
TUR,2025,1316336493857.9075,15392.388964765332,85518661.0,,projected
TUR,2030,1535066624214.0576,17304.178576179485,88710747.95351414,,projected
TUR,2035,1763807012421.2483,19286.838292651184,91451329.95143674,,projected
TUR,2040,2002384345395.0178,21359.897317233317,93745036.11398356,,projected
TUR,2045,2253317678298.8286,23578.20437731718,95567823.66627446,,projected
TUR,2050,2526469105284.609,26070.497946225234,96909123.5041185,,projected
TUR,2055,2789148610690.8335,28541.6212138095,97722150.7424862,,projected
TUR,2060,3056149892562.5483,31163.126252053942,98069425.636047,,projected
TUR,2065,3338229642431.0396,34040.578160485806,98066185.2067497,,projected
TUR,2070,3624790905580.992,37093.8289746539,97719513.0774394,,projected
TUV,2012,31949982.2602472,2922.0762996384856,10934.0,,hist
TUV,2013,33339111.9237362,3030.552851898573,11001.0,,hist
TUV,2014,33339111.923736203,3035.2432559847234,10984.0,,hist
TUV,2015,36811936.0824587,3357.8341770007023,10963.0,,hist
TUV,2016,38895630.5776922,3558.6121297065147,10930.0,,hist
TUV,2017,39847948.4184971,3666.2018970003774,10869.0,,hist
TUV,2018,40400752.5680826,3757.8599728474187,10751.0,,hist
TUV,2019,45984984.3588252,4345.996064533144,10581.0,,hist
TUV,2020,44019157.5155388,4233.0183205634,10399.0,,hist
TUV,2021,44813322.9441554,4396.048944884776,10194.0,,hist
TUV,2022,45116847.7756278,4515.29701517492,9992.0,,hist
TUV,2023,46855113.8352982,4773.340855266728,9816.0,,hist
TZA,2012,39187673997.62719,827.1933745799341,47374260.0,0.09393547115082823,hist
TZA,2013,41845219654.6812,857.0602562462805,48824128.0,0.09378783044627877,hist
TZA,2014,44662433111.6494,887.0127497194006,50351512.0,0.09350453355960765,hist
TZA,2015,47413919817.124,911.4387353529526,52020962.0,0.0929832910166206,hist
TZA,2016,50669888784.2555,941.3993115722438,53824013.0,0.09226487541239514,hist
TZA,2017,54078588995.4215,971.7121428091425,55652890.0,0.09155052790016319,hist
TZA,2018,57054358529.8857,993.335558894609,57437145.0,0.09095224116204396,hist
TZA,2019,60363511324.6004,1020.0865655096924,59174891.0,0.09046104822954153,hist
TZA,2020,61565931105.41409,1009.7278315063398,60972798.0,0.08990908164913865,hist
TZA,2021,64226431583.1539,1022.2188513287784,62830412.0,0.0948340310778756,hist
TZA,2022,67159014151.451,1037.8167870048194,64711821.0,0.0994395477563368,hist
TZA,2023,70563656177.7408,1059.2343438120668,66617606.0,0.10374685612710713,hist
TZA,2024,74463225268.4644,1086.1005652082215,68560157.0,0.10775675667865811,hist
TZA,2025,76842136599.75333,1120.7987257052712,68560157.0,0.1147061714894394,projected
TZA,2030,108073088609.98172,1415.877327594263,76329415.3410947,0.13842041911259634,projected
TZA,2035,148779122265.51706,1766.8384764423845,84206408.36681975,0.18075653272487238,projected
TZA,2040,200977785351.72113,2182.452453103874,92088047.5842172,0.27265405796250564,projected
TZA,2045,269563602021.10672,2704.7967908105447,99661313.90607232,0.3447839563599738,projected
TZA,2050,359895520448.02625,3367.3119121793634,106879175.3880316,0.4392056577956539,projected
TZA,2055,470585980620.17096,4145.64830959188,113513242.1945599,0.42057578649054495,projected
TZA,2060,607518402031.5546,5083.305778013115,119512464.6365484,0.40194591518543604,projected
TZA,2065,775936255449.4088,6201.6532540514645,125117645.83782545,0.39432485436310705,projected
TZA,2070,978230885787.9868,7506.33911137425,130320635.83507536,0.3867037935407781,projected
UGA,2012,28279643267.764103,823.5804682854936,34337438.0,0.053266224156757816,hist
UGA,2013,29294007439.772594,828.9886697299846,35337042.0,0.05325967793155077,hist
UGA,2014,30789849487.572395,845.9786647910997,36395539.0,0.05316732038150586,hist
UGA,2015,32387183730.1002,862.9346103558121,37531446.0,0.05297070325954135,hist
UGA,2016,33935615078.9833,874.6483706392165,38799152.0,0.05260632746469327,hist
UGA,2017,34998276801.8745,871.0938800171504,40177388.0,0.05212122555008597,hist
UGA,2018,37204541496.6985,895.0751278543788,41565831.0,0.05165561368081938,hist
UGA,2019,39600047064.28,920.9391015156709,42999637.0,0.05116606716831435,hist
UGA,2020,40768765796.4748,917.035031764401,44457152.0,0.050681072000564584,hist
UGA,2021,42210585952.7826,919.4016752172653,45910930.0,0.0533415672987531,hist
UGA,2022,44147216889.624,933.0940563704233,47312719.0,0.05590010168797616,hist
UGA,2023,46503341915.459,955.7457972754611,48656601.0,0.05838078669173667,hist
UGA,2024,49319389340.67,986.0901453639233,50015092.0,0.06071038487777329,hist
UGA,2025,49320469911.827126,986.1117502658423,50015092.0,0.0646256998969139,projected
UGA,2030,70105423416.14697,1225.0163489962804,57228153.30063798,0.07798635722053787,projected
UGA,2035,98279535406.66695,1514.0030198446136,64913698.39985765,0.10183861327251932,projected
UGA,2040,136771526395.43468,1877.0543162636088,72864980.62969576,0.15361387357595588,projected
UGA,2045,190472728867.22348,2353.2979826296237,80938636.02193944,0.19425201106151244,projected
UGA,2050,265351145435.39145,2981.369999778958,89003091.01354909,0.24744939757963946,projected
UGA,2055,362910050280.5938,3747.8662428968673,96831110.49344358,0.2369532886393028,projected
UGA,2060,490484438608.208,4700.124348483172,104355630.24337804,0.22645717969896606,projected
UGA,2065,655418079618.262,5873.460981692572,111589756.3057256,0.22216345789477088,projected
UGA,2070,863668489064.5735,7295.379583533872,118385682.22192676,0.21786973609057567,projected
UKR,2012,112148546939.271,2426.9294748154166,46210056.0,3.5672498069983547,hist
UKR,2013,112199506223.48701,2432.416278518678,46126770.0,3.621156524212094,hist
UKR,2014,100891035818.548,2194.6011021954487,45972380.0,3.6809426639490552,hist
UKR,2015,91030967789.0717,1988.2313981683326,45784896.0,3.7438358642165706,hist
UKR,2016,93253017277.0895,2044.2677228679424,45616832.0,3.8056254424501317,hist
UKR,2017,95453762636.0202,2100.838024950726,45436041.0,3.8689554233415917,hist
UKR,2018,98783535744.14449,2185.0458747906578,45208907.0,3.9368228482291867,hist
UKR,2019,101944118786.821,2267.5685708658393,44957458.0,4.007541947767954,hist
UKR,2020,98118341608.386,2196.0230721589746,44680014.0,4.081429777057893,hist
UKR,2021,101499127457.564,2291.24703281103,44298640.0,4.2310002874950925,hist
UKR,2022,72309415409.67378,1761.5490660468035,41048766.0,4.689465636368209,hist
UKR,2023,76311548883.89682,2022.4175273731562,37732836.0,5.235916976105314,hist
UKR,2024,78535131747.3225,2074.34425032338,37860221.0,5.35219315190146,hist
UKR,2025,84516806157.92717,2232.3378978143623,37860221.0,5.4860861631619615,projected
UKR,2030,99569003324.12346,2684.584542153309,37089166.59568449,5.249644401589087,projected
UKR,2035,115926023812.14508,3180.6973097525756,36446732.43715948,5.248597134966118,projected
UKR,2040,133394389516.98975,3712.178463407056,35934260.928435996,5.122018957051847,projected
UKR,2045,150453862883.05145,4238.834805305336,35494155.77477637,5.279330199035349,projected
UKR,2050,168385639871.49777,4798.293247372027,35092819.71536875,5.114482204182476,projected
UKR,2055,187590554661.30585,5401.724937545143,34727898.371396504,5.164197439302551,projected
UKR,2060,209383510221.55377,6086.050089928035,34403842.74327089,5.213912674422627,projected
UKR,2065,232802261923.8687,6847.132787225311,33999963.07333307,5.109245606205048,projected
UKR,2070,256349540632.1867,7644.931171235962,33531961.88301882,5.00457853798747,projected
URY,2012,53197370201.0395,15949.317698543442,3335401.0,2.2763008522529713,hist
URY,2013,55664418793.7377,16639.405475065054,3345337.0,2.292692090481231,hist
URY,2014,57467273107.59459,17122.03645632246,3356334.0,2.3082563358959534,hist
URY,2015,57680327998.66889,17125.90168002979,3368017.0,2.3232456255036142,hist
URY,2016,58655009160.0858,17357.23499928411,3379283.0,2.3384198076516833,hist
URY,2017,59675827116.7172,17611.603670103217,3388438.0,2.354959377698339,hist
URY,2018,59774159517.755394,17608.944119503707,3394534.0,2.373546821106579,hist
URY,2019,60329073609.821495,17758.43843729862,3397206.0,2.394478558505724,hist
URY,2020,55890466349.1545,16443.36350008429,3398968.0,2.4160240598957667,hist
URY,2021,59156857853.7605,17416.00522088692,3396695.0,2.4063379954262603,hist
URY,2022,61810768801.32091,18228.355844376103,3390913.0,2.399119059655322,hist
URY,2023,62269484309.0206,18378.983356366214,3388081.0,2.3897928586983643,hist
URY,2024,64204978531.94909,18958.603329353642,3386588.0,2.3795098633344893,hist
URY,2025,64303696939.57699,18987.753142566202,3386588.0,2.368173311784258,projected
URY,2030,73438218494.50777,21645.677236557276,3392742.933932246,2.291208143006723,projected
URY,2035,82462823844.86388,24365.18716777111,3384452.71431943,2.255912718904884,projected
URY,2040,91551691924.82455,27230.25685253918,3362131.0449110763,2.3373165110498153,projected
URY,2045,100615372010.14845,30244.753869868015,3326704.9367655353,2.396072797342163,projected
URY,2050,110320295971.8536,33657.02516038325,3277779.169316145,2.6201509538107004,projected
URY,2055,119488487885.49187,37139.057199841045,3217326.903118135,2.6606646570992045,projected
URY,2060,128288620541.3195,40730.03002788385,3149730.566206136,2.701178360387709,projected
URY,2065,137057491644.24344,44499.99167715673,3079944.2084974465,2.8104502095169663,projected
URY,2070,145794306641.5219,48458.29162791687,3008655.5209373017,2.9197220586462245,projected
USA,2012,16892000920975.498,53738.14767145941,314339099.0,18.157121650335963,hist
USA,2013,17249744800617.5,54462.62524124064,316726282.0,17.453656845566105,hist
USA,2014,17685097277697.8,55394.451043533,319257560.0,16.75315196921257,hist
USA,2015,18206020741000.0,56572.91889960633,321815121.0,16.06235587668362,hist
USA,2016,18537270454435.6,57151.470844837306,324353340.0,15.383370431764325,hist
USA,2017,18992846546661.7,58151.702139185494,326608609.0,14.727677187468135,hist
USA,2018,19556270302218.305,59526.665698712124,328529577.0,14.095305458601072,hist
USA,2019,20061570168697.6,60750.9898621638,330226227.0,13.479436083676056,hist
USA,2020,19627632559934.5,59194.66651720297,331577720.0,12.88325976787584,hist
USA,2021,20816096100824.5,62680.2503585805,332099760.0,14.039556367038626,hist
USA,2022,21339074561820.0,63886.13170698414,334017321.0,15.128750463812025,hist
USA,2023,21955252291273.6,65186.59772441562,336806231.0,16.16358487144497,hist
USA,2024,22568462768174.3,66356.17067501007,340110988.0,17.155363119288577,hist
USA,2025,22591328255584.184,66423.40016249103,340110988.0,18.304198099004083,projected
USA,2030,24952996525068.41,70859.3676884556,352148168.1120582,18.627111218176815,projected
USA,2035,26867543491142.48,73935.99037965645,363389241.8723197,17.013897533942654,projected
USA,2040,28810232942041.74,77072.68787841513,373805997.106146,16.247159588975116,projected
USA,2045,30587761227313.418,79788.98885782513,383358175.9234638,15.972505716281063,projected
USA,2050,32396583146537.867,82558.29381386985,392408583.6799987,15.639535585954077,projected
USA,2055,34067787492046.066,84864.13968787053,401439142.8151756,16.101943757253732,projected
USA,2060,35819171045210.555,87241.34556526243,410575637.19504297,16.564351928553393,projected
USA,2065,37665357313498.35,89853.69776627468,419185389.69283813,16.259306359134744,projected
USA,2070,39441035133103.5,92395.42786367382,426872152.0646817,15.954260789716091,projected
UZB,2012,70106848438.9456,2395.8403675572845,29261903.0,3.9728718511054044,hist
UZB,2013,75222229947.9017,2530.684478987033,29724065.0,3.9630471993591776,hist
UZB,2014,80392884506.0999,2659.9907509527316,30222994.0,3.9487138291184385,hist
UZB,2015,86196264755.3105,2803.1901802175075,30749346.0,3.9313368218793006,hist
UZB,2016,91309557164.505,2918.6772585290296,31284568.0,3.9134348280548537,hist
UZB,2017,95322862968.5109,2995.767614377433,31819178.0,3.896210009108149,hist
UZB,2018,100622047495.601,3108.161878611203,32373490.0,3.877193395538671,hist
UZB,2019,107444145839.577,3259.369646324928,32964701.0,3.8544976771329003,hist
UZB,2020,109123866128.148,3249.051910940187,33586372.0,3.8291258503664523,hist
UZB,2021,117891622986.822,3442.724844503409,34243696.0,3.860023247371282,hist
UZB,2022,124966702851.263,3576.715527160529,34938955.0,3.8855334976849183,hist
UZB,2023,132828878427.532,3725.67414578619,35652307.0,3.908063997577968,hist
UZB,2024,141462755525.29095,3890.415930750157,36361859.0,3.93012125172115,hist
UZB,2025,141520940938.89392,3892.0161078368933,36361859.0,4.028439035492629,projected
UZB,2030,182127947267.70526,4879.457802939573,37325447.74912991,3.8548195928494193,projected
UZB,2035,227188732696.86417,5978.9217529669195,37998278.29894685,3.8540505838293146,projected
UZB,2040,275522259931.91943,7157.3016006714015,38495270.32730794,3.76110409013854,projected
UZB,2045,326830376145.9867,8415.777640156277,38835433.886287615,3.876617906196238,projected
UZB,2050,380912029820.52704,9780.994847480584,38944098.81205933,3.755569844310666,projected
UZB,2055,432236752673.70557,11138.825843173916,38804516.630322255,3.792075795522518,projected
UZB,2060,484939803282.07153,12616.590660249483,38436675.67102333,3.82858174673437,projected
UZB,2065,542373896827.29443,14284.8521301833,37968464.20841003,3.7517246047212667,projected
UZB,2070,601936276668.4233,16090.219937094085,37410071.39875888,3.674867462708163,projected
VCT,2012,738391734.91399,6790.683259582751,108736.0,,hist
VCT,2013,756574514.5147429,6996.5738615133205,108135.0,,hist
VCT,2014,765242794.4232188,7116.220713472068,107535.0,,hist
VCT,2015,786555555.5555551,7353.735560541839,106960.0,,hist
VCT,2016,819195102.035842,7702.894263564696,106349.0,,hist
VCT,2017,831877075.6021911,7872.926905370764,105663.0,,hist
VCT,2018,858294259.20171,8179.995989570841,104926.0,,hist
VCT,2019,864031342.481725,8294.674344866657,104167.0,,hist
VCT,2020,827146498.160775,7989.746519335963,103526.0,,hist
VCT,2021,844461993.2483901,8211.335880129423,102841.0,,hist
VCT,2022,870731795.635827,8532.73813413389,102046.0,,hist
VCT,2023,917110146.812992,9051.352080110064,101323.0,,hist
VCT,2024,954361646.8322879,9485.187712016856,100616.0,,hist
VCT,2025,955829026.219844,9499.77166871913,100616.0,,projected
VCT,2030,1048086682.9286734,10445.262967375193,100340.8613265434,,projected
VCT,2035,1143944360.1024811,11477.908218620312,99664.88129315148,,projected
VCT,2040,1256714150.5758972,12753.488926236163,98538.85143465456,,projected
VCT,2045,1382681766.0557454,14249.72365557831,97032.18107773409,,projected
VCT,2050,1527379295.95986,16032.085047639264,95270.15927256248,,projected
VCT,2055,1679518811.3474865,18003.244591281,93289.78467364045,,projected
VCT,2060,1843685163.152187,20225.33383047588,91157.21790332532,,projected
VCT,2065,2019311678.3460016,22704.931997065756,88937.13835421154,,projected
VCT,2070,2207546967.120841,25472.848933566314,86662.74325569811,,projected
VEN,2012,137347654100.449,4647.373037265937,29553826.0,20.28285542453962,hist
VEN,2013,139192362251.361,4653.364565564891,29912198.0,18.942618994431637,hist
VEN,2014,133771673722.298,4421.607867233308,30254079.0,17.64372863573206,hist
VEN,2015,125449241571.39099,4103.138498700496,30573972.0,16.38564168240881,hist
VEN,2016,104072271054.897,3382.7347793224735,30765720.0,15.216726278468373,hist
VEN,2017,87762679935.5076,2871.315311652607,30565323.0,14.242706677760284,hist
VEN,2018,70512625399.3064,2365.5928127071247,29807592.0,13.503684564657219,hist
VEN,2019,51010266124.708,1762.7373480008257,28938098.0,12.775259452089768,hist
VEN,2020,35707915777.1561,1255.3726309050596,28444077.0,11.84327760046494,hist
VEN,2021,36049081141.1399,1276.6238144940726,28237826.0,11.849355541747444,hist
VEN,2022,38933336798.9515,1379.9777882298622,28213017.0,11.77927833808061,hist
VEN,2023,40491326652.42781,1430.745752493116,28300854.0,11.662472093598307,hist
VEN,2024,42637366965.0064,1501.0227744988506,28405543.0,11.539538603433844,hist
VEN,2025,42702924077.06319,1503.3306730683933,28405543.0,11.459587306604208,projected
VEN,2030,49749820452.85181,1668.0285823593097,29825520.36517514,10.755781010769624,projected
VEN,2035,57605273953.678604,1853.8990727219982,31072497.31189483,4.0817702375906,projected
VEN,2040,66122176356.166176,2057.1171809926855,32143125.81078058,4.661692261964505,projected
VEN,2045,75439772891.11072,2283.41217140072,33038175.86504038,4.922504033807768,projected
VEN,2050,85881633106.09505,2544.697364099686,33749252.19702107,4.363120254381337,projected
VEN,2055,96808341895.05258,2823.5242120832686,34286350.89465902,4.227498837110771,projected
VEN,2060,108419588427.69852,3128.5841330760086,34654522.24265451,4.0918774198402055,projected
VEN,2065,120329854441.59035,3453.1844107082416,34846055.156640455,4.124027834989811,projected
VEN,2070,132339151965.27065,3796.8197075121093,34855263.65748526,4.156178250139418,projected
VNM,2012,199081239731.688,2224.1140425325534,89510356.0,0.024461445465984537,hist
VNM,2013,210137237901.38898,2320.0843144493424,90573104.0,0.025368542847430082,hist
VNM,2014,223632762207.56,2439.2865574442326,91679578.0,0.026242078114306108,hist
VNM,2015,239258328381.74097,2577.5688534011206,92823254.0,0.02708392042662605,hist
VNM,2016,255264731908.12396,2715.57887431272,94000117.0,0.027895418500280985,hist
VNM,2017,272980590259.18704,2868.136800133787,95176977.0,0.028686849136890073,hist
VNM,2018,293358610036.841,3048.2832760214465,96237319.0,0.029494613812113102,hist
VNM,2019,314947640805.601,3241.076489665288,97173776.0,0.03032338206073225,hist
VNM,2020,323972192107.065,3303.169498074928,98079191.0,0.031146183838790968,hist
VNM,2021,332245562394.76996,3358.217347647141,98935098.0,0.03351245649149394,hist
VNM,2022,360611028837.66406,3617.66311465012,99680655.0,0.03587781220706752,hist
VNM,2023,378876063686.799,3775.4637555580152,100352192.0,0.03823622980082271,hist
VNM,2024,405742875627.91895,4017.746041115537,100987686.0,0.04057777032230523,hist
VNM,2025,405909762784.5231,4019.3985906808784,100987686.0,0.043159923294508164,projected
VNM,2030,514606226215.4911,4978.209420194818,103371751.3224569,0.05396776133094435,projected
VNM,2035,630686377240.3948,6003.115443422586,105059844.87295124,0.0731515922400762,projected
VNM,2040,758108641377.8477,7145.1142068098225,106101682.83318888,0.10120028122418423,projected
VNM,2045,899830499169.8057,8456.160723515557,106411234.19845678,0.1281911703656514,projected
VNM,2050,1054016017236.7015,9960.145908267921,105823351.0777952,0.1651127819724559,projected
VNM,2055,1203104291526.4258,11506.186745543426,104561512.70032288,0.15218656006164405,projected
VNM,2060,1357928913314.005,13217.906841307324,102734035.6999897,0.13926033815083222,projected
VNM,2065,1529732244748.6829,15224.703731869373,100476979.49921644,0.13320491888464164,projected
VNM,2070,1704004292260.6555,17409.945530169527,97875337.36437044,0.12714949961845104,projected
VUT,2012,709081226.945817,2849.054483214269,248883.0,,hist
VUT,2013,712367041.3870069,2799.2826266180195,254482.0,,hist
VUT,2014,730710779.902669,2807.8342295675875,260240.0,,hist
VUT,2015,759690180.951654,2854.894122726536,266101.0,,hist
VUT,2016,786063165.282252,2889.0140480149803,272087.0,,hist
VUT,2017,820749507.202776,2946.961861650788,278507.0,,hist
VUT,2018,844553132.872594,2960.653766831525,285259.0,,hist
VUT,2019,871926684.758592,2986.203691143696,291985.0,,hist
VUT,2020,828395819.755769,2771.870988080523,298858.0,,hist
VUT,2021,815536673.766002,2666.3026984385488,305868.0,,hist
VUT,2022,857832270.181912,2740.2754553066065,313046.0,,hist
VUT,2023,875793075.435631,2733.3597852608104,320409.0,,hist
VUT,2024,884044669.596211,2697.091832545331,327777.0,,hist
VUT,2025,884408288.3066843,2698.201180396075,327777.0,,projected
VUT,2030,1131989929.7084978,3194.805895453117,354321.9734631009,,projected
VUT,2035,1440967200.5565972,3795.337481273565,379667.7390789147,,projected
VUT,2040,1828109495.52811,4536.8318752456,402948.4772188403,,projected
VUT,2045,2319297407.328843,5468.366025400444,424129.8765583276,,projected
VUT,2050,2944801555.6624994,6645.624179716683,443118.8818426447,,projected
VUT,2055,3675868781.6754594,7993.671766663664,459847.3503759668,,projected
VUT,2060,4543337804.451878,9578.4534448374,474328.95410695433,,projected
VUT,2065,5562635941.3668375,11444.977304223888,486032.93772490823,,projected
VUT,2070,6729791864.970182,13594.145953560197,495050.729038826,,projected
WSM,2012,787546481.622133,4007.910928468142,196498.0,,hist
WSM,2013,788391466.046139,3976.392892681315,198268.0,,hist
WSM,2014,793594248.721633,3967.237304706794,200037.0,,hist
WSM,2015,824150498.653536,4084.360838199324,201782.0,,hist
WSM,2016,889949544.378272,4373.237924403914,203499.0,,hist
WSM,2017,902464748.1871899,4393.373162559647,205415.0,,hist
WSM,2018,896962897.99084,4321.005183449624,207582.0,,hist
WSM,2019,936894420.7462119,4466.080754820345,209780.0,,hist
WSM,2020,907769700.5048012,4283.0639249273445,211944.0,,hist
WSM,2021,861986288.32084,4032.137339592944,213779.0,,hist
WSM,2022,881527953.232608,4095.1586828668824,215261.0,,hist
WSM,2023,1015816489.37016,4688.463140315421,216663.0,,hist
WSM,2024,1064051361.64931,4880.544180320569,218019.0,,hist
WSM,2025,1064489019.3800849,4882.551609630743,218019.0,,projected
WSM,2030,1213007164.0286653,5583.038325499277,217266.49421131983,,projected
WSM,2035,1361383820.312302,6333.3545384311055,214954.62034398335,,projected
WSM,2040,1522088054.7905765,7216.3256762448955,210922.8606188148,,projected
WSM,2045,1723022771.8336887,8380.437453126102,205600.5765177521,,projected
WSM,2050,1977875813.6969998,9922.997905288372,199322.40564546615,,projected
WSM,2055,2240340886.653444,11652.181857284035,192267.9300832365,,projected
WSM,2060,2502337367.7948956,13537.9731004118,184838.405958923,,projected
WSM,2065,2782337422.635693,15575.380193319728,178636.88642599146,,projected
WSM,2070,3089992600.991467,17810.992023378913,173487.9560293726,,projected
YEM,2012,56340077330.5769,1981.4580004660288,28433647.0,0.3801841408547234,hist
YEM,2013,59057651713.0868,2014.7289059487014,29312952.0,0.36858546836863404,hist
YEM,2014,58946215687.1767,1950.1625450588988,30226309.0,0.35725945328994985,hist
YEM,2015,42444490073.8555,1362.1738120601024,31159379.0,0.34637856917619864,hist
YEM,2016,38465266584.2701,1197.9586597117166,32109010.0,0.3359570289013799,hist
YEM,2017,36514386855.1096,1103.4563484984174,33090921.0,0.3258160776694761,hist
YEM,2018,36789138480.0859,1079.3293836625517,34085182.0,0.3161450208133347,hist
YEM,2025,,,40583164.0,0.23103665344017948,projected
YEM,2030,,,45167131.714075685,0.2267453879344243,projected
YEM,2035,,,49813267.01179416,0.21638673350604196,projected
YEM,2040,,,54520593.89397742,0.22143206276009397,projected
YEM,2045,,,59169013.65275719,0.22033867409575927,projected
YEM,2050,,,63614452.36992494,0.19449578300909706,projected
YEM,2055,,,67644462.68214332,0.15496972183381733,projected
YEM,2060,,,71202845.6045051,0.11544366065853762,projected
YEM,2065,,,74424604.50445752,0.09947008823586975,projected
YEM,2070,,,77353114.68623532,0.08349651581320189,projected
ZAF,2012,329233094599.263,6121.557838607127,53782567.0,6.0696697500511645,hist
ZAF,2013,337416077838.151,6170.876708633718,54678791.0,5.981309645269956,hist
ZAF,2014,342186555600.731,6155.005894625163,55594838.0,5.893697181022455,hist
ZAF,2015,346709790458.563,6112.27382485974,56723537.0,5.787147934727696,hist
ZAF,2016,349013858372.625,6095.295060427998,57259551.0,5.74359830380088,hist
ZAF,2017,353055253707.071,6125.692050749696,57635162.0,5.716722371666102,hist
ZAF,2018,358551560868.533,6117.270140604694,58613001.0,5.631729724946177,hist
ZAF,2019,359483563936.676,6032.829725986684,59587885.0,5.549801608162465,hist
ZAF,2020,337307318679.639,5569.58483319272,60562381.0,5.470546146460126,hist
ZAF,2021,353695896167.047,5750.909374795844,61502603.0,4.996215526032288,hist
ZAF,2022,360975440918.611,5786.865053447355,62378410.0,4.540853477990221,hist
ZAF,2023,363885280375.697,5756.550494531214,63212384.0,4.100813220396813,hist
ZAF,2024,365831497261.341,5715.475314691474,64007187.0,3.6744801798585525,hist
ZAF,2025,365839512505.8443,5715.6005388245585,64007187.0,3.2990685874072234,projected
ZAF,2030,434857885175.61334,6592.05808660141,65966937.7094048,3.326823283141626,projected
ZAF,2035,507532433315.3701,7508.871932039701,67591036.03162727,3.429883584791814,projected
ZAF,2040,581670538723.3347,8433.472526446625,68971652.76809372,3.7298733343804034,projected
ZAF,2045,661014415482.9513,9430.428154012356,70093786.2722288,4.084719423773458,projected
ZAF,2050,747609463408.7106,10531.445203160609,70988306.82652599,5.035126758499792,projected
ZAF,2055,831848263296.2476,11610.083914879375,71648772.68717745,4.066937045678949,projected
ZAF,2060,921545874980.2065,12779.573184208642,72110849.21982643,3.0987473328581054,projected
ZAF,2065,1015485998957.949,14051.40567795798,72269353.13318236,2.7736346232494173,projected
ZAF,2070,1110512445041.3755,15403.413769111396,72095216.1441184,2.4485219136407292,projected
ZMB,2012,18773117888.8094,1258.7893857899642,14913629.0,0.28525283007990365,hist
ZMB,2013,19722575262.7917,1280.7701217677813,15398997.0,0.28499333673501814,hist
ZMB,2014,20648211567.0616,1299.0124176250424,15895315.0,0.28455354271326777,hist
ZMB,2015,21251216798.7762,1295.8778868006752,16399089.0,0.2840111944135529,hist
ZMB,2016,22049221308.1088,1303.5751386913287,16914423.0,0.2833074183242885,hist
ZMB,2017,22826646593.6169,1308.7682924008561,17441320.0,0.28245787423003405,hist
ZMB,2018,23747586257.2512,1321.250457115735,17973569.0,0.28157428440375915,hist
ZMB,2019,24089861649.0155,1301.1813297617798,18513839.0,0.280619891301172,hist
ZMB,2020,23418945736.8993,1228.7350011319509,19059395.0,0.2796420424750214,hist
ZMB,2021,24879098747.886105,1269.1082180889518,19603607.0,0.3031819234577565,hist
ZMB,2022,26175604214.1895,1298.8480495592999,20152938.0,0.3253674678998004,hist
ZMB,2023,27580695690.340004,1330.8599821675052,20723965.0,0.3460130114403009,hist
ZMB,2024,28634291574.826996,1343.3896638035283,21314956.0,0.36520894856480696,hist
ZMB,2025,28634918942.480877,1343.4190970171778,21314956.0,0.39399864584739713,projected
ZMB,2030,40094027203.230255,1682.5973757603247,23828651.928755533,0.4322596829318196,projected
ZMB,2035,55140153823.46241,2090.0240046803497,26382545.70281627,0.46043744141614174,projected
ZMB,2040,74979694041.64902,2595.429399548323,28889128.73326378,0.5939200676236829,projected
ZMB,2045,101698949844.65273,3251.1127595886223,31281274.24824267,0.662202733936816,projected
ZMB,2050,137574991012.79694,4098.003198465757,33571225.87515387,0.7855771514145878,projected
ZMB,2055,182433882902.95044,5104.314045252236,35741116.49196836,0.7612558922198813,projected
ZMB,2060,238963999835.38672,6328.481625253292,37760084.327624545,0.7369346330251749,projected
ZMB,2065,309417371300.1067,7811.173134340598,39612151.20681447,0.7708118026923609,projected
ZMB,2070,395445082496.42676,9565.247396923802,41341856.20997137,0.8046889723595471,projected
ZWE,2012,18794430788.9262,1360.1523003427515,13817887.0,0.35069930337109034,hist
ZWE,2013,19168343271.8446,1367.818316894637,14013808.0,0.35672555347768115,hist
ZWE,2014,19623972034.3634,1381.2540412587166,14207359.0,0.36264611074440134,hist
ZWE,2015,19973250000.0,1387.1263259502578,14399013.0,0.3684560570553675,hist
ZWE,2016,20124206636.7998,1378.3425619237394,14600294.0,0.37386669238567993,hist
ZWE,2017,21076969325.2127,1422.9194894692664,14812482.0,0.37885100524058013,hist
ZWE,2018,22132908952.043,1472.1460384484249,15034452.0,0.3834448881793304,hist
ZWE,2019,20731353612.1651,1357.5308781875403,15271368.0,0.3875254552275226,hist
ZWE,2020,19110793941.1996,1230.8193336101606,15526888.0,0.3910122818118178,hist
ZWE,2021,20729099176.6536,1312.2000135880703,15797210.0,0.4285703708753953,hist
ZWE,2022,22001713149.7897,1369.1976149557074,16069056.0,0.4648206086702589,hist
ZWE,2023,23178995952.2035,1418.4718462879957,16340822.0,0.4998671812749962,hist
ZWE,2024,23582865676.3961,1417.7189411585337,16634373.0,0.5330680558285193,hist
ZWE,2025,23583382369.015156,1417.7500029015314,16634373.0,0.5750902133321398,projected
ZWE,2030,30983549608.780888,1852.790158085288,16722643.669912374,0.6309369737489554,projected
ZWE,2035,41859369825.45279,2500.907489452347,16737672.225780422,0.6720659301775186,projected
ZWE,2040,57299442704.894966,3430.781571354159,16701571.205618428,0.8669004880900889,projected
ZWE,2045,78913528083.59724,4750.565664281998,16611396.128449108,0.9665675644894242,projected
ZWE,2050,108360744378.58496,6580.338963619645,16467349.931010088,1.1466479297770273,projected
ZWE,2055,145214880888.26508,8928.389219987064,16264398.572946113,1.111148015535679,projected
ZWE,2060,191143008216.47968,11929.977432058302,16022076.261673314,1.0756481012943302,projected
ZWE,2065,248363038889.0137,15721.433688763147,15797734.723553268,1.1250960599011148,projected
ZWE,2070,317825876844.7005,20390.690952462566,15586812.510947157,1.1745440185078988,projected
