country_iso3,t,gdp,gdpcap,pop,co2_pc,source
ABW,2012,2649051221.82866,25444.733664668714,104110.0,,hist
ABW,2013,2819423912.92302,26680.14112063421,105675.0,,hist
ABW,2014,2859631679.07374,26773.822680851816,106807.0,,hist
ABW,2015,2962906703.91061,27458.220153750583,107906.0,,hist
ABW,2016,2999478909.44476,27587.249804048304,108727.0,,hist
ABW,2017,3104263601.0989304,28548.890431773856,108735.0,,hist
ABW,2018,3203987172.7481,29419.208623316008,108908.0,,hist
ABW,2019,3243239612.14075,29699.180536622163,109203.0,,hist
ABW,2020,2468170539.29889,22729.88975935324,108587.0,,hist
ABW,2021,2831747261.74117,26292.91793631541,107700.0,,hist
ABW,2022,3132944104.21046,29195.26702274215,107310.0,,hist
ABW,2023,3374393790.1973,31430.9353682253,107359.0,,hist
ABW,2024,3604216215.9983697,33373.91745912653,107995.0,,hist
ABW,2025,3604216215.998377,33373.9174591266,107995.0,,projected
ABW,2030,4658080606.641178,41248.086820705095,112928.40385273298,,projected
ABW,2035,5922717875.412542,50520.665680464146,117233.567603263,,projected
ABW,2040,7535130393.096023,62226.97447202321,121091.06150554951,,projected
ABW,2045,9537472735.317343,76637.31588319576,124449.46205910404,,projected
ABW,2050,12003515409.421486,94246.09732379598,127363.52751225005,,projected
ABW,2055,14985951634.940607,115308.8399819846,129963.5972166744,,projected
ABW,2060,18569090563.126133,140318.23538589964,132335.54792117997,,projected
ABW,2065,22774009481.790905,169963.34176662294,133993.6556028767,,projected
ABW,2070,27621785678.747826,204858.73424109328,134833.33176431918,,projected
AFG,2012,17386490239.3536,568.92902145834,30560034.0,2.0913397278028936,hist
AFG,2013,18360263162.7578,580.6038333330952,31622704.0,1.9339513699654791,hist
AFG,2014,18860496494.0404,575.146245808546,32792523.0,1.7809587343559539,hist
AFG,2015,19134221644.7325,565.5697304087513,33831764.0,1.6448296575379333,hist
AFG,2016,19566715174.1633,563.8723367231477,34700612.0,1.5242626651550082,hist
AFG,2017,20084646751.4954,562.769574140988,35688935.0,1.4048669668970377,hist
AFG,2018,20323499020.3639,553.125151688294,36743039.0,1.2895929593858906,hist
AFG,2019,21118473702.3471,557.8615332074594,37856121.0,1.1789090312884107,hist
AFG,2020,20621957125.2077,527.8345544993049,39068979.0,1.0718038337283533,hist
AFG,2021,16345202562.5485,408.62585521740374,40000412.0,1.1542175944635564,hist
AFG,2022,15325233810.1388,377.66562708070376,40578842.0,1.2436056494744183,hist
AFG,2023,15672648238.1005,378.0663031225895,41454761.0,1.3209333182374021,hist
AFG,2025,,,42647492.0,1.485404363115789,projected
AFG,2030,,,47982311.48922811,1.520073487020014,projected
AFG,2035,,,53505641.48936217,0.7826767908916422,projected
AFG,2040,,,59037590.56789527,0.8515759306248416,projected
AFG,2045,,,64487038.39047656,0.8826843509632379,projected
AFG,2050,,,69771505.40866165,0.9344131174294238,projected
AFG,2055,,,74859381.50269005,0.9326090008164213,projected
AFG,2060,,,79666625.7613016,0.9308048842034188,projected
AFG,2065,,,84184348.55666398,0.9047764927123532,projected
AFG,2070,,,88298897.1306264,0.8787481012212877,projected
AGO,2012,92712034533.3955,3682.352293227627,25177394.0,0.4922185354052131,hist
AGO,2013,97239220009.2494,3716.2971872728185,26165620.0,0.4815334014634471,hist
AGO,2014,101766409287.849,3746.8161997861325,27160769.0,0.47150579573059953,hist
AGO,2015,102543067840.73201,3641.7289391994364,28157798.0,0.46215616718324354,hist
AGO,2016,100799291837.039,3454.033171871191,29183070.0,0.45300717162382165,hist
AGO,2017,100648701499.631,3328.898212410888,30234839.0,0.4440896807818292,hist
AGO,2018,100050434318.105,3196.7900698355807,31297155.0,0.43562489945172334,hist
AGO,2019,99845650843.2744,3083.9753442735696,32375632.0,0.42750238821592734,hist
AGO,2020,95809443080.1137,2864.1614603689254,33451132.0,0.41994094549625405,hist
AGO,2021,97824078558.145,2832.817771322863,34532429.0,0.4548252310893045,hist
AGO,2022,101948344238.666,2860.9025192224763,35635029.0,0.4872997297125814,hist
AGO,2023,103236265970.233,2809.1572797555727,36749906.0,0.5176519363069936,hist
AGO,2024,107803341999.578,2845.4777930297405,37885849.0,0.545913066380009,hist
AGO,2025,107803341999.57837,2845.47779302975,37885849.0,0.5896951128111185,projected
AGO,2030,117709554270.37538,2785.6849577966263,42255156.65040575,0.5587204869026428,projected
AGO,2035,122935318337.07436,2644.5597902335503,46486117.950926535,0.6744998640521426,projected
AGO,2040,131883455900.65454,2605.1862119127304,50623427.72182322,0.869155657564913,projected
AGO,2045,148483797579.6396,2720.581067646156,54577972.09039157,1.0393986419573176,projected
AGO,2050,175028609855.74963,3000.487477648723,58333391.21045344,1.2323229182484468,projected
AGO,2055,212508298416.19946,3441.865135360004,61742192.1135129,1.309981201688261,projected
AGO,2060,262121803769.17615,4044.701089832889,64806223.73506616,1.3876394851280751,projected
AGO,2065,325190385297.1846,4819.465410646383,67474368.54279037,1.4694906269620618,projected
AGO,2070,402782581889.09717,5773.020410050596,69769817.75222358,1.5513417687960485,projected
ALB,2012,10790155229.509197,3771.847818620145,2860708.0,1.5370926043278494,hist
ALB,2013,10974367815.094,3895.8997562194213,2816902.0,1.5271775997749173,hist
ALB,2014,11220218560.8998,4045.1193488493445,2773767.0,1.5165823807049454,hist
ALB,2015,11470171826.9575,4199.539129253983,2731293.0,1.5052880396209656,hist
ALB,2016,11918533446.9749,4431.556358141663,2689469.0,1.493275888593665,hist
ALB,2017,12309839868.7084,4648.230786606578,2648285.0,1.4805263542404865,hist
ALB,2018,12761785703.1071,4893.823755387189,2607733.0,1.467018387718151,hist
ALB,2019,13025007474.8895,5072.436483547401,2567801.0,1.452732819435411,hist
ALB,2020,12593390460.142,4980.616995246947,2528480.0,1.4376484337225206,hist
ALB,2021,13722964212.462,5511.757434028634,2489762.0,1.3713998166180954,hist
ALB,2022,14385344334.623,5867.650962305578,2451636.0,1.3027435511416399,hist
ALB,2023,14962975920.9066,6198.17195301204,2414095.0,1.2316196451550867,hist
ALB,2024,15568367220.7999,6549.233874153979,2377128.0,1.1579690558500229,hist
ALB,2025,15568367220.799877,6549.23387415397,2377128.0,1.0651654030908877,projected
ALB,2030,17538540905.480404,7359.695891827158,2383052.392824643,0.6883288197987526,projected
ALB,2035,19551359042.210304,8220.176476245975,2378459.7689244626,0.4894459369489854,projected
ALB,2040,21702883870.342896,9179.93125752754,2364166.2733091316,0.41441426715410545,projected
ALB,2045,23944186492.26361,10226.19741780259,2341455.52975338,0.21757338633600928,projected
ALB,2050,26127582437.19093,11303.189338276195,2311523.0272852834,0.10393584647610023,projected
ALB,2055,28314120604.900887,12442.19863268746,2275652.5145415687,0.05516054142762476,projected
ALB,2060,30560361005.479942,13675.748178025917,2234639.05650033,0.006385236379149293,projected
ALB,2065,32778321401.015697,15007.275379275508,2184162.052912106,0.006481320647508591,projected
ALB,2070,34886752888.13001,16425.72379047013,2123909.6269456693,0.006577404915867888,projected
AND,2012,2781928287.88297,36206.995443201835,76834.0,,hist
AND,2013,2683236696.87851,35684.1861967512,75194.0,,hist
AND,2014,2750437434.80254,37300.641940986745,73737.0,,hist
AND,2015,2789882569.1005,38654.95287916009,72174.0,,hist
AND,2016,2893378230.93931,40085.03942781771,72181.0,,hist
AND,2017,2903391399.65727,39361.080753999566,73763.0,,hist
AND,2018,2949519480.26811,39242.16333078031,75162.0,,hist
AND,2019,3008968450.49925,39346.29351804862,76474.0,,hist
AND,2020,2672447226.31612,34536.66614520703,77380.0,,hist
AND,2021,2893907016.25363,36929.03649958693,78364.0,,hist
AND,2022,3170698001.4214096,39780.41529918336,79705.0,,hist
AND,2023,3252614722.13544,40227.252425737606,80856.0,,hist
AND,2024,3362287046.47556,41034.526672307846,81938.0,,hist
ARE,2012,324917470354.939,43958.56811208562,7391448.0,24.946385371701943,hist
ARE,2013,340898464870.844,44312.63371626138,7693031.0,23.955810683895873,hist
ARE,2014,356691886612.605,44257.65147610814,8059440.0,22.854649725016714,hist
ARE,2015,381973042886.317,44910.33499552299,8505237.0,21.64531830661923,hist
ARE,2016,403584822847.176,45168.49824732429,8935095.0,20.5931158086939,hist
ARE,2017,399301267917.2,43293.0203824801,9223225.0,19.939265284662184,hist
ARE,2018,405439194566.321,43377.78586972248,9346701.0,19.66546421176572,hist
ARE,2019,410593714983.921,43468.45868119177,9445785.0,19.448896833034144,hist
ARE,2020,374899053476.789,39878.47442769501,9401038.0,19.531139213613223,hist
ARE,2021,391967404019.4891,40935.893656778404,9575152.0,18.68136751333839,hist
ARE,2022,421421732891.067,41828.555329810384,10074977.0,17.28449455375295,hist
ARE,2023,439547849791.1149,41926.582364567315,10483751.0,16.158800095814502,hist
ARE,2024,457093751868.536,41605.416867084394,10986400.0,14.988420978746861,hist
ARE,2025,457093751868.5361,41605.4168670844,10986400.0,14.557338147028478,projected
ARE,2030,542255419307.3893,45240.149041725366,11986154.572728366,14.286950733967497,projected
ARE,2035,625072070623.7189,48380.631920357555,12919882.312671935,13.634264534540613,projected
ARE,2040,706537452145.5529,51275.22823690441,13779313.64598072,13.952164585985683,projected
ARE,2045,780513139316.8728,53697.577778376035,14535350.97129064,13.883271497915704,projected
ARE,2050,845323416835.2316,55696.239011747944,15177387.770418905,12.254942405351274,projected
ARE,2055,908222914409.8176,57837.556268352695,15702995.994434418,9.764453430632537,projected
ARE,2060,977501531472.5715,60647.865608655,16117657.59046058,7.2739644559138,projected
ARE,2065,1044475952021.1729,63855.02221452326,16356989.877980435,6.2674891122383745,projected
ARE,2070,1106605507327.4395,67398.00394220179,16418965.58652429,5.261013768562949,projected
ARG,2012,579910247223.428,13754.42542355963,42161721.0,8.357869452245557,hist
ARG,2013,593858966307.156,13946.095083225146,42582455.0,7.89224317855793,hist
ARG,2014,578937574935.696,13456.131915915072,43024071.0,7.4321191037454355,hist
ARG,2015,594749285413.212,13679.626498095407,43477012.0,6.979526329914299,hist
ARG,2016,582376550428.0901,13265.886063912347,43900313.0,6.540679561897429,hist
ARG,2017,598790850843.677,13520.112984615895,44288894.0,6.115005039412364,hist
ARG,2018,583118120294.002,13058.328544995415,44654882.0,5.699617345310642,hist
ARG,2019,571450737224.4419,12706.397810896757,44973465.0,5.29656031617755,hist
ARG,2020,514874343768.066,11393.05059578768,45191965.0,4.910023275155218,hist
ARG,2021,568636554720.066,12549.281169934173,45312281.0,5.203043298570646,hist
ARG,2022,602872713790.916,13276.823211018856,45407904.0,5.497499289991452,hist
ARG,2023,591684674129.454,12993.09288724156,45538401.0,5.78628309764324,hist
ARG,2024,583738758865.705,12774.350659662772,45696159.0,6.069793305822487,hist
ARG,2025,583738758865.7062,12774.3506596628,45696159.0,6.373279644794653,projected
ARG,2030,680406191705.7484,14497.359232215547,46933112.49360315,5.8919766101128985,projected
ARG,2035,781242757167.8215,16271.021001004598,48014365.97737698,4.64184528069416,projected
ARG,2040,882431387765.5077,18026.179007051152,48952769.603604525,5.176800527151527,projected
ARG,2045,982509309645.0349,19777.67181535986,49677703.16028767,5.8569145822518704,projected
ARG,2050,1085358892697.0188,21616.787130505385,50209075.296179034,6.0589381265064315,projected
ARG,2055,1191372519193.5625,23572.86078470723,50540005.73262873,6.236428974260179,projected
ARG,2060,1299311146996.1084,25640.67173214437,50673834.15572651,6.413919822013924,projected
ARG,2065,1408496198948.115,27797.60220140396,50669701.24772045,6.366646702187813,projected
ARG,2070,1516963492301.074,30038.621155376535,50500436.90269574,6.319373582361703,projected
ARM,2012,9555426006.05632,3159.7586078688933,3024100.0,2.1606287131300843,hist
ARM,2013,9870755064.25618,3266.298829998736,3022000.0,2.1908475360475115,hist
ARM,2014,10226102246.6276,3393.09252326883,3013800.0,2.2256039606126725,hist
ARM,2015,10553337518.414001,3512.393502767091,3004600.0,2.261302396010572,hist
ARM,2016,10574444193.4325,3533.8850360700803,2992300.0,2.299600020590267,hist
ARM,2017,11367527508.1135,3815.3747426037125,2979400.0,2.3386846694539667,hist
ARM,2018,11958638938.496,4027.8339301098013,2969000.0,2.3761067924318087,hist
ARM,2019,12867495497.6469,4343.458395830177,2962500.0,2.410614355878121,hist
ARM,2020,11941035821.9185,4032.090434549553,2961500.0,2.4407323963693486,hist
ARM,2021,12633615899.668198,4264.799615051885,2962300.0,2.5079027000495375,hist
ARM,2022,14225451502.9981,4791.004817121818,2969200.0,2.569746512483384,hist
ARM,2023,15406163977.6894,5197.235090135749,2964300.0,2.641777998642035,hist
ARM,2024,16315127652.444302,5378.3179998168125,3033500.0,2.6477513426350763,hist
ARM,2025,16315127652.444323,5378.31799981682,3033500.0,2.7139887504178084,projected
ARM,2030,18833897359.744015,6336.399278055053,2972334.3705583285,2.5970200660127687,projected
ARM,2035,21431967687.505737,7376.394781625217,2905480.0240482385,2.5965019790289157,projected
ARM,2040,24000137781.32279,8487.288910437319,2827774.338140935,2.5338832485367733,projected
ARM,2045,26336906064.61112,9619.986675452428,2737727.915134819,2.6117057486506625,projected
ARM,2050,28357121871.136898,10748.888208752824,2638144.645326731,2.53015478677117,projected
ARM,2055,30180386136.679024,11905.835996258036,2534923.7253196347,2.554749112275255,projected
ARM,2060,32103751185.42726,13197.00537830448,2432654.247319241,2.57934343777934,projected
ARM,2065,34302718390.53564,14679.74785692952,2336737.5737549313,2.527564220823331,projected
ARM,2070,36361284497.120964,16205.070663364982,2243821.4095124807,2.475785003867322,projected
ASM,2012,657587786.259542,12068.266737498247,54489.0,,hist
ASM,2013,641148091.603054,11871.793719272933,54006.0,,hist
ASM,2014,652450381.679389,12203.089471428366,53466.0,,hist
ASM,2015,673000000.0,12727.410265138622,52878.0,,hist
ASM,2016,661697709.923664,12665.282992126788,52245.0,,hist
ASM,2017,615461068.70229,11930.77712368259,51586.0,,hist
ASM,2018,631900763.358779,12412.602407456176,50908.0,,hist
ASM,2019,628818320.610687,12524.016025228286,50209.0,,hist
ASM,2020,656560305.343511,13194.274740128032,49761.0,,hist
ASM,2021,651422900.763359,13233.578481734057,49225.0,,hist
ASM,2022,662725190.839695,13709.097489547288,48342.0,,hist
ATG,2012,1395234173.14327,15989.390019977882,87260.0,,hist
ATG,2013,1386849062.30615,15748.19520242267,88064.0,,hist
ATG,2014,1417336052.73314,15967.284996711993,88765.0,,hist
ATG,2015,1437485185.18519,16077.634076940687,89409.0,,hist
ATG,2016,1496714858.2025797,16635.895232831084,89969.0,,hist
ATG,2017,1537316639.9839,16992.93274952359,90468.0,,hist
ATG,2018,1640501407.75149,18042.159643572686,90926.0,,hist
ATG,2019,1692541753.29144,18525.258890716694,91364.0,,hist
ATG,2020,1373179832.3414001,14950.894239720838,91846.0,,hist
ATG,2021,1485407940.3184097,16084.721440604768,92349.0,,hist
ATG,2022,1620696017.30498,17456.872224310428,92840.0,,hist
ATG,2023,1660036192.7894,17789.405812394445,93316.0,,hist
ATG,2024,1720733551.2869403,18350.18503697202,93772.0,,hist
AUS,2012,1260921781880.75,55465.446287257575,22733465.0,18.350445224433198,hist
AUS,2013,1294392358274.42,55966.15092705596,23128129.0,17.626039156980344,hist
AUS,2014,1328061960035.21,56571.80625244391,23475686.0,16.959905261951278,hist
AUS,2015,1356805839935.9,56970.3613028093,23815995.0,16.31817245749923,hist
AUS,2016,1394194533274.64,57632.999592559296,24190907.0,15.672071195782891,hist
AUS,2017,1426167740135.16,57991.771347332775,24592588.0,15.029313707536032,hist
AUS,2018,1467158231105.1,58772.70631522136,24963258.0,14.425113223194241,hist
AUS,2019,1499347932643.95,59181.299790413,25334826.0,13.838102784184619,hist
AUS,2020,1497345824797.34,58377.76705178023,25649248.0,13.297622969104442,hist
AUS,2021,1527396783519.68,59465.53567136396,25685412.0,12.784288792785038,hist
AUS,2022,1592357665099.43,61200.458896478034,26018721.0,12.13224201890156,hist
AUS,2023,1649424913623.6,61869.082498575954,26659922.0,11.363916054176245,hist
AUS,2024,1672078242948.22,61480.67071053107,27196812.0,10.672457163122521,hist
AUS,2025,1672078242948.218,61480.670710531,27196812.0,10.205332392197537,projected
AUS,2030,1883004436724.2078,65157.43732739554,28899301.66011142,10.058458027905383,projected
AUS,2035,2095137820048.2126,68633.24346772353,30526574.50224544,9.052304073806765,projected
AUS,2040,2318793302742.942,72189.20281127175,32121054.291250344,7.427148683774947,projected
AUS,2045,2557927054903.2407,75917.69411468857,33693423.97358632,5.045505126780156,projected
AUS,2050,2796659285322.5757,79393.92136637883,35225105.866944686,2.2525161789444845,projected
AUS,2055,3041741070331.9355,82909.28354911214,36687581.17455122,1.747900109238724,projected
AUS,2060,3311376041017.7573,87013.23223921233,38056005.45804679,1.2432840395329634,projected
AUS,2065,3598601862878.169,91741.81427439713,39225318.26234496,1.1129919427156112,projected
AUS,2070,3895772564721.585,96904.32712227693,40202255.9818797,0.982699845898259,projected
AUT,2012,372786509411.403,44221.459953089274,8429991.0,9.719523383596691,hist
AUT,2013,371851835129.742,43851.36754974037,8479823.0,9.485785469622467,hist
AUT,2014,374662287024.534,43838.83458921369,8546356.0,9.236693270059327,hist
AUT,2015,379546097300.633,43915.22802085702,8642699.0,8.960436560279598,hist
AUT,2016,387581921834.297,44362.67028051163,8736668.0,8.692632391370791,hist
AUT,2017,396388751744.592,45056.63859124126,8797566.0,8.462219027377962,hist
AUT,2018,406235924915.185,45951.581916403455,8840521.0,8.251687604177873,hist
AUT,2019,413365268699.049,46550.56224594918,8879920.0,8.046413109637808,hist
AUT,2020,387247796560.501,43428.69831372341,8916864.0,7.845111448475126,hist
AUT,2021,406312360757.929,45368.64343373672,8955797.0,7.2447628429066775,hist
AUT,2022,427972725600.496,47332.42403579709,9041851.0,6.6149573596749685,hist
AUT,2023,424607814488.72,46497.91146403415,9131761.0,5.994494632618383,hist
AUT,2024,421809268656.554,45958.82500712619,9177982.0,5.41176979690887,hist
AUT,2025,421809268656.5532,45958.8250071261,9177982.0,4.859233682033007,projected
AUT,2030,453291077873.544,48753.70358277707,9297572.17528958,3.8894867335032792,projected
AUT,2035,487386810258.34937,51895.61204315457,9391676.69615411,2.320127503968958,projected
AUT,2040,526117250305.508,55570.53814966661,9467557.231289191,0.9507105906043842,projected
AUT,2045,567354458906.1448,59523.09059022406,9531670.03393681,0.16442472832188326,projected
AUT,2050,607527697952.3479,63443.441386974075,9575894.445049489,0.08682033718553432,projected
AUT,2055,647781032366.8392,67541.05642108303,9590922.420997748,0.05179723635227205,projected
AUT,2060,689106995294.5001,71964.79541367131,9575612.51071922,0.016774135519009758,projected
AUT,2065,731874674851.3657,76893.24894674322,9518061.531751208,0.01724481699321363,projected
AUT,2070,774583906436.775,82109.77236465919,9433516.670789884,0.01771549846741749,projected
AZE,2012,48274633178.2711,5193.175011195516,9295784.0,3.7798826340837506,hist
AZE,2013,51095520771.413,5425.995597805773,9416801.0,3.7808658659983325,hist
AZE,2014,52524961505.77851,5508.602656126762,9535079.0,3.782910495424773,hist
AZE,2015,53076235354.746,5500.50364628486,9649341.0,3.7864802767162784,hist
AZE,2016,51450192645.68659,5272.718171418613,9757812.0,3.7922157483475902,hist
AZE,2017,51529227685.0867,5229.252599934129,9854033.0,3.8025463576000287,hist
AZE,2018,52302373078.674,5261.929382344322,9939771.0,3.8166982164705665,hist
AZE,2019,53599371924.6281,5346.953186041146,10024283.0,3.831076517276223,hist
AZE,2020,51348755387.0791,5087.500227836276,10093121.0,3.85118578879978,hist
AZE,2021,54232727563.5559,5349.582260714251,10137750.0,3.940816309422838,hist
AZE,2022,56789627303.76039,5599.585249710247,10141756.0,4.045802021056919,hist
AZE,2023,57558830022.9022,5668.610213170293,10153958.0,4.147354490030478,hist
AZE,2024,59902281408.46219,5871.143732519526,10202830.0,4.233393057014148,hist
AZE,2025,59902281408.462135,5871.14373251952,10202830.0,4.339297632608836,projected
AZE,2030,65308379767.74775,6278.1201598286325,10402537.400547365,4.152280669016035,projected
AZE,2035,67673774196.798836,6404.197026378149,10567097.470308669,4.151452318632426,projected
AZE,2040,70809176700.7628,6618.6450777386635,10698439.917699223,4.051333514182815,projected
AZE,2045,75184457798.47144,6984.131047889339,10765041.10288606,4.175761071392076,projected
AZE,2050,80388739525.21938,7471.08167436211,10759986.709967678,4.045372212644531,projected
AZE,2055,86715949694.54918,8105.264457817424,10698719.350349236,4.0846951827265015,projected
AZE,2060,95074263152.88011,8960.337876749127,10610566.75101338,4.124018152808474,projected
AZE,2065,105880767607.45714,10087.814478726255,10495907.496192005,4.041230251229677,projected
AZE,2070,117627013099.6967,11369.792575464937,10345572.47363738,3.958442349650881,projected
BDI,2012,2579999920.33893,256.1803939318737,10071028.0,0.021061708553975503,hist
BDI,2013,2707037177.57679,259.3111172033551,10439341.0,0.020907554915655355,hist
BDI,2014,2821948416.12645,261.2967217520025,10799785.0,0.02077903716662677,hist
BDI,2015,2810532912.49975,254.40258522678724,11047580.0,0.02086947300426012,hist
BDI,2016,2900474875.87058,258.0619708089461,11239451.0,0.021060211147166333,hist
BDI,2017,3011616941.94606,261.7258392887643,11506762.0,0.021105264009462915,hist
BDI,2018,3172504889.35261,267.5086921726875,11859446.0,0.020996030385389105,hist
BDI,2019,3313977733.08389,270.41100571080955,12255336.0,0.020819447727561856,hist
BDI,2020,3324133212.69452,263.4638763568971,12617036.0,0.02070988510308862,hist
BDI,2021,3431737891.18244,264.6826516642491,12965481.0,0.02190487760368509,hist
BDI,2022,3511275322.2302194,263.5875500516376,13321097.0,0.023024919258096858,hist
BDI,2023,3625559222.01905,264.8433079502135,13689450.0,0.02406430436070464,hist
BDI,2024,3774652142.6554594,268.7008573917242,14047786.0,0.02506708173138599,hist
BDI,2025,3774652142.655457,268.700857391724,14047786.0,0.02668370007084331,projected
BDI,2030,5331877479.191122,349.1400357755927,15271458.248397926,0.03220026350213426,projected
BDI,2035,7498701208.950369,456.17370299733113,16438258.408320043,0.04204876723237275,projected
BDI,2040,10566597051.769983,601.3619425417297,17571110.348468296,0.06342657078777712,projected
BDI,2045,14757206482.109264,791.6092476750459,18642033.964927945,0.08020589965898473,projected
BDI,2050,20307351897.33559,1035.1454637071747,19617872.665556308,0.10217089359586602,projected
BDI,2055,27552700370.64071,1346.700955859322,20459405.07487016,0.09783709104793858,projected
BDI,2060,36932486604.83438,1745.9459292594204,21153282.003698748,0.0935032885000111,projected
BDI,2065,48774281180.89048,2249.526126880994,21682024.75981768,0.0917304274711396,projected
BDI,2070,63385413449.23881,2868.003241727833,22100886.26366132,0.08995756644226806,projected
BEL,2012,445104666468.521,40074.49280039898,11106932.0,10.773675379872634,hist
BEL,2013,446464436962.24,40007.89978914113,11159407.0,10.527006408356307,hist
BEL,2014,454346946885.841,40533.913502789845,11209057.0,10.285237925955144,hist
BEL,2015,461044767544.531,40893.804537772005,11274196.0,10.031800701241115,hist
BEL,2016,466547349432.055,41172.886283120955,11331422.0,9.78810572114131,hist
BEL,2017,473426439010.72,41619.32862916893,11375158.0,9.558181580862724,hist
BEL,2018,482317238282.145,42208.36256502726,11427054.0,9.32335620739519,hist
BEL,2019,494099718080.5691,43006.404230886386,11488980.0,9.08271787497905,hist
BEL,2020,470417598101.755,40769.02180729619,11538604.0,8.854089557056778,hist
BEL,2021,499839663858.827,43140.96766529711,11586195.0,8.178497016771926,hist
BEL,2022,519614510458.48804,44486.74385635943,11680210.0,7.478588938645967,hist
BEL,2023,528521336864.4141,44866.1935177304,11779946.0,6.786560598060996,hist
BEL,2024,534178915343.8369,45045.660102139875,11858610.0,6.11700236661046,hist
BEL,2025,534178915343.83606,45045.6601021398,11858610.0,5.492462733704429,projected
BEL,2030,587899338605.7816,48541.527918495485,12111265.627915638,4.396343607839567,projected
BEL,2035,649733644097.3278,52619.11612169183,12347863.133897834,2.622473971587361,projected
BEL,2040,716808481793.9277,57019.678895944,12571247.25486514,1.0746020527352032,projected
BEL,2045,785495341330.9863,61490.98413638198,12774154.656377297,0.18585166960515082,projected
BEL,2050,854664989134.9819,65971.61588591793,12955041.007528448,0.09813429394893651,projected
BEL,2055,926444966721.2449,70650.30484517595,13113106.42963918,0.05854717204189031,projected
BEL,2060,1002425085331.9873,75637.49560765266,13253017.928194948,0.0189600501348441,projected
BEL,2065,1080986309253.6322,80914.29282323385,13359646.00982382,0.019492068273026786,projected
BEL,2070,1159547533175.2761,86266.53025675459,13441453.246399518,0.020024086411209476,projected
BEN,2012,9814543622.240711,943.9187715310007,10397657.0,0.4297817388126107,hist
BEN,2013,10520350021.8969,982.3992062905168,10708834.0,0.4604173630810235,hist
BEN,2014,11189200116.267,1014.4330062135064,11030004.0,0.48887952523568484,hist
BEN,2015,11388160996.7738,1002.4188687961399,11360681.0,0.515299490037877,hist
BEN,2016,11768488383.3269,1006.0392663302257,11697842.0,0.5399254950356053,hist
BEN,2017,12435945492.7429,1032.9047119418212,12039780.0,0.56294825483635,hist
BEN,2018,13268812302.661798,1071.504521569314,12383347.0,0.5846224890999894,hist
BEN,2019,14179807374.684301,1114.1730452644292,12726755.0,0.6051340780461463,hist
BEN,2020,14725558723.2985,1126.6540412215404,13070169.0,0.6245675293379509,hist
BEN,2021,15779238957.311703,1176.377276372732,13413417.0,0.6306974855331707,hist
BEN,2022,16765906414.7949,1218.4966892909054,13759501.0,0.6363903449882589,hist
BEN,2023,17831007125.9788,1263.6215833636857,14111034.0,0.641556019367872,hist
BEN,2024,19159972710.8241,1324.7831259743393,14462724.0,0.6464635580512432,hist
BEN,2025,19159972710.824112,1324.78312597434,14462724.0,0.6669718118178509,projected
BEN,2030,25164421084.681305,1574.682787687215,15980628.7853321,0.7702827115868579,projected
BEN,2035,32910409577.574802,1885.179531816632,17457440.536637407,0.8759542890759344,projected
BEN,2040,43377838700.346115,2296.1096485928147,18891884.682828844,1.0981556092002067,projected
BEN,2045,57354872823.664055,2830.0912787585785,20266085.851768997,1.3776304469500007,projected
BEN,2050,75705461353.83954,3514.3490454414173,21541816.24390431,1.7348749134228643,projected
BEN,2055,99388284991.73445,4381.400696607458,22684135.02300562,1.4791764931032723,projected
BEN,2060,129511320958.42352,5461.712358559507,23712585.44135073,1.2234780727836803,projected
BEN,2065,167093120132.92593,6784.405906208674,24628998.093998548,1.0767761784514776,projected
BEN,2070,213038555840.79816,8381.750380532285,25416953.043078944,0.9300742841192748,projected
BFA,2012,10315931043.8746,600.7313436978196,17172287.0,0.2045620960627696,hist
BFA,2013,10913490102.1529,616.7413311640834,17695409.0,0.21902976267549049,hist
BFA,2014,11385699970.029999,624.5768851876641,18229461.0,0.23252708593633287,hist
BFA,2015,11832159315.6298,630.1247507523132,18777487.0,0.24507356364162658,hist
BFA,2016,12537116611.6541,648.4204801760147,19334856.0,0.2567843208208329,hist
BFA,2017,13314855313.1302,669.276310328335,19894407.0,0.26780944397754075,hist
BFA,2018,14194244128.6065,694.492813126349,20438288.0,0.27844466658543915,hist
BFA,2019,15030172259.3791,717.0215950966351,20961952.0,0.28880681047936146,hist
BFA,2020,15332394848.5201,713.8421779224012,21478690.0,0.2987601529397631,hist
BFA,2021,16396850182.5889,745.4725634351437,21995243.0,0.30234418443046496,hist
BFA,2022,16663583086.9504,740.3063199302609,22509038.0,0.30580120318887133,hist
BFA,2023,17163536264.1285,745.4053346184077,23025776.0,0.3090644154561027,hist
BFA,2024,17987353311.1315,763.8337335224061,23548781.0,0.31210129716278273,hist
BFA,2025,17987353311.131546,763.833733522408,23548781.0,0.3220023233279644,projected
BFA,2030,24654944398.063015,935.1206880295852,26365521.278343257,0.37187901850651217,projected
BFA,2035,33362138985.834682,1142.34315555509,29205006.239673465,0.4228954075926918,projected
BFA,2040,45176361817.95461,1411.2719169624484,32011096.70997349,0.5301703179544157,projected
BFA,2045,61091370820.49817,1760.2252470533172,34706564.35746925,0.6650958807332457,projected
BFA,2050,82223701948.59477,2204.805773078986,37292945.68825911,0.837567259826155,projected
BFA,2055,109780300433.31474,2763.8109610235383,39720625.60771492,0.714120535458912,projected
BFA,2060,144906722491.2003,3454.477919995166,41947502.87806242,0.5906738110916688,projected
BFA,2065,188993708342.27106,4297.676298048506,43975789.52795713,0.519848702781869,projected
BFA,2070,243337496329.6355,5306.313186035269,45858110.48055582,0.4490235944720691,projected
BGD,2012,162884301114.117,1050.3914040406603,155070101.0,3.8985756928611504,hist
BGD,2013,172679520662.469,1103.15695907123,156532141.0,3.695699461520042,hist
BGD,2014,183145728910.398,1159.4075347598075,157964929.0,3.4972254630041006,hist
BGD,2015,195146608978.131,1224.3864766816516,159383179.0,3.3026207534522243,hist
BGD,2016,209028320490.615,1299.8309136079217,160811932.0,3.1112456100132317,hist
BGD,2017,222803809377.443,1373.7536374018614,162186147.0,2.924224102992607,hist
BGD,2018,239111739541.45197,1462.2505025571338,163523103.0,2.7409696535972516,hist
BGD,2019,257958323968.61298,1564.2080244563597,164913055.0,2.559864564641128,hist
BGD,2020,266852772253.895,1604.665923474202,166298024.0,2.3818581782870076,hist
BGD,2021,285368829855.224,1702.080284141892,167658854.0,2.6048413735477944,hist
BGD,2022,305629528154.3109,1804.3493461776047,169384897.0,2.818144586906406,hist
BGD,2023,323279976841.364,1885.3773361354508,171466990.0,3.020858659895349,hist
BGD,2024,336932927922.21,1941.2787436002543,173562364.0,3.2184624580887204,hist
BGD,2025,336932927922.2092,1941.27874360025,173562364.0,3.45253630974149,projected
BGD,2030,438767120664.33997,2432.310732848708,180391063.8302609,3.533118009969694,projected
BGD,2035,553166790349.9092,2974.685108869181,185958099.8004169,1.8191814339882213,projected
BGD,2040,689146770988.6665,3621.4440505774305,190296125.3477832,1.9793242123087675,projected
BGD,2045,846388527535.5309,4378.700321901961,193296746.82278508,2.051629742993843,projected
BGD,2050,1025232220350.5719,5258.655836929748,194960889.65372393,2.171863296171257,projected
BGD,2055,1228085273013.0237,6288.5862375187,195287975.17096496,2.1676699746299533,projected
BGD,2060,1456753691558.2927,7496.046013333344,194336279.2820562,2.1634766530886504,projected
BGD,2065,1709938203683.2434,8885.829724805617,192434275.3170019,2.1029786708970737,projected
BGD,2070,1988379330309.18,10473.156170891623,189854834.38464767,2.0424806887054956,projected
BGR,2012,48901433349.8318,6693.427732512708,7305888.0,5.499502298161073,hist
BGR,2013,48636020141.1525,6792.735499647346,7160005.0,5.489980380712926,hist
BGR,2014,49097794392.256,6941.018539467188,7073572.0,5.434005069221816,hist
BGR,2015,50765918159.1476,7268.654454738729,6984225.0,5.3788881708714325,hist
BGR,2016,52302413861.9149,7586.504110508202,6894139.0,5.322913327524085,hist
BGR,2017,53738599840.5621,7898.706930136528,6803468.0,5.265909017960048,hist
BGR,2018,54990790971.566505,8194.37434587757,6710798.0,5.208915932844597,hist
BGR,2019,57076766353.313,8626.134186803716,6616726.0,5.151418050860907,hist
BGR,2020,55288418257.038895,8440.083047211914,6550696.0,5.070462876570632,hist
BGR,2021,59616490915.7479,9161.477379907261,6507301.0,4.7945059291334955,hist
BGR,2022,62051147380.8758,9597.867964065474,6465097.0,4.5140120203320855,hist
BGR,2023,63094544094.4155,9787.265107727473,6446596.0,4.2142795847714805,hist
BGR,2024,65231613490.8247,10126.898007570799,6441421.0,3.9047269628124095,hist
BGR,2025,65231613490.824715,10126.8980075708,6441421.0,3.591788613255159,projected
BGR,2030,76079116720.78714,12066.937449868836,6304757.693230116,2.3210776560657447,projected
BGR,2035,86446270693.78534,13979.828470264683,6183643.159689543,1.6504350761262603,projected
BGR,2040,96137155607.31534,15819.789642327354,6077018.581213699,1.3974247019432988,projected
BGR,2045,104951241781.16592,17549.266721268097,5980377.610534272,0.7336678503839484,projected
BGR,2050,113212603618.06839,19223.70501986421,5889218.727663773,0.35047663846254234,projected
BGR,2055,121570772886.79692,20956.956808496365,5800974.540230465,0.18600398025115605,projected
BGR,2060,130676203331.66615,22867.30737463107,5714542.652128689,0.02153132203976975,projected
BGR,2065,139813902920.47708,24909.37026331716,5612903.957125498,0.021855322781818266,projected
BGR,2070,148045761540.06158,26921.533465805653,5499157.829478833,0.02217932352386678,projected
BHR,2012,28888050241.956898,23894.880444708775,1208964.0,29.0368514161183,hist
BHR,2013,30416985616.3829,24271.627881450553,1253191.0,27.997343497886323,hist
BHR,2014,31727610007.9685,24135.499130484906,1314562.0,26.676208315380542,hist
BHR,2015,32523297872.340397,23734.055114301893,1370322.0,25.577229742722437,hist
BHR,2016,33764059498.7261,23715.279132871143,1423726.0,24.60484073166502,hist
BHR,2017,35436675410.8102,23606.886750131373,1501116.0,23.32402181813673,hist
BHR,2018,36164044588.1584,24059.783864156198,1503091.0,23.281074263353155,hist
BHR,2019,36906448210.9064,24873.66400601339,1483756.0,23.571991658737268,hist
BHR,2020,34724774104.3146,23586.930958151588,1472204.0,23.744396099742286,hist
BHR,2021,36235315986.0804,24086.7847803428,1504365.0,22.637416351419425,hist
BHR,2022,38474716945.1891,25234.402561820054,1524693.0,21.74423230340874,hist
BHR,2023,39966811156.113,25342.62266415714,1577059.0,20.450484552105706,hist
BHR,2024,41007465668.6828,25812.450457730552,1588670.0,19.733464250686023,hist
BHR,2025,41007465668.68287,25812.4504577306,1588670.0,19.16590895844666,projected
BHR,2030,51065967957.30041,29014.273370622657,1760029.1864970634,18.809922136549936,projected
BHR,2035,62245411374.91102,32284.84171210187,1928007.3270911695,17.950608150001944,projected
BHR,2040,74028493363.57741,35337.6567527148,2094889.705947755,18.36914918974041,projected
BHR,2045,85827272809.17416,38048.775985256434,2255717.0523023256,18.27844588667226,projected
BHR,2050,97654593085.55376,40636.54619036664,2403122.367439384,16.13461939674145,projected
BHR,2055,110450161046.23885,43603.10010117072,2533080.464232251,12.855689933856235,projected
BHR,2060,124567882992.93558,47097.23832003898,2644908.4370183614,9.576760470971026,projected
BHR,2065,138946040020.52524,50778.97786759787,2736290.604013652,8.25165456143068,projected
BHR,2070,153030940011.8218,54456.30845811781,2810160.004318278,6.926548651890335,projected
BHS,2012,11847358068.6233,31553.491949064504,375469.0,,hist
BHS,2013,11508144415.7879,30368.263124418863,378953.0,,hist
BHS,2014,11720696405.6022,30658.534456372254,382298.0,,hist
BHS,2015,11837600000.0,30719.405417468977,385346.0,,hist
BHS,2016,11700697195.6515,30152.161924602184,388055.0,,hist
BHS,2017,12095174365.8385,30974.7477261316,390485.0,,hist
BHS,2018,12385211217.3941,31537.24238419549,392717.0,,hist
BHS,2019,12281350586.0076,31117.629913238998,394675.0,,hist
BHS,2020,9814105056.96843,24791.67049451055,395863.0,,hist
BHS,2021,11540027214.2601,29114.059772638648,396373.0,,hist
BHS,2022,12795339943.1948,32186.457503923648,397538.0,,hist
BHS,2023,13185372844.5039,33009.64561512092,399440.0,,hist
BHS,2024,13630862492.2464,33968.20321879173,401283.0,,hist
BHS,2025,13630862492.24643,33968.2032187918,401283.0,,projected
BHS,2030,14974295894.753172,35701.50174803614,419430.4206146419,,projected
BHS,2035,16297196472.330793,37413.44953615556,435597.26981553866,,projected
BHS,2040,17650407410.518078,39258.484138904474,449594.725768508,,projected
BHS,2045,19070105591.33305,41339.83813726068,461300.9254660013,,projected
BHS,2050,20441893847.313393,43380.09678852521,471227.48358460626,,projected
BHS,2055,21816615363.99789,45511.7498748246,479362.2619214215,,projected
BHS,2060,23209914198.475414,47781.278955892274,485753.3055969659,,projected
BHS,2065,24663833754.172306,50423.08199231661,489137.76745996095,,projected
BHS,2070,26191084827.473305,53482.46833202371,489713.4639500336,,projected
BIH,2012,15193964403.4513,4139.917327736584,3670113.0,5.645110313060546,hist
BIH,2013,15551001102.680801,4306.731750722141,3610859.0,5.613439664794036,hist
BIH,2014,15730436007.5757,4412.676178177327,3564829.0,5.560010177980339,hist
BIH,2015,16404348361.092602,4662.258692194464,3518541.0,5.505586523203914,hist
BIH,2016,16936219694.6475,4876.534714956336,3473003.0,5.448534970779286,hist
BIH,2017,17485647420.4505,5099.816028564474,3428682.0,5.388054269046332,hist
BIH,2018,18155173558.4672,5360.252010176321,3387000.0,5.32183970341992,hist
BIH,2019,18679105074.111904,5583.297212764574,3345533.0,5.253637451390919,hist
BIH,2020,18115912618.3228,5490.753666351392,3299349.0,5.191134327361296,hist
BIH,2021,19454976126.4078,5995.541975904948,3244907.0,4.9579023944691425,hist
BIH,2022,20277301651.4265,6327.162068491751,3204802.0,4.695610062154914,hist
BIH,2023,20681710969.038,6493.324005144623,3185073.0,4.398350948847549,hist
BIH,2024,21296271621.8748,6730.2682882420595,3164253.0,4.0987990483008865,hist
BIH,2025,21296271621.87477,6730.26828824205,3164253.0,3.770307089309149,projected
BIH,2030,25173581944.335682,8061.254878877765,3122787.0006065588,2.4364394689616042,projected
BIH,2035,29018690243.174786,9455.565745276708,3068953.3577269395,1.7324647238423854,projected
BIH,2040,32748057935.373264,10910.465434918764,3001527.1237250473,1.4668792704194296,projected
BIH,2045,36050398792.58725,12330.03177927793,2923787.9867571946,0.7701324869989775,projected
BIH,2050,38750701816.8721,13654.402955419737,2837963.83799345,0.36789596964477334,projected
BIH,2055,41062247077.722946,14948.109166865708,2746986.031433486,0.19524871892310133,projected
BIH,2060,43342990402.935555,16333.935400123366,2653554.6603550417,0.02260146820142925,projected
BIH,2065,45084233158.484695,17648.369851443702,2554583.4282703814,0.02294157237409098,projected
BIH,2070,46588861044.81277,19004.249558091815,2451497.013991574,0.023281676546752707,projected
BLR,2012,57178272607.7523,6052.637370623593,9446836.0,5.78004965681033,hist
BLR,2013,57749323051.4988,6115.432880987071,9443211.0,5.859068503915577,hist
BLR,2014,58702836389.80221,6212.9166741866,9448515.0,5.932536394567272,hist
BLR,2015,56454769844.7632,5967.055950587776,9461076.0,6.001315080684314,hist
BLR,2016,55028470318.3987,5811.201591825472,9469379.0,6.072640776600672,hist
BLR,2017,56421892161.1976,5964.896688345615,9458989.0,6.155983055976887,hist
BLR,2018,58198729025.2815,6165.913200192768,9438785.0,6.245996171843877,hist
BLR,2019,59040547731.7471,6267.7350874350595,9419758.0,6.335603732393451,hist
BLR,2020,58643356627.7874,6251.988989686451,9379952.0,6.43980831770021,hist
BLR,2021,60073587228.1282,6457.7305370634285,9302585.0,6.673869782134587,hist
BLR,2022,57275121695.7263,6206.619096854186,9228071.0,6.909720237875091,hist
BLR,2023,59638602543.5231,6497.784506835919,9178298.0,7.130138612110654,hist
BLR,2024,62030020167.7391,6792.13183495564,9132629.0,7.349656378384335,hist
BLR,2025,62030020167.73919,6792.13183495565,9132629.0,7.533518880409736,projected
BLR,2030,70629812545.32108,7892.282973290654,8949224.550659044,7.20883596039159,projected
BLR,2035,78993140002.36632,9009.600940366816,8767662.466429973,7.207397849023609,projected
BLR,2040,86684425118.37016,10085.81916352417,8594683.655628923,7.0335801099643644,projected
BLR,2045,93253631471.31792,11074.32188334058,8420708.053610219,7.249600634676717,projected
BLR,2050,98677865642.15115,11980.405169628082,8236605.043401424,7.023230606083137,projected
BLR,2055,104027997430.24284,12935.550488287558,8042023.22308854,7.091499796774308,projected
BLR,2060,110354111820.29503,14071.308409009476,7842491.160924189,7.159768987465479,projected
BLR,2065,117151951134.62784,15342.850674031886,7635605.248567667,7.016039685532716,projected
BLR,2070,123494633130.57744,16627.62645701258,7427075.262356191,6.8723103835999515,projected
BLZ,2012,1973959679.2192297,5902.7423469688165,334414.0,,hist
BLZ,2013,2054230070.85013,6013.078798953625,341627.0,,hist
BLZ,2014,2134186060.0205,6116.495788527841,348923.0,,hist
BLZ,2015,2193095150.0000005,6154.622642303689,356333.0,,hist
BLZ,2016,2192684131.16429,6012.21296983669,364705.0,,hist
BLZ,2017,2152487028.0072,5767.619219637622,373202.0,,hist
BLZ,2018,2170181947.82235,5707.61059954435,380226.0,,hist
BLZ,2019,2262557632.66642,5864.146118271099,385829.0,,hist
BLZ,2020,1956594233.22066,5006.484532769362,390812.0,,hist
BLZ,2021,2308584056.87279,5839.401579560157,395346.0,,hist
BLZ,2022,2522139931.9872203,6262.560882736751,402733.0,,hist
BLZ,2023,2534753858.51431,6165.694148259354,411106.0,,hist
BLZ,2024,2623588473.35997,6290.492944527492,417072.0,,hist
BLZ,2025,2623588473.3599696,6290.49294452749,417072.0,,projected
BLZ,2030,3114711957.485849,7141.063579373673,436169.1956478888,,projected
BLZ,2035,3679162906.2555313,8134.4790725380335,452292.380796254,,projected
BLZ,2040,4331436283.610221,9301.074029017123,465692.0555730636,,projected
BLZ,2045,5072384734.487631,10650.115351385082,476275.09816858,,projected
BLZ,2050,5899450324.074627,12186.715215721712,484088.6341927417,,projected
BLZ,2055,6821159501.748371,13933.435672831054,489553.3062996816,,projected
BLZ,2060,7844333427.010631,15913.888401319307,492923.7424060554,,projected
BLZ,2065,8986024998.61577,18166.155369824985,494657.4999321028,,projected
BLZ,2070,10247086861.501492,20701.017241392157,495004.0252617252,,projected
BMU,2012,6876350478.40565,108040.57565920326,63646.0,,hist
BMU,2013,6857116738.50431,107860.39479196384,63574.0,,hist
BMU,2014,6603330213.03728,103941.98260695557,63529.0,,hist
BMU,2015,6654541000.0,104855.36682213539,63464.0,,hist
BMU,2016,6610806937.02849,104190.87672033429,63449.0,,hist
BMU,2017,6849550930.14215,107734.60835732722,63578.0,,hist
BMU,2018,6819905984.64909,106843.16373939136,63831.0,,hist
BMU,2019,6840850356.57848,106709.88123884256,64107.0,,hist
BMU,2020,6373786302.28159,98999.50766179353,64382.0,,hist
BMU,2021,6667453991.67615,103134.7294839152,64648.0,,hist
BMU,2022,7099253361.41199,109642.67187774314,64749.0,,hist
BMU,2023,7448338953.24063,115124.71719745015,64698.0,,hist
BMU,2024,7893193425.434859,122117.6035867761,64636.0,,hist
BOL,2012,27943010890.6533,2657.2388491585384,10515807.0,2.085211684761646,hist
BOL,2013,29842021104.1397,2793.5145709867575,10682608.0,2.0735922235718394,hist
BOL,2014,31471565408.6312,2900.902415863377,10848888.0,2.062429082264868,hist
BOL,2015,33000198248.9146,2996.0128981134403,11014705.0,2.0516892069830606,hist
BOL,2016,34407300587.1524,3077.570575647664,11180020.0,2.041359551393501,hist
BOL,2017,35850757840.606804,3160.164212289685,11344587.0,2.0314648613420996,hist
BOL,2018,36878987707.3734,3204.5367081912395,11508368.0,2.021991224307947,hist
BOL,2019,37434651169.5829,3207.3869521223014,11671386.0,2.0129150340220447,hist
BOL,2020,32673162315.3388,2765.092717723104,11816299.0,2.0071595676820997,hist
BOL,2021,35949969735.497,3011.5511080755714,11937360.0,1.9775156547189994,hist
BOL,2022,37297165304.9227,3088.241261552407,12077154.0,1.945444676750033,hist
BOL,2023,38235698454.9001,3122.7704944782326,12244159.0,1.90985380401907,hist
BOL,2024,37806175459.305305,3045.6147660238466,12413315.0,1.8748958136274074,hist
BOL,2025,37806175459.30534,3045.61476602385,12413315.0,1.865963363558588,projected
BOL,2030,48116144776.468575,3691.167231157799,13035482.210156083,1.8053199197302394,projected
BOL,2035,60145286493.07521,4428.738062134665,13580682.7247952,1.7775094685493358,projected
BOL,2040,74476928931.2542,5300.402814376107,14051182.813738776,1.8416502529426606,projected
BOL,2045,91373612044.95961,6326.807928150638,14442292.714213729,1.8879463061304558,projected
BOL,2050,110919331735.8575,7514.637597517844,14760436.587453691,2.0645050184778273,projected
BOL,2055,133175713137.83496,8882.905145742146,14992360.151641406,2.096427127253504,projected
BOL,2060,158057494079.35037,10434.097395033585,15148171.240435466,2.1283492360291807,projected
BOL,2065,185704386336.5434,12176.351535139956,15251233.984220618,2.2144481993647123,projected
BOL,2070,216007490700.21707,14107.594086315348,15311433.641952366,2.300547162700244,projected
BRA,2012,1804861390164.77,9167.498184504315,196876111.0,8.930350620345198,hist
BRA,2013,1859094274383.73,9366.738246702376,198478299.0,8.19010671791378,hist
BRA,2014,1868463286696.58,9338.341708409842,200085127.0,7.461545105249128,hist
BRA,2015,1802211999456.42,8936.195588944423,201675532.0,6.7451412499558945,hist
BRA,2016,1743173031878.48,8577.842779696695,203218114.0,6.041369422412807,hist
BRA,2017,1766232928473.27,8628.252096457243,204703445.0,5.349697216869018,hist
BRA,2018,1797736638146.8198,8722.335299709892,206107261.0,4.669836449866752,hist
BRA,2019,1819683008336.2202,8771.439503726051,207455459.0,4.0002463854180865,hist
BRA,2020,1760056385298.89,8435.010462091828,208660842.0,3.341588643642107,hist
BRA,2021,1843880907790.4402,8799.228445799461,209550294.0,3.418967095316984,hist
BRA,2022,1899505159031.73,9032.083776577761,210306415.0,3.4979076601158363,hist
BRA,2023,1961080569227.7002,9288.025946086887,211140729.0,3.5749581976673004,hist
BRA,2024,2028136094548.34,9566.744086283732,211998573.0,3.650996933833135,hist
BRA,2025,2028136094548.3354,9566.74408628371,211998573.0,3.7415015996357672,projected
BRA,2030,2315066155491.8887,10655.606931806318,217262720.96069548,3.1946243336270004,projected
BRA,2035,2590518891383.2456,11706.870055189693,221281937.79983577,2.3553955714598134,projected
BRA,2040,2874040883849.4067,12824.291661752466,224109132.8592462,2.6128694743619807,projected
BRA,2045,3159638125784.171,13995.698209196373,225757806.33137816,2.8147444181145502,projected
BRA,2050,3441235684548.1387,15220.90463877706,226086147.05995744,2.970479428651626,projected
BRA,2055,3728955995584.7397,16569.6764039769,225047001.8044378,2.7986127057562786,projected
BRA,2060,4021627477879.373,18037.21299585567,222962798.0111675,2.626745982860932,projected
BRA,2065,4307362047991.6797,19585.74652612572,219923301.99137548,2.6017295408870513,projected
BRA,2070,4591165440607.349,21249.97447002716,216055103.83474267,2.5767130989131704,projected
BRB,2012,5825750942.63272,21036.300336655568,276938.0,,hist
BRB,2013,5722566701.83324,20609.607627296344,277665.0,,hist
BRB,2014,5765635622.77349,20713.767021043765,278348.0,,hist
BRB,2015,5698150000.0,20424.208753001898,278990.0,,hist
BRB,2016,5783423169.47156,20684.780182517614,279598.0,,hist
BRB,2017,5824392171.7044,20788.704654316116,280171.0,,hist
BRB,2018,5750071519.41267,20483.955097636608,280711.0,,hist
BRB,2019,5763165130.17653,20494.38716026461,281207.0,,hist
BRB,2020,4935303060.93692,17519.83706287201,281698.0,,hist
BRB,2021,4930526775.24948,17475.028177685675,282147.0,,hist
BRB,2022,5779882130.08259,20472.949404864692,282318.0,,hist
BRB,2023,5948328550.318309,21068.261044706695,282336.0,,hist
BRB,2024,6095981657.86298,21581.21712576329,282467.0,,hist
BRB,2025,6095981657.862983,21581.2171257633,282467.0,,projected
BRB,2030,6602401720.364092,23337.94818859683,282904.12109107757,,projected
BRB,2035,7104834223.317977,25194.664589255844,281997.5712773649,,projected
BRB,2040,7614244955.479535,27264.11687737919,279277.1535467195,,projected
BRB,2045,8143593485.377383,29619.895499148643,274936.6042027884,,projected
BRB,2050,8654001107.425749,32103.338022714048,269567.0182740122,,projected
BRB,2055,9148458491.285124,34724.03171342834,263461.8746689852,,projected
BRB,2060,9620984297.634604,37434.07773378406,257011.38855497207,,projected
BRB,2065,10095503883.757698,40374.701245718774,250045.29005222543,,projected
BRB,2070,10602920836.145638,43678.46592010241,242749.38720468635,,projected
BRN,2012,13604222581.2368,33544.538945787644,405557.0,0.14568112533617766,hist
BRN,2013,13315162382.5279,32381.073979523204,411202.0,0.1507784741306623,hist
BRN,2014,12981233119.370098,31148.72974054013,416750.0,0.15577401341569022,hist
BRN,2015,12930296870.1247,30625.128774465673,422212.0,0.1606710137620468,hist
BRN,2016,12609894752.9469,29492.41459277886,427564.0,0.1654854946487864,hist
BRN,2017,12777445780.0952,29524.659127889972,432772.0,0.17023756159253856,hist
BRN,2018,12784137461.5724,29200.19520242205,437810.0,0.17494451925958382,hist
BRN,2019,13278735842.9555,29996.240722317474,442680.0,0.1796125190850068,hist
BRN,2020,13429260053.625002,30015.958850669645,447404.0,0.18423903210535267,hist
BRN,2021,13215632407.1015,29256.18336783435,451721.0,0.19805515873208837,hist
BRN,2022,13000438095.7254,28549.175606046512,455370.0,0.21192012823675738,hist
BRN,2023,13147036779.497898,28645.964539628363,458949.0,0.22559906053336362,hist
BRN,2024,13679822692.2189,29563.868275308232,462721.0,0.23896658606434806,hist
BRN,2025,13679822692.218885,29563.8682753082,462721.0,0.2541731456057447,projected
BRN,2030,15489963579.431982,31609.883203134148,490035.4575779052,0.31782159493623613,projected
BRN,2035,17393301741.623684,33732.60667188825,515622.81891837146,0.4307971119145807,projected
BRN,2040,19365336864.237785,35890.0902314451,539573.3680064935,0.59597867307169,projected
BRN,2045,21398382574.08011,38082.611910078376,561893.7751592908,0.7549307441625016,projected
BRN,2050,23542880695.23704,40396.82109358502,582790.4289967912,0.972365842434078,projected
BRN,2055,25787782066.24207,42873.66266423514,601483.065913891,0.8962420166003325,projected
BRN,2060,28124439517.25179,45543.696938183326,617526.494509772,0.8201181907665874,projected
BRN,2065,30389517617.89135,48358.317653223254,628423.7974491608,0.7844572153670983,projected
BRN,2070,32480691525.014122,51175.126683367846,634696.8464969232,0.7487962399676091,projected
BTN,2012,1904194983.1320703,2654.747989460266,717279.0,11.955316503922168,hist
BTN,2013,1937258289.82484,2671.0746020117117,725273.0,11.313938551264336,hist
BTN,2014,2051190106.3328102,2797.8188397190847,733139.0,10.688410851374003,hist
BTN,2015,2187815803.36833,2954.0408191109723,740618.0,10.081428660172765,hist
BTN,2016,2373253832.39027,3173.367732174307,747866.0,9.489513120952394,hist
BTN,2017,2422779966.72395,3211.809032755937,754335.0,8.918160907273997,hist
BTN,2018,2507622616.5436206,3300.5500646173596,759759.0,8.368018801044645,hist
BTN,2019,2651940022.25787,3467.3859897935604,764824.0,7.829349346434249,hist
BTN,2020,2380954251.4208,3092.1242839936317,770006.0,7.296658692025225,hist
BTN,2021,2486224986.25084,3206.203669972532,775442.0,7.988653940727001,hist
BTN,2022,2615853471.18587,3349.7330963279824,780914.0,8.670614952989546,hist
BTN,2023,2737023912.04454,3480.513885748762,786385.0,9.343097111074764,hist
BTN,2025,,,791524.0,10.738531054370847,projected
BTN,2030,,,848090.9015312869,10.989166822595214,projected
BTN,2035,,,900979.0070387336,5.658256588727991,projected
BTN,2040,,,951637.9034043195,6.156353652407293,projected
BTN,2045,,,999828.4632027554,6.381247793121656,projected
BTN,2050,,,1043946.1540014502,6.755213952704111,projected
BTN,2055,,,1082172.3589970767,6.742171334306386,projected
BTN,2060,,,1113177.4154220116,6.7291287159086615,projected
BTN,2065,,,1135472.551826778,6.540959960475741,projected
BTN,2070,,,1149797.9132215665,6.352791205042818,projected
BWA,2012,12109617148.6354,5742.919244526342,2108617.0,1.4208616476278948,hist
BWA,2013,13454136663.42,6284.976780026179,2140682.0,1.4438137768958783,hist
BWA,2014,14220638232.789,6547.122541158927,2172044.0,1.4665629712242743,hist
BWA,2015,13530748844.505001,6141.203947266181,2203273.0,1.4887544307885097,hist
BWA,2016,14505561464.3559,6490.834635934832,2234776.0,1.5101404255744317,hist
BWA,2017,15102375175.898598,6662.576448054679,2266747.0,1.5306157760086856,hist
BWA,2018,15734967212.8207,6843.846120277399,2299141.0,1.550236308750614,hist
BWA,2019,16212015762.4196,6951.731890511443,2332083.0,1.5689428703240962,hist
BWA,2020,14796887965.3696,6254.248062410911,2365894.0,1.58654535434422,hist
BWA,2021,16560125447.6096,6895.911849431071,2401441.0,1.743024809019143,hist
BWA,2022,17468616755.5627,7159.586061826793,2439892.0,1.892683916427701,hist
BWA,2023,18029021881.095,7269.051706644589,2480244.0,2.0361373526336495,hist
BWA,2024,17489977781.8862,6937.331809902667,2521139.0,2.174529273423785,hist
BWA,2025,17489977781.886208,6937.33180990267,2521139.0,2.345949058618048,projected
BWA,2030,20411538963.391727,7801.9626116049985,2616205.6881726994,2.5737631510672783,projected
BWA,2035,23313217923.19463,8618.117203313668,2705140.5049621155,2.741539326663237,projected
BWA,2040,26435101866.760128,9477.957238372088,2789113.856700683,3.5363223661326955,projected
BWA,2045,29742303122.044224,10365.301670443603,2869410.275520842,3.942891420228553,projected
BWA,2050,33235947097.822426,11275.455208695546,2947636.8344039107,4.677488103719771,projected
BWA,2055,36935540879.5388,12222.568433399472,3021913.199406476,4.532674318917256,projected
BWA,2060,40899605723.525475,13219.1798473679,3093959.398068791,4.3878605341147425,projected
BWA,2065,44954453542.07876,14275.788972319311,3148999.5844884817,4.5895721773577005,projected
BWA,2070,48979665596.20739,15390.93931572039,3182370.132937844,4.791283820600659,projected
CAF,2012,2553162918.7141595,553.7295783149129,4610848.0,0.02182879794628125,hist
CAF,2013,1624016454.05115,349.8211716889729,4642419.0,0.02262229395731445,hist
CAF,2014,1625333052.55944,351.56155491162576,4623182.0,0.023662288274402477,hist
CAF,2015,1695825714.1928203,366.32285393812055,4629320.0,0.024575523655101676,hist
CAF,2016,1776382808.69192,376.8582541203985,4713663.0,0.025063493318262697,hist
CAF,2017,1856804600.57752,387.35795131742054,4793511.0,0.025558251361694775,hist
CAF,2018,1927167163.54408,395.0200154559093,4878657.0,0.026008521808574717,hist
CAF,2019,1986909345.61394,401.82582161434976,4944703.0,0.026545488155519655,hist
CAF,2020,2004791529.66202,398.8342741221391,5026628.0,0.02698279101956007,hist
CAF,2021,2024497026.4904802,396.02062293196144,5112100.0,0.02668172691577332,hist
CAF,2022,2033686256.48235,398.9153979564201,5098039.0,0.02690580818922339,hist
CAF,2023,2047921417.64834,397.46779575045207,5152421.0,0.026770728320577027,hist
CAF,2024,2078640238.88184,389.93830796422975,5330690.0,0.026019383249315062,hist
CAF,2025,2078640238.881836,389.938307964229,5330690.0,0.026163305201080313,projected
CAF,2030,2749169348.1985598,480.9620858078955,5715979.34498443,0.02882099347135476,projected
CAF,2035,3611233855.8710303,594.519479410362,6074206.112561043,0.026696314526902073,projected
CAF,2040,4766654848.869565,743.9743585387566,6407014.965182097,0.04303319187023969,projected
CAF,2045,6296765024.713135,939.763100497506,6700374.829975404,0.05493392221579988,projected
CAF,2050,8289105683.784773,1192.6097993438143,6950392.063142128,0.07184644963102502,projected
CAF,2055,10842393611.622744,1513.306854631174,7164702.636773077,0.06258237019650771,projected
CAF,2060,14057208174.624573,1916.2512386961016,7335785.564417791,0.05331829076199041,projected
CAF,2065,18023263684.17568,2415.21813281006,7462375.111934903,0.049567980542748254,projected
CAF,2070,22839276925.814426,3025.7963974689073,7548186.964899419,0.045817670323506074,projected
CAN,2012,1469093201732.39,42320.64313307269,34713395.0,16.840408147920996,hist
CAN,2013,1503261570451.97,42851.17052710397,35080992.0,16.50945503479491,hist
CAN,2014,1546457292263.22,43643.23564400484,35434066.0,16.191999529492325,hist
CAN,2015,1556508816217.1401,43594.194104539434,35704498.0,15.917565904441508,hist
CAN,2016,1572673952924.25,43551.34259751161,36110803.0,15.58838278949377,hist
CAN,2017,1620386284360.03,44339.38866892543,36545075.0,15.254841863096466,hist
CAN,2018,1664832887873.71,44907.34369121227,37072620.0,14.891573889301592,hist
CAN,2019,1696605090551.84,45100.29150692605,37618495.0,14.531415464653756,hist
CAN,2020,1611126165625.03,42366.12853778855,38028638.0,14.232176813694984,hist
CAN,2021,1706996679677.69,44639.193269036994,38239864.0,14.556850411392679,hist
CAN,2022,1778503389905.0,45677.686578804045,38935934.0,14.692691332382061,hist
CAN,2023,1805692180594.62,45048.28424082648,40083484.0,14.656793306689607,hist
CAN,2024,1833766996134.79,44413.3983847403,41288599.0,14.602506130082059,hist
CAN,2025,1833766996134.7942,44413.3983847404,41288599.0,14.976015533973435,projected
CAN,2030,2015011962343.7583,46748.329173890874,43103400.65520781,13.948717417125245,projected
CAN,2035,2215375851637.8843,49474.18114635341,44778423.82240566,13.110139678025888,projected
CAN,2040,2430602557717.525,52393.54377627068,46391260.879329145,12.496176002484368,projected
CAN,2045,2649793114577.7603,55224.02958605838,47982610.730143376,12.348357957120317,projected
CAN,2050,2865597837128.4077,57818.06989865883,49562322.68131938,11.66682357035171,projected
CAN,2055,3083183153489.5693,60346.77042982331,51091104.48710713,11.347701577377329,projected
CAN,2060,3320550921206.915,63173.84681252415,52562113.73451805,11.028579584402948,projected
CAN,2065,3584839751940.2373,66572.73813608337,53848464.886818334,11.058374734390963,projected
CAN,2070,3870159073338.8887,70425.00975667396,54954327.82630358,11.088169884378978,projected
CHE,2012,655461804171.543,81964.88649378087,7996861.0,5.7992396591496815,hist
CHE,2013,667208623614.234,82479.92156773045,8089346.0,5.628143968846883,hist
CHE,2014,682887235059.834,83394.37128882114,8188649.0,5.456369462621238,hist
CHE,2015,694118186379.628,83806.44760038376,8282396.0,5.292259001577831,hist
CHE,2016,708477337740.424,84611.09986727205,8373338.0,5.133541154977919,hist
CHE,2017,718132464454.115,84967.5886498224,8451840.0,4.985561211457951,hist
CHE,2018,738674254331.744,86756.60223274717,8514329.0,4.849408110886606,hist
CHE,2019,747109782755.794,87123.6604234257,8575280.0,4.716084670502343,hist
CHE,2020,731108655210.761,84637.01329353334,8638167.0,4.583615597518966,hist
CHE,2021,771755519734.1,88661.20297762801,8704546.0,4.218915370715752,hist
CHE,2022,795248228754.84,90605.01942726791,8777088.0,3.8570251128655677,hist
CHE,2023,800682383958.149,90077.44602807313,8888822.0,3.4856311391047914,hist
CHE,2024,811109937475.131,90067.46454311682,9005582.0,3.121715028799742,hist
CHE,2025,811109937475.1309,90067.4645431168,9005582.0,2.802991143916867,projected
CHE,2030,875669219191.6199,94872.30882873922,9229976.902663484,2.2436041527911397,projected
CHE,2035,944749593611.7249,100123.6203189608,9435831.331328856,1.3383379503704138,projected
CHE,2040,1027706630572.2327,106831.20217385396,9619910.753225196,0.5484060945134767,projected
CHE,2045,1122340371377.7083,114678.90229838828,9786807.763972484,0.09484644853185,projected
CHE,2050,1224290593998.3748,123208.60986414454,9936729.221669927,0.050081278688600406,projected
CHE,2055,1332009179352.2615,132352.91897772875,10064071.043090489,0.02987861960860542,projected
CHE,2060,1445594321227.288,142192.40712466624,10166466.342748336,0.009675960528610434,projected
CHE,2065,1564513266093.2344,152968.2387882686,10227700.066931931,0.009947467537766487,projected
CHE,2070,1686574412172.7812,164435.45170855228,10256756.646140331,0.010218974546922553,projected
CHL,2012,225695909224.96,12882.834417927066,17519119.0,4.785051120435908,hist
CHL,2013,233163076995.037,13182.732961985595,17687006.0,4.649298473693061,hist
CHL,2014,237342873662.271,13285.954036119232,17864195.0,4.5137471909593465,hist
CHL,2015,242450355830.88397,13433.920298703235,18047625.0,4.379343542432869,hist
CHL,2016,246700604515.85995,13505.097711132961,18267221.0,4.239234856796225,hist
CHL,2017,250050047209.619,13473.34585329337,18558868.0,4.086527799001534,hist
CHL,2018,260027117802.785,13763.00688447944,18893191.0,3.929649575871011,hist
CHL,2019,261676645417.276,13630.593543557827,19197744.0,3.784085775912003,hist
CHL,2020,245600606668.884,12679.024004021967,19370624.0,3.6678322804675783,hist
CHL,2021,273390120031.28,14051.471363067678,19456334.0,3.646784640929787,hist
CHL,2022,279278925615.692,14283.148950152397,19553036.0,3.623883268051059,hist
CHL,2023,280734996501.051,14280.34756388418,19658835.0,3.5995408680117618,hist
CHL,2024,288158504434.814,14579.400107130714,19764771.0,3.5754342916495214,hist
CHL,2025,288158504434.8137,14579.4001071307,19764771.0,3.570620676556283,projected
CHL,2030,334469236161.3918,16489.02580272593,20284353.97960855,3.7727277487808992,projected
CHL,2035,380338182922.23737,18390.195336064684,20681573.848014705,2.7993139915458674,projected
CHL,2040,428787049008.179,20461.198783710213,20956105.922276143,2.6116568717138184,projected
CHL,2045,479804691474.97174,22719.58199969268,21118552.77449479,2.657187376468971,projected
CHL,2050,530625038281.99756,25078.149047186816,21158859.742143583,2.9041874555490677,projected
CHL,2055,580599832261.4374,27500.08230269871,21112657.986643933,3.019546748100446,projected
CHL,2060,631446397760.7888,30085.450055620695,20988431.171659313,3.1349060406518245,projected
CHL,2065,683968993167.2205,32901.142760028735,20788609.02054039,3.022488851502504,projected
CHL,2070,736831776106.6106,35903.88386602497,20522341.784974907,2.9100716623531837,projected
CHN,2012,9104482675356.36,6723.194437528234,1354190000.0,6.244471351878245,hist
CHN,2013,9812695262900.89,7198.068764781616,1363240000.0,6.435672911592969,hist
CHN,2014,10544908798423.998,7686.57792954383,1371860000.0,6.626428950475996,hist
CHN,2015,11280814787468.902,8175.332850773921,1379860000.0,6.817864783383822,hist
CHN,2016,12045152668727.303,8679.377044601346,1387790000.0,7.007447077727898,hist
CHN,2017,12875216222853.402,9221.514038205722,1396215000.0,7.192324291029677,hist
CHN,2018,13745158275136.7,9798.652852331617,1402760000.0,7.384867789215546,hist
CHN,2019,14579283528148.4,10356.480419499554,1407745000.0,7.584017858347925,hist
CHN,2020,14920466234565.299,10573.642005928212,1411100000.0,7.79075139961732,hist
CHN,2021,16199162892908.602,11469.570713492736,1412360000.0,7.688274873261775,hist
CHN,2022,16706875253648.5,11830.598370349639,1412175000.0,7.5937433391753855,hist
CHN,2023,17611526369126.605,12484.157884417495,1410710000.0,7.505991380226978,hist
CHN,2024,18488114837769.3,13121.676990556469,1408975000.0,7.419478486133537,hist
CHN,2025,18488114837769.344,13121.6769905565,1408975000.0,7.323722777196188,projected
CHN,2030,22788414442609.133,16226.400228156366,1404403572.0915,7.245132170549513,projected
CHN,2035,26401547943350.51,19010.83992289184,1388762834.8055878,3.2512152451250023,projected
CHN,2040,29595082124481.426,21719.0439279663,1362632822.2658837,3.3004057559573448,projected
CHN,2045,32399582417254.312,24405.12206735098,1327573053.223867,3.266883727532426,projected
CHN,2050,34585712067727.676,26917.7001879495,1284868760.192633,3.133180858425451,projected
CHN,2055,36139614403251.2,29231.790334321944,1236312042.126909,3.1409762770808567,projected
CHN,2060,37411967743711.09,31602.85718336391,1183815992.5427618,3.1487716957362624,projected
CHN,2065,38413938178649.9,34008.25683206568,1129547402.806903,3.015801877251193,projected
CHN,2070,39180375714790.54,36435.571690421464,1075333085.1424696,2.8828320587661245,projected
CIV,2012,35281210700.9425,1503.434330466814,23467078.0,0.38398128590040537,hist
CIV,2013,39077544167.6054,1632.3271278700572,23939775.0,0.415297623165638,hist
CIV,2014,42739891584.4862,1742.5369300117766,24527395.0,0.44331428292630376,hist
CIV,2015,45815005169.2651,1814.718550880167,25246342.0,0.46757496180358527,hist
CIV,2016,49101205368.91,1889.277779499377,25989405.0,0.4900370080109683,hist
CIV,2017,52739979047.0655,1972.8143178894716,26733372.0,0.5112330437043386,hist
CIV,2018,55294253263.7438,2013.3230759849857,27464173.0,0.5315359761932533,hist
CIV,2019,59010785540.9857,2093.0999433577913,28193009.0,0.5508248117733882,hist
CIV,2020,59423700880.6615,2055.0848399643214,28915449.0,0.5692673748765058,hist
CIV,2021,63620992438.4818,2146.4763531794547,29639736.0,0.5755351131498648,hist
CIV,2022,67692661917.01769,2227.09845246984,30395002.0,0.5809111603078281,hist
CIV,2023,72160377909.6739,2315.381474416481,31165654.0,0.5857372011595007,hist
CIV,2024,76504096839.437,2395.676890892218,31934230.0,0.5903687050901817,hist
CIV,2025,76504096839.43706,2395.67689089222,31934230.0,0.6090974192907945,projected
CIV,2030,114073058162.56786,3371.632808650424,33833179.54134759,0.7034438389129437,projected
CIV,2035,162305307499.54346,4558.849379986999,35602252.66753742,0.7999460958307542,projected
CIV,2040,222681419552.4339,5991.81510594028,37164267.524154365,1.0028665914988137,projected
CIV,2045,296382703923.95416,7703.012681717536,38476206.15079526,1.2580908744653656,projected
CIV,2050,383082538871.3191,9680.875596812768,39571063.07588967,1.584336569904086,projected
CIV,2055,483661310919.4993,11963.137820135978,40429301.92657446,1.3508255801234108,projected
CIV,2060,597723592222.5336,14543.847018700431,41098039.016360834,1.117314590342736,projected
CIV,2065,725193944763.688,17406.522772013715,41662194.928998575,0.9833422939734581,projected
CIV,2070,865206074834.3014,20559.366512413515,42083304.18701859,0.8493699976041799,projected
CMR,2012,27461703151.6573,1319.669616340538,20809529.0,0.15932296564681972,hist
CMR,2013,28833560540.7901,1347.213063670599,21402376.0,0.16164005615207083,hist
CMR,2014,30482787768.4783,1381.8193845490682,22059893.0,0.1633519547380383,hist
CMR,2015,32210233020.456905,1415.0000971056847,22763414.0,0.1646313697627343,hist
CMR,2016,33671222913.454803,1435.6183072783888,23454161.0,0.16592439233833337,hist
CMR,2017,34863580363.1151,1444.9068291657316,24128601.0,0.16725639402651943,hist
CMR,2018,36242614248.5756,1461.019699993167,24806383.0,0.16849325355489775,hist
CMR,2019,37502066832.7403,1470.3178527618713,25506095.0,0.1695184451023624,hist
CMR,2020,37599547048.58411,1434.5191372340912,26210558.0,0.1704579867955262,hist
CMR,2021,38854942334.5769,1443.5760023766336,26915758.0,0.16693087371072196,hist
CMR,2022,40306867605.1364,1458.6618043169249,27632771.0,0.1635139324096499,hist
CMR,2023,41656165354.262,1468.1783700733738,28372687.0,0.16014045830922938,hist
CMR,2024,43124429828.9643,1480.730974319933,29123744.0,0.15687842709039382,hist
CMR,2025,43124429828.96422,1480.73097431993,29123744.0,0.15774617438480007,projected
CMR,2030,57115142325.78417,1831.908820281234,31177939.47682171,0.17377014972434698,projected
CMR,2035,74616475896.69604,2251.328700216967,33143305.94617527,0.16095984258969998,projected
CMR,2040,96697394936.17047,2766.7077583342575,34950346.54270415,0.25945962625613117,projected
CMR,2045,123867728403.56297,3393.620289992344,36500173.21290898,0.33121258980447155,projected
CMR,2050,156909970069.17993,4146.2510034848565,37843818.41265752,0.43318313513219464,projected
CMR,2055,196674656639.87708,5043.541349401146,38995349.302178234,0.37732730656770336,projected
CMR,2060,243720430486.01175,6105.879495812501,39915696.11767784,0.3214714780032121,projected
CMR,2065,298316504965.23175,7342.115616012041,40630864.53101456,0.29885976723903673,projected
CMR,2070,360172464935.3125,8748.472393334983,41169754.98599157,0.2762480564748614,projected
COD,2012,32115268325.523106,438.40605824363325,73254618.0,0.10869840315050172,hist
COD,2013,35206198726.08799,464.5267154604941,75789395.0,0.11218310952343662,hist
COD,2014,37777053057.3322,481.83024188377567,78403242.0,0.11532584328591922,hist
COD,2015,40179574490.3032,495.8266330148833,81035531.0,0.11823887474742406,hist
COD,2016,40337814832.805,480.46137788047525,83956415.0,0.12055278920616132,hist
COD,2017,42048626459.9632,482.8546821285408,87083398.0,0.12242069378137954,hist
COD,2018,44601688163.9569,495.31210571102673,90047644.0,0.12438348747913938,hist
COD,2019,44849398935.1374,482.5242951294711,92947442.0,0.12630869389606225,hist
COD,2020,45197173728.8833,470.8529500009293,95989998.0,0.12792687004743974,hist
COD,2021,48103175756.1974,485.16080592978454,99148932.0,0.16234809266528458,hist
COD,2022,52582143957.1902,513.5127043721666,102396968.0,0.19447431295036002,hist
COD,2023,57069235865.1432,539.4591263791303,105789731.0,0.22431780264192183,hist
COD,2024,60565728422.472595,554.2441299807657,109276265.0,0.2520900581658789,hist
COD,2025,60565728422.47263,554.244129980766,109276265.0,0.2870193266579893,projected
COD,2030,96565150254.24289,795.2973691857038,121420180.6716837,0.36721148915549046,projected
COD,2035,146903121533.0596,1103.6936430799203,133101356.93372124,0.5078998627927117,projected
COD,2040,218322036558.1057,1514.7729213650168,144128557.8048014,0.6623926979934756,projected
COD,2045,318108644898.36273,2056.06373207885,154717307.6083243,0.8036923663157777,projected
COD,2050,453094687918.5734,2749.0697611603214,164817457.27956071,1.0803764202592392,projected
COD,2055,630592561104.6847,3623.4702524225295,174030009.1281533,1.0079933643412868,projected
COD,2060,858430887432.5433,4716.114135438257,182020804.15782207,0.9356103084233341,projected
COD,2065,1144774168661.4937,6053.777888203273,189100787.9381013,0.9331989888197588,projected
COD,2070,1497994555749.537,7675.981632538614,195153483.61433193,0.9307876692161834,projected
COG,2012,11694979455.2472,2467.0610290683794,4740450.0,0.4982339658362375,hist
COG,2013,11611660392.468199,2390.6575493866194,4857099.0,0.5073951312200764,hist
COG,2014,12383378937.2556,2488.6811854899233,4975880.0,0.5159054409590689,hist
COG,2015,12434793867.3568,2439.351894036956,5097581.0,0.5237187494744903,hist
COG,2016,11354801748.8219,2174.1931025122467,5222536.0,0.5308367290853393,hist
COG,2017,10719526284.716599,2003.2712107518746,5351011.0,0.537268398229034,hist
COG,2018,10472514332.3273,1909.9560382117072,5483118.0,0.5430385211446209,hist
COG,2019,10590275024.738003,1885.5108087773149,5616661.0,0.5483968982794157,hist
COG,2020,9926500702.40064,1725.5104004996253,5752791.0,0.5532574800983507,hist
COG,2021,10027261669.7995,1701.7906045687141,5892183.0,0.5432244684264391,hist
COG,2022,10175199489.7639,1686.002343913858,6035104.0,0.5333431377321967,hist
COG,2023,10369226732.5707,1677.085492059241,6182885.0,0.5235071701566439,hist
COG,2024,10636718505.674,1679.580610977077,6332961.0,0.5139441022308192,hist
COG,2025,10636718505.673956,1679.58061097707,6332961.0,0.5167868997553627,projected
COG,2030,13917201783.12479,2016.8393072018896,6900501.062939493,0.5692825027059645,projected
COG,2035,17789950940.970276,2385.57997156325,7457285.504167221,0.5273150893290849,projected
COG,2040,22399108426.24991,2806.4576464899965,7981274.349272368,0.8500068948582452,projected
COG,2045,27797256147.956272,3289.476437808963,8450358.795234697,1.0850743487918817,projected
COG,2050,34097667571.730316,3840.2432433600534,8879038.490774421,1.419136599060662,projected
COG,2055,41392426438.69336,4468.669834544649,9262807.048019735,1.2361492106838323,projected
COG,2060,49720511377.899666,5181.789430754212,9595239.644977782,1.0531618223070027,projected
COG,2065,58994809077.43613,5975.0641885327395,9873502.144237738,0.9790843624284632,projected
COG,2070,69156197589.87811,6844.606732973409,10103750.337725472,0.9050069025499233,projected
COL,2012,259471791121.288,5675.756179783055,45715810.0,9.630682251938662,hist
COL,2013,272793056063.57,5910.805923011657,46151584.0,9.044993125263046,hist
COL,2014,285066097496.814,6121.839820198243,46565429.0,8.474249856046638,hist
COL,2015,293492370193.166,6248.514905345121,46969940.0,7.915134658464542,hist
COL,2016,299618678572.191,6316.070677825409,47437512.0,7.3557761629657135,hist
COL,2017,303691577641.583,6309.677452925177,48131078.0,6.7753736992967415,hist
COL,2018,311479214511.795,6353.546428539199,49024465.0,6.1861431838164895,hist
COL,2019,321405606655.842,6439.963598126472,49907985.0,5.6191144563339925,hist
COL,2020,298309675728.093,5891.955232154033,50629997.0,5.087991610981135,hist
COL,2021,330530695024.886,6457.1692180708615,51188173.0,5.135156122880182,hist
COL,2022,354752900899.02,6856.725905053746,51737944.0,5.182144849049278,hist
COL,2023,357280089727.874,6828.5975379111305,52321152.0,5.224804300945057,hist
COL,2024,362990610076.174,6863.595631943418,52886363.0,5.268315387843932,hist
COL,2025,362990610076.1741,6863.59563194342,52886363.0,5.367665384741999,projected
COL,2030,425905553798.1749,7714.301995504468,55209862.67407895,4.775595931979668,projected
COL,2035,496638221426.5999,8678.401329389098,57226924.934290856,1.5731125243004516,projected
COL,2040,576711506194.3513,9780.96543483634,58962636.15658112,1.903762979503809,projected
COL,2045,664792427405.1544,11003.344585463678,60417305.14223828,2.0982422255052784,projected
COL,2050,760919480843.4569,12364.764642144482,61539342.06316497,1.4166752211718547,projected
COL,2055,865237410658.8036,13879.029241317015,62341349.356268026,1.4757811952393096,projected
COL,2060,977387949417.2256,15542.583347676124,62884523.605489396,1.5348871693067645,projected
COL,2065,1097563576040.9841,17382.35698107941,63142390.71465828,1.5772062072031687,projected
COL,2070,1224618655984.7964,19387.77542973287,63164474.976677075,1.6195252450995732,projected
COM,2012,895376387.011074,1313.5812493744024,681630.0,,hist
COM,2013,935365362.1673559,1343.545117104701,696192.0,,hist
COM,2014,955070416.212074,1342.3280242136352,711503.0,,hist
COM,2015,966029600.862227,1329.370482359859,726682.0,,hist
COM,2016,998105646.566284,1345.6255573930575,741741.0,,hist
COM,2017,1036190384.81036,1369.4103826248465,756669.0,,hist
COM,2018,1073934613.01512,1391.8462046101167,771590.0,,hist
COM,2019,1092843397.42943,1389.364306438052,786578.0,,hist
COM,2020,1090706042.10569,1359.7062468671454,802163.0,,hist
COM,2021,1112522258.3942,1359.7624202115933,818174.0,,hist
COM,2022,1141481327.58447,1368.374188533604,834188.0,,hist
COM,2023,1175671154.84031,1382.5130850310625,850387.0,,hist
COM,2024,1214916246.52607,1401.888984115526,866628.0,,hist
COM,2025,1214916246.5260737,1401.88898411553,866628.0,,projected
COM,2030,1669748885.705125,1792.2758213786385,931636.1163767392,,projected
COM,2035,2272423874.139319,2282.154428701382,995736.2418424943,,projected
COM,2040,3069902899.2391095,2910.1654445643007,1054889.4754328046,,projected
COM,2045,4103929683.147131,3715.9832756244314,1104399.3954621633,,projected
COM,2050,5434510826.443403,4751.969760858679,1143633.2931254574,,projected
COM,2055,7138176486.389413,6072.525955587209,1175487.192413187,,projected
COM,2060,9265366993.907505,7706.382382893987,1202297.853072283,,projected
COM,2065,11844781157.970732,9665.194758460184,1225508.7925261622,,projected
COM,2070,14883376265.602861,11958.51357465734,1244584.1343646534,,projected
CPV,2012,1710821579.61286,3341.742105483607,511955.0,0.80830826311737,hist
CPV,2013,1721636311.15762,3361.093877022051,512225.0,0.8913709385576822,hist
CPV,2014,1733630380.4449,3383.842280979103,512326.0,0.9746674991336851,hist
CPV,2015,1749857620.35329,3415.062667309317,512394.0,1.0579993585397565,hist
CPV,2016,1824764034.9525597,3560.1400729534053,512554.0,1.1411042455586644,hist
CPV,2017,1907814790.72833,3719.7130604791446,512893.0,1.2237300326511205,hist
CPV,2018,1978536809.33193,3853.6794003524046,513415.0,1.3057810733908959,hist
CPV,2019,2116002110.9275599,4115.9028346940695,514104.0,1.3872146724270622,hist
CPV,2020,1675762033.71886,3255.9362898405802,514679.0,1.4687555429926185,hist
CPV,2021,1793627260.8812304,3471.655342178598,516649.0,1.516318014868382,hist
CPV,2022,2077803747.08658,3997.7676325065368,519741.0,1.5601438755371841,hist
CPV,2023,2177429478.93487,4168.67748407594,522331.0,1.6049924089655956,hist
CPV,2024,2335159974.83501,4448.966090788908,524877.0,1.6495366379537404,hist
CPV,2025,2335159974.835011,4448.96609078891,524877.0,1.7018661398214865,projected
CPV,2030,2817062919.4765425,5257.1989305973875,535848.6442430348,1.9654774635326913,projected
CPV,2035,3339650537.7559276,6143.384168872225,543617.4014116727,2.2351123663631807,projected
CPV,2040,3926071006.053334,7156.34624058597,548613.8979396088,2.8020882058854784,projected
CPV,2045,4565802426.014139,8290.96706063168,550696.0035692478,3.515204944660597,projected
CPV,2050,5242711220.161267,9538.677722495268,549626.6225451007,4.426761100942053,projected
CPV,2055,5952588629.152862,10912.86848155596,545465.0754028092,3.774313012676219,projected
CPV,2060,6710165310.6854,12463.954995868547,538365.6562391017,3.1218649244103864,projected
CPV,2065,7561737617.519189,14242.083660465782,530943.2101223794,2.747535781577243,projected
CPV,2070,8518528907.89917,16269.642657121049,523584.2659501007,2.3732066387440973,projected
CRI,2012,51310359848.0341,11001.519285657581,4663934.0,1.712574664895681,hist
CRI,2013,52590433317.5191,11151.143786976761,4716147.0,1.7108914999147262,hist
CRI,2014,54453244250.76311,11422.673579317636,4767119.0,1.7096901550288761,hist
CRI,2015,56441920820.519394,11714.710598073198,4818038.0,1.7085330231214166,hist
CRI,2016,58814921621.315895,12084.43513256342,4866998.0,1.7080873337438454,hist
CRI,2017,61260269007.51401,12468.565453170933,4913177.0,1.7086171014517477,hist
CRI,2018,62862779082.590805,12679.525364301555,4957818.0,1.709667206856354,hist
CRI,2019,64382494195.799995,12877.650101079036,4999553.0,1.7116929172797888,hist
CRI,2020,61631202097.72049,12242.20989085328,5034320.0,1.7160569981979064,hist
CRI,2021,66522107766.42961,13146.692791846464,5059988.0,1.6993697723069183,hist
CRI,2022,69549856033.0247,13686.161409082219,5081765.0,1.6841395152479093,hist
CRI,2023,73105190307.8725,14318.838965213665,5105525.0,1.6683909748697434,hist
CRI,2024,76264229553.4307,14866.582367610874,5129910.0,1.6525869694088005,hist
CRI,2025,76264229553.43083,14866.5823676109,5129910.0,1.6447136516055745,projected
CRI,2030,89791679867.41164,16673.723510575666,5385220.632359613,1.5912607800793919,projected
CRI,2035,104119104617.26804,18544.768744743196,5614473.06517544,1.5667478504003702,projected
CRI,2040,119674163092.61797,20566.078711116832,5819007.345718707,1.6232833782551106,projected
CRI,2045,136045128408.75055,22703.776720916325,5992180.511686241,1.6640900479788987,projected
CRI,2050,152951925658.34683,24921.680886815713,6137303.753827568,1.819713963313347,projected
CRI,2055,170571488390.64087,27270.323204439508,6254839.266550111,1.8478510259785355,projected
CRI,2060,189571300516.48898,29871.40657163925,6346246.202429359,1.8759880886437235,projected
CRI,2065,209541312246.43307,32747.2797329467,6398739.496997539,1.9518781854980236,projected
CRI,2070,230212349792.30112,35902.43421340173,6412165.493401755,2.0277682823523233,projected
CUB,2012,80357078126.4622,7109.248341856355,11303175.0,1.8943977497244562,hist
CUB,2013,82564971264.2729,7307.820044107411,11298167.0,1.9145712008400664,hist
CUB,2014,83429902609.353,7392.483246330269,11285775.0,1.9360284106515944,hist
CUB,2015,87132800000.0,7727.919972079983,11275065.0,1.957240770848006,hist
CUB,2016,87579654548.8907,7774.069846262299,11265612.0,1.9782727105905349,hist
CUB,2017,89164663941.19939,7927.277694317667,11247829.0,2.0008206617864777,hist
CUB,2018,91169039692.7712,8120.43123558256,11227118.0,2.0239677305592596,hist
CUB,2019,91020354637.1475,8124.75282059108,11202846.0,2.0478510920279454,hist
CUB,2020,81054139247.4509,7252.288111798436,11176354.0,2.0722497060007923,hist
CUB,2021,82070953176.2327,7379.04275283674,11122168.0,2.0726102173232097,hist
CUB,2022,83527427215.72989,7552.331522188417,11059820.0,2.074504086007703,hist
CUB,2023,81915873064.45308,7433.428853996734,11019931.0,2.072187614009033,hist
CUB,2024,81046145427.25609,7381.397740488686,10979783.0,2.0699031365518463,hist
CUB,2025,81046145427.25613,7381.39774048869,10979783.0,2.06004162516537,projected
CUB,2030,88923106574.0297,8268.999238067387,10753793.054504214,1.9930906758490208,projected
CUB,2035,96729219457.34604,9244.96051671173,10462913.203630526,1.9623876684019552,projected
CUB,2040,105633053627.47998,10446.70114244659,10111618.221591145,2.033199715573672,projected
CUB,2045,116079331316.49362,11961.361296197514,9704525.132385638,2.084311006668822,projected
CUB,2050,126517073070.15082,13687.93871806045,9242960.220388684,2.279233535065915,projected
CUB,2055,136143047371.42596,15582.856630289123,8736719.498965189,2.3144758523188855,projected
CUB,2060,145394294110.56033,17727.41124031128,8201665.327193443,2.3497181695718554,projected
CUB,2065,154472261361.96225,20131.23274681895,7673263.893209484,2.4447722589600436,projected
CUB,2070,163507548936.58286,22781.60443152887,7177174.435980227,2.5398263483482313,projected
CUW,2012,3083966131.99718,20277.51125662235,152088.0,,hist
CUW,2013,3064361462.6739,19921.4771792975,153822.0,,hist
CUW,2014,3044829273.42015,19529.52859309052,155909.0,,hist
CUW,2015,3058779211.89831,19361.8129630226,157980.0,,hist
CUW,2016,3026120390.73989,18953.053855220274,159664.0,,hist
CUW,2017,2987500760.4188004,18651.479696699236,160175.0,,hist
CUW,2018,2924640415.44914,18355.176579361476,159336.0,,hist
CUW,2019,2830872591.42199,17980.529794792907,157441.0,,hist
CUW,2020,2308902987.9911,14849.969694183892,155482.0,,hist
CUW,2021,2405500837.76418,15625.411423105075,153948.0,,hist
CUW,2022,2571624725.6201806,16772.814719576447,153321.0,,hist
CUW,2023,2679684396.59073,17326.96468627213,154654.0,,hist
CUW,2024,2814389451.52295,18044.775186564788,155967.0,,hist
CYM,2012,4403722268.68141,77074.3886285601,57136.0,,hist
CYM,2013,4460060434.88737,76038.87878079226,58655.0,,hist
CYM,2014,4578454046.88869,76104.62179003806,60160.0,,hist
CYM,2015,4708167255.28727,76379.20987779874,61642.0,,hist
CYM,2016,4860710632.08443,77031.86421686894,63100.0,,hist
CYM,2017,5015477958.0794,77717.17607622841,64535.0,,hist
CYM,2018,5229501727.25244,79305.76920660045,65941.0,,hist
CYM,2019,5434269999.23381,80714.57215134805,67327.0,,hist
CYM,2020,5165012391.41422,75199.64462486489,68684.0,,hist
CYM,2021,5416518359.79396,77259.63313450619,70108.0,,hist
CYM,2022,5729358427.59835,80029.03196768239,71591.0,,hist
CYM,2023,6062554528.013689,83005.48383052232,73038.0,,hist
CYP,2012,20981332378.0944,18003.592233457268,1165397.0,7.749954492717299,hist
CYP,2013,19599191826.1408,16554.839598225182,1183895.0,7.489414506571888,hist
CYP,2014,19251098679.0346,16018.5410721364,1201801.0,7.2404558313452805,hist
CYP,2015,19909278416.8575,16325.74478504955,1219502.0,6.999983378358748,hist
CYP,2016,21218032913.055405,17151.26270948419,1237112.0,6.76688966009861,hist
CYP,2017,22438246417.1514,17889.4153332813,1254275.0,6.5426697275259205,hist
CYP,2018,23845497750.3008,18765.092816452816,1270737.0,6.327992136690154,hist
CYP,2019,25246562822.6821,19621.61486711218,1286671.0,6.121316494356289,hist
CYP,2020,24433464399.3925,18762.542282218736,1302247.0,5.921324515563147,hist
CYP,2021,27218282939.641,20662.033691139284,1317309.0,5.429273547172261,hist
CYP,2022,29470249084.60581,22135.281014748572,1331370.0,4.952067965993919,hist
CYP,2023,30536911914.859497,22704.428863310197,1344976.0,4.486354067744484,hist
CYP,2024,31740302544.1463,23367.977006355308,1358282.0,4.030858370612352,hist
CYP,2025,44303378465.29297,32617.216796875,1358282.0,3.6193118881686335,projected
CYP,2030,48934215920.59732,34416.06584736968,1421842.2331481336,2.8970134993699173,projected
CYP,2035,54057508555.34909,36551.64514822899,1478935.0338713357,1.7281048014279936,projected
CYP,2040,59748883414.96356,38995.472779106734,1532200.5134651486,0.7081195035968425,projected
CYP,2045,65762112909.71692,41546.658441739506,1582849.629217101,0.12246877035872661,projected
CYP,2050,71917802652.81041,44132.18882097762,1629599.7224281176,0.06466655013367173,projected
CYP,2055,78631022009.77835,47082.619421929885,1670064.7282413947,0.03858023004681362,projected
CYP,2060,86169103792.3209,50602.52334170546,1702861.796247664,0.012493909959955519,projected
CYP,2065,94438833270.04256,54841.829287994915,1722021.940116348,0.012844488501058762,projected
CYP,2070,103118355807.80429,59675.35347424987,1727989.0240164264,0.01319506704216201,projected
CZE,2012,176290606021.546,16772.353922332728,10510785.0,8.598514825930755,hist
CZE,2013,176216894659.909,16759.78086356421,10514272.0,8.409440636889556,hist
CZE,2014,180173337874.854,17118.042557157878,10525347.0,8.214565447918195,hist
CZE,2015,189107698561.919,17931.598767076783,10546059.0,8.012771155840191,hist
CZE,2016,193988322685.05798,18359.097810390398,10566332.0,7.812092496471646,hist
CZE,2017,204024435232.921,19257.693068091106,10594438.0,7.606554354451613,hist
CZE,2018,209798950825.42,19736.629526128494,10629928.0,7.396962055745537,hist
CZE,2019,217279912681.73004,20360.0599221814,10671870.0,7.184418442198644,hist
CZE,2020,205753475017.539,19233.146954982858,10697858.0,6.983938767011663,hist
CZE,2021,214043320221.167,20373.878304342317,10505772.0,6.680038776777183,hist
CZE,2022,220137498830.72998,20627.34865101098,10672118.0,6.1510511287238465,hist
CZE,2023,220242240981.103,20272.587401733443,10864042.0,5.625026357553496,hist
CZE,2024,222958017484.654,20445.43283012698,10905028.0,5.188093210706319,hist
CZE,2025,222958017484.65417,20445.432830127,10905028.0,4.772301442890053,projected
CZE,2030,257607775895.30338,23333.5244755178,11040242.813107502,3.0839460335233038,projected
CZE,2035,294383422612.8842,26442.282396589915,11133056.45093817,2.1928834191763644,projected
CZE,2040,331497343548.0684,29539.838424458307,11222043.221251888,1.8567161488299004,projected
CZE,2045,366308835759.72784,32329.08842812142,11330626.799891287,0.974802394569714,projected
CZE,2050,402846437657.51215,35204.816534709484,11442935.294388874,0.4656677626465951,projected
CZE,2055,439621514889.87744,38124.049526000104,11531343.610023938,0.24713789114983908,projected
CZE,2060,478365871995.1003,41319.3424588989,11577286.653845944,0.028608019653083083,projected
CZE,2065,520978742164.6074,45117.043129551406,11547271.40847068,0.029038509688902384,projected
CZE,2070,563977153824.5533,49221.14746035047,11458025.318870485,0.029468999724721688,projected
DEU,2012,3284148978797.69,40834.508821845564,80425823.0,10.559582071287771,hist
DEU,2013,3297186905208.25,40884.892675902796,80645605.0,10.33830987176708,hist
DEU,2014,3369071713224.2695,41602.46612816682,80982500.0,10.103607939405352,hist
DEU,2015,3425099578746.09,41929.754911072145,81686611.0,9.826477017386107,hist
DEU,2016,3501212900675.89,42516.9337063103,82348669.0,9.558961800419922,hist
DEU,2017,3599173571724.7,43543.480705055095,82657002.0,9.335494129743413,hist
DEU,2018,3640049243667.4004,43905.85500619728,82905782.0,9.120234009974777,hist
DEU,2019,3675639268112.0303,44235.26589546814,83092962.0,8.912864464823386,hist
DEU,2020,3523764998709.97,42372.872678425534,83160871.0,8.718914018511002,hist
DEU,2021,3661544208117.2,44011.01946316748,83196078.0,8.0834307987464,hist
DEU,2022,3727790994177.62,44817.131633139,83177813.0,7.453273561385063,hist
DEU,2023,3695372350062.48,44368.99200748811,83287273.0,6.812376361672374,hist
DEU,2024,3677048776153.86,44027.76315544696,83516593.0,6.164302045941657,hist
DEU,2025,3677048776153.854,44027.7631554469,83516593.0,5.534933164558084,projected
DEU,2030,3842073767730.8413,46188.115968022976,83183167.08113384,4.430338304983325,projected
DEU,2035,4041182869291.8994,48848.15632987213,82729486.0833999,2.6427522337942837,projected
DEU,2040,4304197060811.1313,52381.30706424368,82170478.40238498,1.0829114058229943,projected
DEU,2045,4576073495464.782,56145.44877318258,81503908.07189535,0.1872887663804399,projected
DEU,2050,4837786716301.392,59945.11673164355,80703599.89386164,0.09889311671162088,projected
DEU,2055,5100096995656.193,63934.24044964579,79770979.67829926,0.05899988765279898,projected
DEU,2060,5393816739087.001,68451.13734182017,78798058.71087627,0.01910665859397709,projected
DEU,2065,5694918196780.526,73275.62232247934,77719137.91080081,0.01964279055880659,projected
DEU,2070,6006524359325.499,78397.76324711622,76616016.96967347,0.02017892252363609,projected
DJI,2013,2107658964.77279,2140.137694423359,984824.0,0.20628887478638336,hist
DJI,2014,2259262606.11241,2253.140822497684,1002717.0,0.20831486047914585,hist
DJI,2015,2424391785.43897,2376.1255471987224,1020313.0,0.21033101517623543,hist
DJI,2016,2597091693.86547,2502.8518144943155,1037653.0,0.2123311802885481,hist
DJI,2017,2738843335.30256,2596.4513469826825,1054841.0,0.21429647060779342,hist
DJI,2018,2869605010.3792,2677.165033445099,1071882.0,0.21622839126399923,hist
DJI,2019,3028726927.17701,2781.9435011348396,1088709.0,0.2181427154705991,hist
DJI,2020,3065135713.11422,2773.4066178009716,1105188.0,0.22006803797156962,hist
DJI,2021,3200221046.31128,2854.159870350966,1121248.0,0.2357685557218882,hist
DJI,2022,3365561651.66421,2959.7867301126817,1137096.0,0.25107245859838423,hist
DJI,2023,3594666717.82039,3117.8155381531024,1152944.0,0.26595563635243424,hist
DJI,2024,3845591877.0947595,3290.424820525976,1168722.0,0.28045199971854184,hist
DJI,2025,3845591877.0947647,3290.42482052598,1168722.0,0.2985388217483596,projected
DJI,2030,5224853813.613965,4222.071365498487,1237509.592166044,0.3602584611726246,projected
DJI,2035,6972688643.665352,5364.871313066624,1299693.550278223,0.4704441060346119,projected
DJI,2040,9117516445.786327,6728.322438212382,1355095.0522235555,0.709620242329589,projected
DJI,2045,11660225347.431206,8310.33470661287,1403099.364716645,0.8973483706490976,projected
DJI,2050,14600815348.599997,10119.641463675383,1442819.4319936985,1.1430940278187167,projected
DJI,2055,17915307008.026676,12164.751540185864,1472722.8048056748,1.0946071874287657,projected
DJI,2060,21618798492.43434,14470.689011238244,1493971.605335774,1.0461203470388147,projected
DJI,2065,25728164223.45458,17065.76820345866,1507588.988478136,1.0262854725170012,projected
DJI,2070,30183899661.64956,19922.861664191645,1515038.3599711778,1.0064505979951872,projected
DMA,2012,589738544.378908,8532.343881172894,69118.0,,hist
DMA,2013,589765106.18701,8459.65869880241,69715.0,,hist
DMA,2014,603537403.687762,8576.263676236085,70373.0,,hist
DMA,2015,583177777.777778,8282.598747021419,70410.0,,hist
DMA,2016,591617792.302106,8499.522919031491,69606.0,,hist
DMA,2017,546983994.013143,7985.634110212902,68496.0,,hist
DMA,2018,563196657.633243,8261.164925532357,68174.0,,hist
DMA,2019,585432211.240413,8624.51695993537,67880.0,,hist
DMA,2020,493481872.044211,7302.944549512542,67573.0,,hist
DMA,2021,520030399.241901,7738.317300703863,67202.0,,hist
DMA,2022,574096959.632995,8590.922090698157,66826.0,,hist
DMA,2023,595064186.903307,8946.988225880423,66510.0,,hist
DMA,2024,607279298.404095,9172.710496247943,66205.0,,hist
DNK,2012,287802068160.374,51470.68984542701,5591572.0,6.664291298120125,hist
DNK,2013,291810211099.295,51970.39093248057,5614932.0,6.515254699395269,hist
DNK,2014,295539545106.694,52368.36259692724,5643475.0,6.361605141718113,hist
DNK,2015,301758922337.637,53094.01336075731,5683483.0,6.196975878089257,hist
DNK,2016,311032111297.516,54300.203962199084,5728010.0,6.02988726135309,hist
DNK,2017,320538736986.013,55601.01457177874,5764980.0,5.873064955867298,hist
DNK,2018,326500781502.599,56355.0733084714,5793636.0,5.726446999198535,hist
DNK,2019,332088518944.14606,57114.62273363475,5814422.0,5.58882670780025,hist
DNK,2020,326176991232.295,55934.55559455235,5831404.0,5.455743495287599,hist
DNK,2021,347379325644.417,59312.81580437712,5856733.0,5.038355438766999,hist
DNK,2022,348921108389.075,59108.744937406795,5903037.0,4.608129795987767,hist
DNK,2023,351030642724.0,59026.98436509997,5946952.0,4.186282117138379,hist
DNK,2024,363238912546.8901,60772.862427604065,5976992.0,3.7793721209000095,hist
DNK,2025,363238912546.8903,60772.8624276041,5976992.0,3.3935021251834483,projected
DNK,2030,388607157056.6826,63514.67787354987,6118383.4991709,2.716268111331912,projected
DNK,2035,417383100069.3977,66782.29540830596,6249906.468735818,1.6202879158758983,projected
DNK,2040,452368378270.6867,71011.10441115615,6370389.279561996,0.663939752800815,projected
DNK,2045,494306576739.7867,76192.0677878964,6487638.294787301,0.11482791351569162,projected
DNK,2050,542067126334.7178,82032.78158884168,6607933.02184515,0.06063198809261403,projected
DNK,2055,592843593046.7338,88047.65898484348,6733212.442920099,0.03617319996154704,projected
DNK,2060,647022960938.5829,94319.38143530326,6859915.227310911,0.011714411830480082,projected
DNK,2065,705270458812.3334,101080.7089677442,6977300.278309206,0.01204311768978073,projected
DNK,2070,767598879529.5663,108366.79499982671,7083340.238407842,0.012371823549081376,projected
DOM,2012,59015618840.2876,5860.298933210134,10070411.0,2.891881014430425,hist
DOM,2013,61927882062.5429,6075.033999727374,10193833.0,2.8860110674251294,hist
DOM,2014,66331713896.7879,6430.278110513384,10315528.0,2.880763770555973,hist
DOM,2015,70966782572.4386,6800.953093954736,10434829.0,2.876298578120247,hist
DOM,2016,75735566406.0476,7177.7537647548825,10551430.0,2.8726692301138446,hist
DOM,2017,78714898894.65588,7379.399780671365,10666843.0,2.8694387621316184,hist
DOM,2018,84301701754.6018,7818.705932404692,10782053.0,2.8663314169244507,hist
DOM,2019,88427452425.8944,8117.046391857862,10894043.0,2.864136090881661,hist
DOM,2020,81415993438.0734,7395.873426239601,11008300.0,2.861396056701664,hist
DOM,2021,92824351636.87682,8344.905103123952,11123476.0,2.818529329355974,hist
DOM,2022,97686450823.9666,8698.135920943956,11230734.0,2.778498759723595,hist
DOM,2023,99828029402.8707,8809.963353859494,11331265.0,2.740851760962607,hist
DOM,2024,104773032846.36,9168.45418897145,11427557.0,2.704869883263964,hist
DOM,2025,104773032846.35954,9168.45418897141,11427557.0,2.6919832391105674,projected
DOM,2030,123218069012.82161,10383.078378658947,11867200.123046374,2.604494311119762,projected
DOM,2035,142683405161.33203,11652.47150432561,12244904.877764804,2.564372800744382,projected
DOM,2040,163867392046.78113,13057.486858779965,12549688.4522304,2.6569072630507287,projected
DOM,2045,186506616665.13217,14577.165409847812,12794436.464248046,2.7236975343135237,projected
DOM,2050,210354682356.2768,16205.203438401682,12980687.540015483,2.978414804566694,projected
DOM,2055,235387085584.95557,17977.377727642044,13093516.148521706,3.0244681105744293,projected
DOM,2060,261263499472.56732,19880.327803567292,13141810.439649122,3.0705214165821646,projected
DOM,2065,288184036223.7291,21928.481428698517,13141996.95773613,3.194734448161746,projected
DOM,2070,315869627797.9886,24093.86249732818,13109962.25005501,3.3189474797413285,projected
DZA,2012,170101934378.955,4518.439789564626,37646166.0,2.0270281972405906,hist
DZA,2013,174524584673.84903,4543.2344400676775,38414171.0,2.0658654849013924,hist
DZA,2014,181680092643.147,4634.101491799534,39205031.0,2.1019542109276745,hist
DZA,2015,187493855609.345,4685.059027290026,40019529.0,2.1353537169315513,hist
DZA,2016,194806115978.439,4768.731400810258,40850721.0,2.1665350778019317,hist
DZA,2017,197728207716.082,4742.900755325293,41689299.0,2.196083700040147,hist
DZA,2018,200496402625.853,4717.003588536111,42505035.0,2.225662442108329,hist
DZA,2019,202300870247.92,4672.664086786359,43294546.0,2.255492643345885,hist
DZA,2020,192185826737.373,4363.685337677836,44042091.0,2.28643095079205,hist
DZA,2021,199488888151.485,4456.746876377744,44761099.0,2.019946382460359,hist
DZA,2022,206670488126.832,4544.466880603722,45477389.0,1.7619929763337996,hist
DZA,2023,215143978140.15503,4660.4054568789525,46164219.0,1.5130042598576183,hist
DZA,2024,223104305329.361,4765.729001683865,46814308.0,1.2723135841290232,hist
DZA,2025,223104305329.3612,4765.72900168387,46814308.0,1.0526333103118817,projected
DZA,2030,262327673178.91745,5376.297079837581,48793373.8190752,1.1201746269537938,projected
DZA,2035,294400807664.2365,5831.32314095708,50486107.620494045,1.128159365294901,projected
DZA,2040,323168618372.82654,6215.755187534213,51991851.13032538,0.8183972301801407,projected
DZA,2045,357600156437.52606,6707.930945354943,53310053.33099833,0.8775992160345508,projected
DZA,2050,400964196150.55347,7386.901764983125,54280428.914228216,0.8583465550745725,projected
DZA,2055,452262359487.6855,8249.95235732819,54819996.51621675,0.7823206529080811,projected
DZA,2060,511688935813.9433,9312.64015409657,54945635.96864146,0.7062947507415896,projected
DZA,2065,579551710262.0381,10580.3967566647,54775990.31406573,0.6975805345664835,projected
DZA,2070,651424828806.4735,11980.768686985251,54372540.345772505,0.6888663183913774,projected
ECU,2012,86890603905.3287,5579.856242821577,15572194.0,2.6931832278346235,hist
ECU,2013,93156490881.1886,5893.321726830364,15807128.0,2.6802211362011064,hist
ECU,2014,97093344927.4784,6055.041727614853,16035124.0,2.6687929220307676,hist
ECU,2015,97209558000.0,5976.159680565097,16266225.0,2.6571778210331565,hist
ECU,2016,96540800718.3398,5849.135879336721,16505139.0,2.6446356597653873,hist
ECU,2017,102304671535.156,6104.272535217508,16759519.0,2.630022140589703,hist
ECU,2018,103373033702.498,6063.09561787759,17049547.0,2.6103762699667716,hist
ECU,2019,103544017315.435,5971.389383867239,17340021.0,2.591320954532439,hist
ECU,2020,93971273313.9152,5355.689341964435,17546065.0,2.58527405638711,hist
ECU,2021,102825145845.295,5815.094773909493,17682454.0,2.553339916338448,hist
ECU,2022,108859360917.986,6107.494950065409,17823897.0,2.5211795488862516,hist
ECU,2023,111023744250.546,6174.818228066356,17980083.0,2.4874842668241057,hist
ECU,2024,108801876280.216,5999.393910665934,18135478.0,2.4544763892921995,hist
ECU,2025,108801876280.21594,5999.39391066593,18135478.0,2.442782679362776,projected
ECU,2030,129568934460.25801,6838.353361342979,18947388.006110884,2.3633927207527186,projected
ECU,2035,152686525956.28308,7765.19147280814,19662944.112962972,2.3269853133101543,projected
ECU,2040,179683942423.66885,8859.368398641678,20281800.500723965,2.4109537342431073,projected
ECU,2045,210572623445.6651,10131.078694190108,20784817.668667667,2.4715611390071146,projected
ECU,2050,245276104439.50293,11582.041339079557,21177277.58507512,2.7026988841717516,projected
ECU,2055,284111081236.1769,13243.452675539129,21452946.463193443,2.7444889728352524,projected
ECU,2060,326881876753.7989,15120.473163246705,21618495.216694,2.7862790614987536,projected
ECU,2065,373105620162.5994,17187.96589860633,21707374.93683603,2.8989935233443616,projected
ECU,2070,422604094797.22876,19450.64750100403,21726993.65280329,3.0117079851899695,projected
EGY,2012,300070833532.511,3220.991942030668,93161001.0,1.7612464254221571,hist
EGY,2013,306628779736.183,3216.378390262901,95333553.0,1.7488640122329229,hist
EGY,2014,315569804751.572,3235.662462352572,97528654.0,1.7366317800305129,hist
EGY,2015,329366576819.407,3306.9815941414076,99597342.0,1.7271274167135906,hist
EGY,2016,343682967575.512,3381.222463062072,101644589.0,1.7183722391754666,hist
EGY,2017,358053111989.023,3452.9096124553994,103696057.0,1.7098931736623313,hist
EGY,2018,377141312302.669,3568.6396628616103,105682094.0,1.7027966913676031,hist
EGY,2019,398080548973.052,3701.244634518793,107553158.0,1.69777497374833,hist
EGY,2020,412213064649.087,3770.869478674213,109315124.0,1.6946145530603798,hist
EGY,2021,425777537421.99603,3837.31992324447,110957008.0,1.588904776523895,hist
EGY,2022,453827104224.605,4029.782954579786,112618250.0,1.4860223809196111,hist
EGY,2023,470892276431.916,4111.311847899502,114535772.0,1.3830295743761172,hist
EGY,2024,482189779212.6321,4137.60929232898,116538258.0,1.2824928273769116,hist
EGY,2025,482189779212.6321,4137.60929232898,116538258.0,1.2057207857011214,projected
EGY,2030,623007045441.0442,5058.510830889868,123160168.33188196,1.1972128500496377,projected
EGY,2035,790612689823.2546,6114.760779651089,129295767.78445408,1.1447047715437793,projected
EGY,2040,985671027145.4698,7305.869887204723,134914944.0604936,1.1965186574180644,projected
EGY,2045,1202691827086.4143,8595.642425240527,139918782.98180372,1.212120400838667,projected
EGY,2050,1437825865842.3176,9975.046677871756,144142269.43237597,1.0832322549389746,projected
EGY,2055,1696036751417.4822,11480.57842121466,147730949.5385198,0.9815742226042198,projected
EGY,2060,1977816169233.714,13125.395343524602,150686216.86960974,0.879916190269465,projected
EGY,2065,2277097943977.204,14887.165804075345,152957115.81003895,0.8943861165317917,projected
EGY,2070,2585517771920.601,16741.613525821776,154436594.05545193,0.9088560427941184,projected
ERI,2025,,,3535603.0,0.0854351124455752,projected
ERI,2030,,,3907104.052016964,0.10309788844044099,projected
ERI,2035,,,4288383.4403817095,0.13463054775604244,projected
ERI,2040,,,4663817.8437992055,0.20307739155005855,projected
ERI,2045,,,5011097.419342322,0.25680096980445927,projected
ERI,2050,,,5322957.633468288,0.3271278630719462,projected
ERI,2055,,,5601777.477938969,0.3132520172553581,projected
ERI,2060,,,5852511.663920954,0.29937617143877004,projected
ERI,2065,,,6072498.865355997,0.2936998753872521,projected
ERI,2070,,,6261985.25510399,0.28802357933573414,projected
ESP,2012,1158267740898.69,24763.56827448389,46773055.0,6.500744538708992,hist
ESP,2013,1141735527746.3499,24498.555950794515,46604197.0,6.40503951143272,hist
ESP,2014,1159095455877.44,24947.85125059133,46460733.0,6.305190331741067,hist
ESP,2015,1206164777553.12,25982.441619777463,46422303.0,6.190683944543038,hist
ESP,2016,1241326362266.48,26719.24422686152,46458139.0,6.066275000477765,hist
ESP,2017,1277275696051.09,27426.28101509297,46571232.0,5.932200559307299,hist
ESP,2018,1307871701701.25,27956.722546648325,46782011.0,5.786667226674778,hist
ESP,2019,1333521400432.6902,28301.43939495635,47118501.0,5.627385539816895,hist
ESP,2020,1187633217292.02,25077.019882928053,47359424.0,5.481401389486004,hist
ESP,2021,1267004457826.92,26705.362913895995,47443821.0,5.074993758692074,hist
ESP,2022,1347716659731.45,28203.109341947373,47786102.0,4.644827033771263,hist
ESP,2023,1380882052539.27,28558.631981750157,48352528.0,4.201212837368051,hist
ESP,2024,1428595035672.37,29245.219245172866,48848840.0,3.7732798628881525,hist
ESP,2025,1428595035672.3718,29245.2192451729,48848840.0,3.388031880431396,projected
ESP,2030,1522886692421.9521,30756.721280889546,49513947.8136828,2.7118895517103008,projected
ESP,2035,1625637709908.4336,32370.41766428105,50219855.881014295,1.6176760502746192,projected
ESP,2040,1730489745094.2725,33957.44701409021,50960537.297642775,0.6628694977031433,projected
ESP,2045,1835444600167.526,35567.80212251125,51604105.13546612,0.11464281364890892,projected
ESP,2050,1953007501434.8303,37535.26951735984,52031263.57016235,0.060534250769213295,projected
ESP,2055,2093350827757.3127,40110.48542140496,52189615.9012874,0.03611488962315472,projected
ESP,2060,2257018748539.0957,43308.69225626015,52114682.54880982,0.011695528477096135,projected
ESP,2065,2435101823536.1216,47007.07483016102,51802879.29709027,0.01202370447036591,projected
ESP,2070,2610668721288.4014,50829.04965857384,51361745.671513535,0.012351880463635686,projected
EST,2012,21772481344.2301,16460.68434790012,1322696.0,10.48547154392125,hist
EST,2013,22154913628.3244,16809.532668378153,1317997.0,10.294880372404311,hist
EST,2014,22891074856.693806,17413.686756021136,1314545.0,10.093341515974776,hist
EST,2015,23311847750.9394,17722.15576695228,1315407.0,9.858303779777943,hist
EST,2016,24032887679.5037,18264.98733042788,1315790.0,9.6270772516706,hist
EST,2017,25387062190.0468,19270.814121051113,1317384.0,9.387348073078892,hist
EST,2018,26326306710.8582,19914.345492287837,1321977.0,9.127444978871996,hist
EST,2019,27307395871.0676,20579.87567323758,1326898.0,8.86714917632219,hist
EST,2020,26519903136.8312,19946.945696897983,1329522.0,8.623650217666848,hist
EST,2021,28709089435.118702,21570.66584552682,1330932.0,8.091713489596705,hist
EST,2022,28357067289.1155,21023.299493724608,1348840.0,7.468423350122311,hist
EST,2023,27578887219.405098,20126.373048695747,1370286.0,6.843750782699405,hist
EST,2024,27554054399.2591,20078.13976209929,1372341.0,6.326476887643153,hist
EST,2025,27554054399.259117,20078.1397620993,1372341.0,5.8194511072015995,projected
EST,2030,31302449187.96932,23075.655266802245,1356513.9895724885,3.7606327626422407,projected
EST,2035,35406009356.69895,26389.296645763938,1341680.675766794,2.6740510829847697,projected
EST,2040,39675362493.27988,29800.441622512375,1331368.2728549773,2.2641211954800204,projected
EST,2045,43894609310.687965,33148.10891721335,1324196.484943191,1.1886958404174273,projected
EST,2050,47777849046.58397,36271.38937760338,1317232.393531788,0.5678456839643212,projected
EST,2055,51271291093.62063,39188.797125263365,1308314.99955808,0.3013654714594972,projected
EST,2060,55282007200.3535,42601.2615655236,1297661.2703200364,0.03488525895467307,projected
EST,2065,59719363877.69038,46479.3466233229,1284858.076032501,0.03541020813182955,projected
EST,2070,64195037152.041885,50484.688594644205,1271574.390950134,0.035935157308986033,projected
ETH,2012,46140518129.2398,481.63999990980886,95798767.0,0.09482126215674572,hist
ETH,2013,51023232360.2629,518.3246622081065,98438751.0,0.10240723188371213,hist
ETH,2014,56256936828.98331,556.3625322438672,101115610.0,0.1095569714705771,hist
ETH,2015,62103418181.8182,597.9121132186634,103867135.0,0.11625428967497756,hist
ETH,2016,67961933367.15491,636.8356809514289,106718162.0,0.12249161487620074,hist
ETH,2017,74461941569.3207,678.98541915757,109666481.0,0.1282904299628252,hist
ETH,2018,79537377550.6924,705.9688120733593,112664152.0,0.13372700839216364,hist
ETH,2019,86189951998.924,744.7027897539725,115737383.0,0.1387911112522736,hist
ETH,2020,91412658764.8474,768.7054244852087,118917671.0,0.1434639600366879,hist
ETH,2021,96569731965.9612,790.6570195977802,122138588.0,0.22625937021639714,hist
ETH,2022,101708941221.845,811.1777293262033,125384287.0,0.304739939223804,hist
ETH,2023,108415879003.469,842.4466048940361,128691692.0,0.3790780837662776,hist
ETH,2024,116669335367.212,883.4585886192879,132059767.0,0.4494843611226423,hist
ETH,2025,116669335367.21243,883.458588619291,132059767.0,0.529558711094803,projected
ETH,2030,157969990117.29684,1097.0097988648968,144000527.8719956,0.6336941363829606,projected
ETH,2035,211612130932.28848,1363.6540130780495,155180220.864555,0.7609728707154239,projected
ETH,2040,285172797594.42004,1721.533848009958,165650415.71739718,0.9095351500960924,projected
ETH,2045,384078897283.9799,2188.7990520449457,175474718.3964392,1.0695823808321576,projected
ETH,2050,513275391147.61084,2782.1368601582017,184489626.83971784,1.076809411605277,projected
ETH,2055,678299214473.1614,3519.8400558364347,192707396.8456144,1.0501082437923732,projected
ETH,2060,884728563088.8167,4424.977973003986,199939653.59520212,1.0234070759794691,projected
ETH,2065,1139297501015.2256,5530.142404346296,206015942.7576077,0.7855878618958945,projected
ETH,2070,1449605990557.0327,6867.272663190606,211089039.514492,0.5477686478123197,projected
FIN,2012,235550695854.07098,43507.934537157846,5413971.0,9.417988985061893,hist
FIN,2013,233242909052.23404,42883.63849864166,5438972.0,9.203336175961198,hist
FIN,2014,232127848351.009,42502.48801998586,5461512.0,8.994698957328218,hist
FIN,2015,233210733506.25003,42560.34567671029,5479531.0,8.795027314569635,hist
FIN,2016,239208760000.401,43529.676161696814,5495303.0,8.600179706237597,hist
FIN,2017,247110710501.527,44862.22040420488,5508214.0,8.410813716464558,hist
FIN,2018,250058685918.643,45337.24095505741,5515525.0,8.230681646555428,hist
FIN,2019,253433824168.6,45898.57084489549,5521606.0,8.052819942750922,hist
FIN,2020,247120696232.09,44690.980110307486,5529543.0,7.872706195974724,hist
FIN,2021,253734502126.39304,45792.04541808715,5541017.0,7.286868884272231,hist
FIN,2022,255670602724.759,46016.149210392854,5556106.0,6.699091286602208,hist
FIN,2023,253269616816.41595,45357.029654737686,5583911.0,6.100573275532695,hist
FIN,2024,254323653957.12,45254.03586589183,5619911.0,5.499954562815645,hist
FIN,2025,254323653957.1193,45254.0358658917,5619911.0,4.938414874289403,projected
FIN,2030,274849386483.82886,48012.437654800815,5724545.553382174,3.952865903342952,projected
FIN,2035,297936034565.7425,51263.283682185545,5811879.637146185,2.357933971813957,projected
FIN,2040,323908937276.4805,55008.54439931387,5888338.635634226,0.9662024156493864,projected
FIN,2045,350791207883.97284,58808.97108837713,5964926.802694945,0.16710402857309356,projected
FIN,2050,379157838014.85944,62684.99575171279,6048621.898558546,0.08823507421204768,projected
FIN,2055,409522818219.48004,66697.78551495686,6139976.238456151,0.052641272099127355,projected
FIN,2060,442130152803.05084,70910.28976838719,6235063.405426369,0.017047469986207042,projected
FIN,2065,478320735794.69714,75629.76900275097,6324503.460764222,0.01752582121303841,projected
FIN,2070,517095956982.33124,80712.65555817902,6406627.974340404,0.01800417243986978,projected
FJI,2012,4051237182.53114,4427.978444550375,914918.0,1.6614551138613582,hist
FJI,2013,4243031642.7950497,4630.351265447175,916352.0,1.6210314593862232,hist
FJI,2014,4480790532.15798,4883.243004362517,917585.0,1.5810803902408637,hist
FJI,2015,4682479893.97558,5097.531068646952,918578.0,1.5416392292073628,hist
FJI,2016,4796997047.63002,5218.8582341274805,919166.0,1.5029451806251743,hist
FJI,2017,5053797787.50532,5500.67840152349,918759.0,1.4658864184211502,hist
FJI,2018,5246466309.21901,5720.214471771093,917180.0,1.4306205651124924,hist
FJI,2019,5215934671.17568,5701.1043526943195,914899.0,1.3963036356117493,hist
FJI,2020,4319652697.81901,4721.122818976297,914963.0,1.358324904859794,hist
FJI,2021,4131922233.08409,4507.333535960723,916711.0,1.3052365000966801,hist
FJI,2022,4865137079.9506,5291.516931235711,919422.0,1.2510384617238037,hist
FJI,2023,5324525632.97133,5761.569486359099,924145.0,1.1945527074971116,hist
FJI,2024,5512527123.40125,5935.2089650567295,928784.0,1.13874435733692,hist
FJI,2025,5512527123.40125,5935.20896505673,928784.0,1.0889024428712266,projected
FJI,2030,6463708274.10578,6848.79379828302,943773.2343067796,1.0732310420851865,projected
FJI,2035,7581346126.183602,7946.67139650531,954027.8876408094,0.96587505832907,projected
FJI,2040,8910837961.82743,9295.476614942752,958620.8788372396,0.7924720170323495,projected
FJI,2045,10458669107.064802,10918.205913673395,957910.9598919458,0.5383521718773885,projected
FJI,2050,12246457315.320803,12849.75089304698,953050.1732875912,0.2403420364568301,projected
FJI,2055,14296901227.69181,15145.42038167421,943975.199591746,0.1864998243761358,projected
FJI,2060,16598111079.79403,17823.480163154134,931249.7294499608,0.13265761229544135,projected
FJI,2065,19208454805.875233,20928.38751562193,917818.1927077344,0.1187555288493696,projected
FJI,2070,22098748438.81147,24438.467418225835,904260.813930196,0.10485344540329787,projected
FRA,2012,2374265767668.09,36161.291825346525,65657659.0,5.967342137885933,hist
FRA,2013,2392826743357.49,36256.08668098101,65997932.0,5.828059961032014,hist
FRA,2014,2416703156974.4,36444.39490891454,66312067.0,5.692449532218342,hist
FRA,2015,2442483452642.5,36702.43237333796,66548272.0,5.564626599907047,hist
FRA,2016,2463489569347.31,36920.53428469133,66724104.0,5.442627964303833,hist
FRA,2017,2514819204088.14,37580.597932935554,66918020.0,5.3198325966307,hist
FRA,2018,2556210832760.02,38062.443596141165,67158348.0,5.194154773915122,hist
FRA,2019,2608036638906.12,38705.207294061845,67382061.0,5.070623227848745,hist
FRA,2020,2413981867676.36,35709.204592592636,67601110.0,4.948250604485471,hist
FRA,2021,2580120255051.75,38030.857168517825,67842811.0,4.573185661481262,hist
FRA,2022,2650215998256.03,38868.33033305567,68184457.0,4.194626167928238,hist
FRA,2023,2688358302961.22,39319.41522272958,68372286.0,3.82843488159182,hist
FRA,2024,2720362347819.81,39683.395348902966,68551653.0,3.464677675022169,hist
FRA,2025,2720362347819.8057,39683.3953489029,68551653.0,3.110937657671958,projected
FRA,2030,2977138695993.185,42301.96141330125,70378266.07862836,2.490094434645191,projected
FRA,2035,3261611817007.165,45220.843693502,72126292.89081225,1.4853724877206778,projected
FRA,2040,3571140098243.46,48413.067640131696,73763970.60373813,0.6086559263026274,projected
FRA,2045,3897752964466.6157,51802.31909930615,75242827.58450525,0.10526661458582494,projected
FRA,2050,4227762667861.498,55219.71194564048,76562562.87652138,0.05558338496889377,projected
FRA,2055,4571784742919.444,58782.84271046266,77774134.97060631,0.03316119035958795,projected
FRA,2060,4944177380523.003,62642.6099120522,78926746.30677803,0.010738995750282128,projected
FRA,2065,5335672625590.801,66719.81792850516,79971330.72677654,0.011040331479058346,projected
FRA,2070,5736137974992.871,70880.17364411216,80927256.2422589,0.01134166720783456,projected
FSM,2012,316527680.318535,2933.799984415006,107890.0,,hist
FSM,2013,304890763.528582,2819.9032891721495,108121.0,,hist
FSM,2014,297006847.858934,2740.0166782808774,108396.0,,hist
FSM,2015,310175057.802073,2853.076435870277,108716.0,,hist
FSM,2016,313099160.149974,2870.494248452661,109075.0,,hist
FSM,2017,319911415.240516,2922.0724622584376,109481.0,,hist
FSM,2018,319911415.240516,2910.6935304708077,109909.0,,hist
FSM,2019,332969024.0258431,3019.2508661961433,110282.0,,hist
FSM,2020,327398648.118022,2951.771143189639,110916.0,,hist
FSM,2021,337547021.665978,3023.9645745178277,111624.0,,hist
FSM,2022,327738276.522529,2923.259151600416,112114.0,,hist
FSM,2023,329223318.369684,2923.051747932913,112630.0,,hist
FSM,2024,331590401.690288,2930.279265555744,113160.0,,hist
GAB,2012,12564804521.2615,6803.226680792131,1846889.0,0.9407556769943842,hist
GAB,2013,13273296028.5793,6938.257538622332,1913059.0,0.9476754454502097,hist
GAB,2014,13846034032.3711,6998.605454395751,1978399.0,0.9545328159115446,hist
GAB,2015,14383107762.695198,7047.126546343561,2040989.0,0.9622464878231267,hist
GAB,2016,14683922149.3088,6991.325144673586,2100306.0,0.9710119503561324,hist
GAB,2017,14753324537.172699,6840.059593478,2156900.0,0.980532223966683,hist
GAB,2018,14876945089.6921,6724.596142910785,2212318.0,0.9900916967374445,hist
GAB,2019,15460241661.1259,6817.568794687627,2267706.0,0.999197167010116,hist
GAB,2020,15176119359.5429,6534.27966528997,2322539.0,1.0081092887055472,hist
GAB,2021,15398898313.7955,6479.049006907623,2376722.0,0.9906994119539888,hist
GAB,2022,15866657481.092798,6527.482079004026,2430747.0,0.9741289555331439,hist
GAB,2023,16253635205.631205,6541.253686180679,2484789.0,0.9582725071515281,hist
GAB,2024,16805289922.765602,6618.986858658849,2538952.0,0.943046159702804,hist
GAB,2025,16805289922.765604,6618.98685865885,2538952.0,0.9482624648937706,projected
GAB,2030,19652363028.121685,7330.273885675741,2680986.186140306,1.0445876810971748,projected
GAB,2035,22782240938.958332,8114.501534441266,2807595.8630682584,0.9675808473852244,projected
GAB,2040,26368720063.00723,9032.181130106785,2919418.873821398,1.559694399522393,projected
GAB,2045,30405115923.047905,10083.37154668495,3015371.9698094446,1.9910243024067975,projected
GAB,2050,34828183080.76385,11254.823414449746,3094511.7305038245,2.604001707634737,projected
GAB,2055,39616325532.82745,12534.6666238196,3160540.820251624,2.2682345432023037,projected
GAB,2060,44733035749.803856,13920.681798355548,3213422.7617420414,1.932467378769871,projected
GAB,2065,50199909735.02066,15451.105544115006,3248952.6132413694,1.7965411880503575,projected
GAB,2070,55936219571.27725,17119.641344618452,3267370.994828742,1.6606149973308442,projected
GBR,2012,2748282336997.97,43136.7006795996,63711000.0,6.7263504623338575,hist
GBR,2013,2795510733841.06,43585.19362386473,64139000.0,6.559333833730661,hist
GBR,2014,2883853723651.98,44627.88182686444,64620000.0,6.389286772168824,hist
GBR,2015,2945579890258.46,45255.34492162088,65088000.0,6.222995170744961,hist
GBR,2016,3010574705731.3,45888.01051307482,65607000.0,6.054367798090853,hist
GBR,2017,3101591068534.48,47018.025475767514,65966000.0,5.902669656872405,hist
GBR,2018,3149707010747.53,47514.77636934529,66289000.0,5.755737830426521,hist
GBR,2019,3189276748351.15,47864.75887126337,66631000.0,5.608631170131655,hist
GBR,2020,2868821517197.41,42982.46310076427,66744000.0,5.481770675310751,hist
GBR,2021,3113908148054.35,46487.342470654934,66984000.0,5.066163125842678,hist
GBR,2022,3274265196937.19,48433.00983576696,67604000.0,4.627365831754792,hist
GBR,2023,3283159739927.95,47934.93750989824,68492000.0,4.180123351025758,hist
GBR,2024,3320141995547.62,47960.910576194205,69226000.0,3.75265907934824,hist
GBR,2025,3320141995547.6196,47960.9105761942,69226000.0,3.369516457623817,projected
GBR,2030,3631718275010.768,51079.07615937768,71099920.90849544,2.697069212519461,projected
GBR,2035,3954043171480.477,54284.68286665331,72839021.29802102,1.608835532506907,projected
GBR,2040,4312454706287.605,57877.52640090456,74510003.7001617,0.6592469494363723,projected
GBR,2045,4703370816876.8125,61752.79660569904,76164499.02517852,0.11401629647272173,projected
GBR,2050,5097566537130.121,65559.98728145995,77754233.16123322,0.06020343415151687,projected
GBR,2055,5501077563499.758,69433.52572722515,79227973.8913325,0.03591752357861307,projected
GBR,2060,5945499898423.786,73791.10068050235,80572045.18694423,0.011631613005709264,projected
GBR,2065,6434169026397.644,78723.38028729912,81731361.16508584,0.011957995533780033,projected
GBR,2070,6956670364732.403,84052.40432811088,82765869.93961555,0.012284378061850799,projected
GEO,2012,13460417765.6957,3609.7807986259927,3728874.0,3.0837737212978107,hist
GEO,2013,14151325572.1376,3806.5060064905206,3717668.0,3.1341511171323453,hist
GEO,2014,14730184213.8494,3960.3508009190155,3719414.0,3.173742686192957,hist
GEO,2015,15223796148.839598,4086.622346596493,3725276.0,3.2097467794386807,hist
GEO,2016,15749049874.534399,4225.091549048063,3727505.0,3.2488010901706983,hist
GEO,2017,16561685511.098299,4442.507441273749,3728004.0,3.289334445916166,hist
GEO,2018,17565660917.3341,4713.653548453032,3726549.0,3.331602948414141,hist
GEO,2019,18510819818.4957,4975.811481948147,3720161.0,3.378378328224582,hist
GEO,2020,17346401920.57,4659.609253182354,3722716.0,3.4170860640464666,hist
GEO,2021,19192793472.268,5175.1986518582435,3708610.0,3.5254330940508107,hist
GEO,2022,21296041913.2144,5736.304495785969,3712502.0,3.6169871126945505,hist
GEO,2023,22963990777.4548,6180.620602342899,3715483.0,3.709258622035873,hist
GEO,2024,25186857750.188,6808.073980259799,3699557.0,3.8208095768500607,hist
GEO,2025,25186857750.18804,6808.07398025981,3699557.0,3.91639276773615,projected
GEO,2030,29187961657.98666,8197.174170144215,3560734.5961118145,3.74760234456841,projected
GEO,2035,33315127743.702198,9732.556595733568,3423060.263354282,3.7468547246247725,projected
GEO,2040,37706598105.82332,11481.709593614774,3284057.8137242533,3.656493427737858,projected
GEO,2045,42024988944.51434,13386.373411601624,3139385.676190115,3.7687943636080834,projected
GEO,2050,46069331570.3425,15407.794499175425,2990001.688613382,3.6511131104129095,projected
GEO,2055,49806740197.76415,17531.621079326418,2840966.0448626224,3.6866036917635943,projected
GEO,2060,53544757821.214424,19842.890476310367,2698435.3859705757,3.7220942731142794,projected
GEO,2065,57743176442.27429,22476.923966797134,2568998.165744227,3.647374821615324,projected
GEO,2070,61978134825.04934,25284.653252834218,2451215.5339959846,3.5726553701163684,projected
GHA,2012,43858655296.9198,1640.5407208800257,26734268.0,0.4882728801389549,hist
GHA,2013,47065830437.53099,1718.5970476995833,27386193.0,0.5259078706837478,hist
GHA,2014,48410143589.6826,1726.3693013464642,28041592.0,0.5617231310819167,hist
GHA,2015,49436806230.4839,1722.77282833606,28696068.0,0.5959216179289472,hist
GHA,2016,51104539956.3997,1740.8110190292812,29356742.0,0.6284622347655797,hist
GHA,2017,55258774288.879,1841.446361532492,30008354.0,0.6597696126469987,hist
GHA,2018,58684861220.508705,1915.4532323780973,30637585.0,0.6902501129495515,hist
GHA,2019,62503939826.8611,1999.553722202112,31258945.0,0.719684970773932,hist
GHA,2020,62825173619.4157,1970.1941146039762,31887809.0,0.7477964174567907,hist
GHA,2021,66014472471.1465,2030.0486650096645,32518665.0,0.7599329454938181,hist
GHA,2022,68526224001.2217,2067.208959107663,33149152.0,0.7716161313329236,hist
GHA,2023,70678009792.105,2091.813356459502,33787914.0,0.7826714596656474,hist
GHA,2024,74629231909.5195,2167.7269140667813,34427414.0,0.7932995349481573,hist
GHA,2025,74629231909.51945,2167.72691406678,34427414.0,0.8184659777785808,projected
GHA,2030,100302258396.25685,2680.701061178691,37416428.05638106,0.9452426347472827,projected
GHA,2035,132021242492.58397,3270.63488995212,40365631.42470381,1.074916167362214,projected
GHA,2040,172154081369.8529,3983.655282683178,43215105.01126972,1.347587691880661,projected
GHA,2045,222339508035.7012,4846.3888783972425,45877356.03033809,1.690541685273509,projected
GHA,2050,284219685244.5371,5885.326499609655,48292934.17508579,2.1289296896492496,projected
GHA,2055,360319592569.8671,7146.503572683942,50419004.049352966,1.8151526245692227,projected
GHA,2060,452864449717.3328,8652.846245176514,52337050.363027066,1.5013755594891958,projected
GHA,2065,563326989950.8082,10418.427254784126,54070252.27268629,1.321352195294357,projected
GHA,2070,691941122000.1381,12446.087233555898,55595072.492710434,1.1413288310995184,projected
GIN,2012,7858142150.250901,719.5059167945466,10921581.0,0.26153142791465256,hist
GIN,2013,8168199850.291768,729.8331432363259,11191873.0,0.2815898893044812,hist
GIN,2014,8470141696.431181,738.2722744813076,11472924.0,0.3004203535510289,hist
GIN,2015,8794201742.84609,747.3569667594473,11767070.0,0.31799602530692495,hist
GIN,2016,9745789528.35549,807.2364210438878,12073030.0,0.3343869016040406,hist
GIN,2017,10749606370.467901,867.9075025776102,12385659.0,0.3497791033837523,hist
GIN,2018,11433119223.7578,899.9073280451742,12704774.0,0.36422736091182534,hist
GIN,2019,12075307751.6835,926.4222195485297,13034346.0,0.377664357702753,hist
GIN,2020,12643401588.698502,945.5709033896628,13371183.0,0.39022646801930094,hist
GIN,2021,13349198344.073,973.646890096162,13710513.0,0.39439624517465005,hist
GIN,2022,13879482945.938,987.5025014653361,14055137.0,0.39821455869883965,hist
GIN,2023,14648645956.270302,1016.8809480032374,14405468.0,0.40169090717463946,hist
GIN,2024,15432355339.8107,1045.9220747581683,14754785.0,0.40503001843020725,hist
GIN,2025,15432355339.810726,1045.92207475817,14754785.0,0.41787909290255676,projected
GIN,2030,23334276105.20519,1492.5311447143852,15634029.606578495,0.4826066635696807,projected
GIN,2035,33153390251.447178,2018.6942555727,16423185.512083214,0.5488132740505102,projected
GIN,2040,45625660987.0785,2667.29249978844,17105608.39904036,0.6880294814674431,projected
GIN,2045,61072772481.44642,3455.298773155381,17675106.116995703,0.8631293726752404,projected
GIN,2050,79781363036.82512,4402.786377511296,18120652.740349863,1.0869544143771641,projected
GIN,2055,101879811197.86264,5525.689305398398,18437484.55026774,0.9267512063157286,projected
GIN,2060,127312781384.96907,6824.12118825818,18656289.633898627,0.7665479982542931,projected
GIN,2065,156413393787.27438,8294.945838406918,18856469.57006705,0.6746345868560772,projected
GIN,2070,189102702977.89667,9938.273409756155,19027721.93731954,0.5827211754578612,projected
GMB,2012,1305822857.84822,639.1398818890468,2043094.0,0.1334154631793262,hist
GMB,2013,1343336129.36544,638.5223685322128,2103820.0,0.14295401967630647,hist
GMB,2014,1324430251.83027,611.8794729521956,2164528.0,0.15195863440986299,hist
GMB,2015,1378176608.93204,619.5363642964601,2224529.0,0.16052292973857238,hist
GMB,2016,1404959537.12175,615.1933654943867,2283769.0,0.16869355250680854,hist
GMB,2017,1472715273.80675,628.7772992729238,2342189.0,0.17651278315346297,hist
GMB,2018,1579264608.77791,658.1278332585622,2399632.0,0.18402633920865002,hist
GMB,2019,1677527292.27233,682.7976429404268,2456844.0,0.19120655839541953,hist
GMB,2020,1687449652.95674,670.7586428912527,2515733.0,0.19792795145627173,hist
GMB,2021,1776141480.03218,689.4932395573697,2576010.0,0.2003198805380312,hist
GMB,2022,1873704900.09444,710.6869792163158,2636470.0,0.202588366956046,hist
GMB,2023,1984568191.3287897,735.6123837095125,2697845.0,0.20468569847135012,hist
GMB,2024,2094736745.30154,758.9658887290597,2759988.0,0.20663221164594645,hist
GMB,2025,2094736745.3015409,758.96588872906,2759988.0,0.21318736201755417,projected
GMB,2030,2808290055.9322205,938.5462909656168,2992170.000525953,0.24620911466012227,projected
GMB,2035,3706117419.0842175,1153.299882125547,3213489.8099996285,0.2799854219132421,projected
GMB,2040,4852162512.288598,1417.5421271910436,3422940.6091115535,0.3510086832186967,projected
GMB,2045,6282175664.346816,1741.1296284990303,3608103.3608982177,0.44033855047016895,projected
GMB,2050,8045277245.725922,2136.9971954953635,3764757.9803496175,0.5545262928203922,projected
GMB,2055,10190296973.813255,2616.222787992764,3895041.745138044,0.47279619458518124,projected
GMB,2060,12755019748.96806,3185.024081780988,4004685.4973340617,0.3910660963499703,projected
GMB,2065,15778683736.948084,3846.8763978642182,4101687.214517314,0.34417507441844464,projected
GMB,2070,19279890734.85323,4604.7270688147655,4186977.956940188,0.29728405248691897,projected
GNB,2012,1041496885.43544,630.6686230282478,1651417.0,0.12140091627646875,hist
GNB,2013,1075408772.95023,634.095456089354,1695973.0,0.13042781415854215,hist
GNB,2014,1085781367.43837,623.6101591033655,1741122.0,0.1389452120927042,hist
GNB,2015,1152384166.79638,645.0668372070417,1786457.0,0.14701673752944597,hist
GNB,2016,1214989490.95557,663.242608032003,1831893.0,0.15468021013454908,hist
GNB,2017,1271652706.03289,677.4661313113669,1877072.0,0.1619949093542376,hist
GNB,2018,1319485332.4773,686.4568198395249,1922168.0,0.1689730672858697,hist
GNB,2019,1389780856.97486,706.2985628749867,1967696.0,0.17559274253040802,hist
GNB,2020,1429964954.95595,710.275129060129,2013255.0,0.18191021575184554,hist
GNB,2021,1502186168.85351,729.6270906075359,2058841.0,0.18434568980232,hist
GNB,2022,1585255149.16317,752.9011232631657,2105529.0,0.18657794656977644,hist
GNB,2023,1677635814.13438,779.0857891555302,2153339.0,0.18861502540377123,hist
GNB,2024,1747195818.6794899,793.6921576737795,2201352.0,0.19054603857663283,hist
GNB,2025,1747195818.6794887,793.692157673779,2201352.0,0.19659087507929873,projected
GNB,2030,2395661192.867625,1021.953128173518,2344198.6983779403,0.22704190738824043,projected
GNB,2035,3305081584.571801,1332.4847245694466,2480389.8488515443,0.25818875275936215,projected
GNB,2040,4559129945.300155,1749.119115993794,2606529.140075061,0.32368290287636264,projected
GNB,2045,6245662874.136238,2297.8297164958435,2718070.372795414,0.40605850247798664,projected
GNB,2050,8450968102.322832,3005.3140673174216,2812008.300305953,0.5113568089981989,projected
GNB,2055,11266039964.625042,3900.111123092748,2888645.889579471,0.435989341713463,projected
GNB,2060,14771413676.869473,5007.8340195631,2949661.1946731773,0.36062187442872706,projected
GNB,2065,19045009675.148087,6354.0500922001065,2997302.413231952,0.31738128573884894,projected
GNB,2070,24140169466.0473,7959.912200280392,3032718.057517889,0.2741406970489707,projected
GNQ,2012,15070007775.4052,11650.71962708841,1293483.0,1.243372890895261,hist
GNQ,2013,14447134439.884,10731.645572919097,1346218.0,1.2465711632671586,hist
GNQ,2014,14507099626.4903,10363.48724735489,1399828.0,1.2487472600265892,hist
GNQ,2015,13185496881.0174,9068.910032386448,1453923.0,1.2503455965314625,hist
GNQ,2016,12023008461.8485,7971.8340190457275,1508186.0,1.2516898194142676,hist
GNQ,2017,11341603434.7324,7259.1093645480405,1562396.0,1.252983176621317,hist
GNQ,2018,10634279338.5817,6578.900397657109,1616422.0,1.2543325594787451,hist
GNQ,2019,10051326714.9325,6018.1206632186295,1670177.0,1.2557983888504423,hist
GNQ,2020,9569759527.14748,5575.262415114922,1716468.0,1.2626395755309028,hist
GNQ,2021,9652085293.25754,5487.924792019916,1758786.0,1.2392295720648154,hist
GNQ,2022,9963221065.40967,5524.243124185795,1803545.0,1.2152725977642913,hist
GNQ,2023,9456161986.86363,5118.219861483311,1847549.0,1.1929632245401929,hist
GNQ,2024,9541952850.62711,5041.940385511726,1892516.0,1.1710956249443698,hist
GNQ,2025,9541952850.627117,5041.94038551173,1892516.0,1.1775733483565949,projected
GNQ,2030,11179298961.636703,5390.010195367318,2074077.51681903,1.297192137009716,projected
GNQ,2035,12943429459.337616,5750.516364888276,2250829.080040204,1.2015633439511617,projected
GNQ,2040,14899164289.177996,6157.327015575676,2419745.4920761595,1.9368630779500111,projected
GNQ,2045,17041363543.589176,6606.92135190836,2579319.873191302,2.4724981123313556,projected
GNQ,2050,19339187777.159798,7090.40493363559,2727515.27707793,3.233707041572338,projected
GNQ,2055,21767794103.308495,7595.839065193554,2865752.4095073515,2.8167439340710896,projected
GNQ,2060,24352310959.037064,8139.0427818957505,2992036.239593879,2.3997808265698417,projected
GNQ,2065,27033343856.88655,8713.074717634443,3102618.160977503,2.230984669956319,projected
GNQ,2070,29766346931.262672,9321.12271096816,3193429.3597740782,2.0621885133427957,projected
GRC,2012,197978089510.093,17924.662049688588,11045011.0,6.538506377632831,hist
GRC,2013,193479795684.276,17644.87666350205,10965211.0,6.465702487672678,hist
GRC,2014,195012591113.587,17903.525244001215,10892413.0,6.38772228124171,hist
GRC,2015,194567373678.099,17980.72982381373,10820883.0,6.307953463004628,hist
GRC,2016,194505511433.34302,18049.928997891977,10775971.0,6.211741249920675,hist
GRC,2017,197370820217.692,18352.08844612582,10754679.0,6.1012942129355965,hist
GRC,2018,201445880434.66998,18769.038962197665,10732882.0,5.990690843401711,hist
GRC,2019,206033167050.895,19216.675957978496,10721582.0,5.873880841161508,hist
GRC,2020,187085880047.73804,17486.95133332299,10698599.0,5.763110877674089,hist
GRC,2021,203277223532.871,19232.968332711338,10569207.0,5.4107645393586425,hist
GRC,2022,214502162962.972,20552.322327968446,10436882.0,5.051103252552737,hist
GRC,2023,219083738943.27103,21050.864811158095,10407351.0,4.635958447896792,hist
GRC,2024,223655084018.924,21494.685606059855,10405134.0,4.207377335135244,hist
GRC,2025,223655084018.92447,21494.6856060599,10405134.0,3.77780844846526,projected
GRC,2030,247008100256.77914,23787.12828273589,10384107.628328197,3.023879237656804,projected
GRC,2035,271564654889.59854,26182.634605764943,10371937.697583914,1.803781801731223,projected
GRC,2040,297100538655.75476,28683.613802785934,10357848.9341848,0.739129405220945,projected
GRC,2045,323070034673.1716,31283.996428328646,10327006.506771669,0.1278319110455154,projected
GRC,2050,350381966018.0719,34134.75999398656,10264667.631464168,0.0674984215167214,projected
GRC,2055,380120010788.32184,37370.824330032934,10171571.475955902,0.040269731793778754,projected
GRC,2060,412399093857.02167,41001.36487368788,10058179.651518716,0.013041042070836098,projected
GRC,2065,445695579329.8996,44955.27453421376,9914199.923096845,0.013406973113905327,projected
GRC,2070,478641649698.9132,49084.90710415261,9751299.899239697,0.013772904156974547,projected
GRD,2012,852529700.227814,7559.562848395602,112775.0,,hist
GRD,2013,872573509.102323,7688.75297701343,113487.0,,hist
GRD,2014,936638937.786048,8206.628621123331,114132.0,,hist
GRD,2015,997007407.407407,8694.124380056917,114676.0,,hist
GRD,2016,1034291535.85512,8983.683973378962,115130.0,,hist
GRD,2017,1080200382.60863,9357.407288835824,115438.0,,hist
GRD,2018,1127312678.42806,9744.169195772014,115691.0,,hist
GRD,2019,1134939081.03144,9785.560402405912,115981.0,,hist
GRD,2020,978809798.804488,8413.283355003721,116341.0,,hist
GRD,2021,1024791581.86502,8782.321934260764,116688.0,,hist
GRD,2022,1099706286.21882,9406.19337643222,116913.0,,hist
GRD,2023,1149485315.76389,9817.863835839205,117081.0,,hist
GRD,2024,1195043156.53983,10196.00498724334,117207.0,,hist
GRL,2012,2480080343.49763,43655.70046642546,56810.0,,hist
GRL,2013,2447881939.21831,43338.38392469079,56483.0,,hist
GRL,2014,2563963821.89127,45545.14294149161,56295.0,,hist
GRL,2015,2499113022.81675,44536.35497053766,56114.0,,hist
GRL,2016,2616120347.69515,46561.78314340138,56186.0,,hist
GRL,2017,2617499780.4164395,46597.94524703481,56172.0,,hist
GRL,2018,2633808516.64035,47012.98603502758,56023.0,,hist
GRL,2019,2708402650.63237,48170.78969555127,56225.0,,hist
GRL,2020,2715195047.19671,48169.94069573882,56367.0,,hist
GRL,2021,2759563889.53607,48709.93397588954,56653.0,,hist
GRL,2022,2814880887.77734,49679.33654148956,56661.0,,hist
GRL,2023,2839256686.24476,49929.77554286046,56865.0,,hist
GTM,2012,55161308535.57369,3655.5731579124213,15089647.0,1.2673893423783464,hist
GTM,2013,57199419016.293,3717.304626284132,15387337.0,1.2555486822897581,hist
GTM,2014,59741348518.3759,3809.615875700913,15681725.0,1.2444194500634012,hist
GTM,2015,62186066547.6566,3893.5053329906823,15971743.0,1.234037919768214,hist
GTM,2016,63851286764.0999,3924.778948370982,16268760.0,1.2235000954614599,hist
GTM,2017,65817811430.0879,3972.7405783606823,16567357.0,1.2132244340051723,hist
GTM,2018,68060140995.097,4040.2121371198027,16845685.0,1.2047604609449645,hist
GTM,2019,70794727937.1204,4139.122038363071,17103803.0,1.1979855083562836,hist
GTM,2020,69530651433.08311,4005.839115939991,17357325.0,1.1917274717174318,hist
GTM,2021,75122100458.9218,4268.628585654115,17598650.0,1.1698905735615273,hist
GTM,2022,78265598404.1417,4385.14891178047,17847877.0,1.1481359069646984,hist
GTM,2023,81030845277.9723,4470.707284554615,18124838.0,1.125255969248949,hist
GTM,2024,83989981406.9695,4563.095906527168,18406359.0,1.1027914785075628,hist
GTM,2025,83989981406.96953,4563.09590652717,18406359.0,1.0975375173292987,projected
GTM,2030,106238020651.78358,5369.6221178012765,19785008.76245745,1.061867762991394,projected
GTM,2035,133102250662.1509,6317.916983481201,21067426.338484578,1.0455099854803256,projected
GTM,2040,165911740580.28668,7467.190591163381,22218763.342752416,1.0832368340548602,projected
GTM,2045,205753342361.9933,8840.633442825269,23273597.270224467,1.110467623399499,projected
GTM,2050,253538105166.4848,10471.927114858485,24211217.513798658,1.2143173637518672,projected
GTM,2055,309837192746.23584,12377.771691978109,25031742.421540845,1.233093569489774,projected
GTM,2060,374772495040.2155,14576.193117553888,25711273.994365696,1.2518697752276806,projected
GTM,2065,449374607109.31824,17071.311711033428,26323378.936305236,1.3025121641991824,projected
GTM,2070,534080301234.84546,19882.232679808538,26862189.465131465,1.3531545531706837,projected
GUM,2012,5556275705.18653,33404.93176369125,166331.0,,hist
GUM,2013,5650199454.04914,34044.319041545496,165966.0,,hist
GUM,2014,5751510464.05824,34755.26911072985,165486.0,,hist
GUM,2015,5799000000.0,35165.70146447955,164905.0,,hist
GUM,2016,5809553230.20928,35373.848314341696,164233.0,,hist
GUM,2017,5861264058.23476,35850.90255205065,163490.0,,hist
GUM,2018,5812719199.272071,35731.22037430812,162679.0,,hist
GUM,2019,5959409099.181069,36830.12644109729,161808.0,,hist
GUM,2020,5332547224.749771,32884.88526467871,162158.0,,hist
GUM,2021,5442300818.926299,33239.48463278751,163730.0,,hist
GUM,2022,5719850773.43039,34627.986278183744,165180.0,,hist
GUY,2012,4032790343.85011,5403.798994289215,746288.0,4.322571576079447,hist
GUY,2013,4180123674.47048,5573.3421790462935,750021.0,4.344933354234095,hist
GUY,2014,4250621228.25175,5635.71704117947,754229.0,4.364323331750493,hist
GUY,2015,4279840193.704601,5640.415605694661,758781.0,4.381510851075178,hist
GUY,2016,4442793237.239929,5818.616822046459,763548.0,4.397254852342624,hist
GUY,2017,4608708975.07815,5997.182714268249,768479.0,4.411861756669132,hist
GUY,2018,4813377725.77348,6080.906121327462,791556.0,4.324812235407437,hist
GUY,2019,5071030135.73162,6278.630540795528,807665.0,4.279297774098175,hist
GUY,2020,7275896377.20418,9010.610004698785,807481.0,4.3210267481511435,hist
GUY,2021,8735441012.70968,10711.997337414781,815482.0,4.258628313818854,hist
GUY,2022,14268000638.322,17365.333642864185,821637.0,4.2068729494842865,hist
GUY,2023,19089873040.0558,23101.353828274117,826353.0,4.163124239376167,hist
GUY,2024,27454923839.268196,33034.957638933345,831087.0,4.119782814033917,hist
GUY,2025,27454923839.26816,33034.9576389333,831087.0,4.100155187787561,projected
GUY,2030,31977418017.184372,38445.86077283377,831751.9070812414,3.966900947284193,projected
GUY,2035,36456840821.97758,44131.87889309235,826088.5721700806,3.9057919416568625,projected
GUY,2040,41434660944.33698,50880.8775130547,814346.4297310112,4.046731027072512,projected
GUY,2045,47446194021.648766,59470.153017754914,797815.2335926162,4.148459177988625,projected
GUY,2050,54497593107.21607,69996.83710798564,778572.2235297782,4.5364186280603445,projected
GUY,2055,62201215842.93188,82213.72288651716,756579.4816127067,4.606562341735461,projected
GUY,2060,69775624459.27861,95311.82731134066,732077.2922688092,4.676706055410577,projected
GUY,2065,77393104448.74841,109218.95959064808,708605.0328515968,4.865894716923236,projected
GUY,2070,86105827926.20311,125451.23046892918,686368.9387847746,5.055083378435897,projected
HKG,2012,285202001494.798,39887.833945650826,7150100.0,,hist
HKG,2013,294047609778.975,40959.981303399545,7178900.0,,hist
HKG,2014,302170458556.299,41796.868186776264,7229500.0,,hist
HKG,2015,309385622601.348,42432.16197404414,7291300.0,,hist
HKG,2016,316116086739.67,43087.54555784287,7336600.0,,hist
HKG,2017,328116204743.636,44380.81003403614,7393200.0,,hist
HKG,2018,337457513840.276,45280.50798919518,7452600.0,,hist
HKG,2019,331813719170.552,44195.276864443054,7507900.0,,hist
HKG,2020,310097161184.35,41451.29811313327,7481000.0,,hist
HKG,2021,330112209080.37,44530.926209058285,7413100.0,,hist
HKG,2022,317951587861.717,43281.68522913069,7346100.0,,hist
HKG,2023,328201901799.319,43550.6298747786,7536100.0,,hist
HKG,2024,336423318692.037,44712.765472553125,7524100.0,,hist
HKG,2025,336423318692.03754,44712.7654725532,7524100.0,,projected
HKG,2030,375877077929.5792,48078.38665099243,7818005.222557118,,projected
HKG,2035,416767609171.4008,51450.569308083665,8100349.807128768,,projected
HKG,2040,456599835180.8018,54661.42501872438,8353236.949537862,,projected
HKG,2045,493257145492.9401,57488.698164220834,8580071.583529577,,projected
HKG,2050,525935648649.8077,59915.29340415397,8777986.700359615,,projected
HKG,2055,556069313198.1189,62195.20031244731,8940711.026005508,,projected
HKG,2060,585431326050.4728,64532.489261430754,9071885.072940594,,projected
HKG,2065,612761533029.4558,67052.44380621536,9138541.390085122,,projected
HKG,2070,637528678925.6823,69703.98895090279,9146229.484437922,,projected
HND,2012,19072018181.9071,2188.3937881789097,8715076.0,1.1641592122818476,hist
HND,2013,19604424966.4102,2205.401267280672,8889278.0,1.1529884600229545,hist
HND,2014,20203944075.628,2229.2477223221754,9063122.0,1.1422922358030072,hist
HND,2015,20979791685.416,2271.2026598034818,9237305.0,1.1319570841858002,hist
HND,2016,21796529142.773205,2315.7298305819786,9412380.0,1.1218981569310214,hist
HND,2017,22852116284.6356,2383.3739843971357,9588137.0,1.1121274878669234,hist
HND,2018,23730778960.5382,2430.135036577626,9765210.0,1.1025599711561138,hist
HND,2019,24338200129.3672,2447.6164928218086,9943633.0,1.0931848145172782,hist
HND,2020,22156260473.8169,2189.4316866822237,10119640.0,1.0843990040685618,hist
HND,2021,24940257609.6892,2423.7663491691105,10289877.0,1.0614727250835865,hist
HND,2022,25973672631.7766,2482.2238490471404,10463872.0,1.0389194384638363,hist
HND,2023,26902451582.392097,2527.273663331887,10644851.0,1.0164366100408548,hist
HND,2024,27858556649.7637,2573.371599956483,10825703.0,0.9947171566837317,hist
HND,2025,27858556649.763668,2573.37159995648,10825703.0,0.9899780873071324,projected
HND,2030,34994432173.78822,3059.362232673931,11438472.960164163,0.9578039933772216,projected
HND,2035,43631083624.35756,3637.553313951666,11994623.819536218,0.943049289289831,projected
HND,2040,54299094277.80958,4346.985963956168,12491205.338144748,0.977078880809241,projected
HND,2045,67232061638.55,5207.647771730394,12910255.18344728,1.0016410341075328,projected
HND,2050,82608411941.09947,6232.581149490708,13254285.81830014,1.0953134286253543,projected
HND,2055,100613027632.41199,7433.308884595316,13535429.402230412,1.1122495533134007,projected
HND,2060,121344512684.19649,8823.827916438699,13751912.8697119,1.129185678001447,projected
HND,2065,145160306493.8975,10433.711018864877,13912624.782441985,1.1748650780939989,projected
HND,2070,172204793448.6601,12284.077255831184,14018537.156864218,1.2205444781865509,projected
HRV,2012,50189155633.3966,11780.474276728348,4260368.0,3.832499356077796,hist
HRV,2013,50122079966.6919,11838.215245035668,4233922.0,3.7728893769810274,hist
HRV,2014,49842552678.5614,11862.76094918205,4201598.0,3.7177238414712868,hist
HRV,2015,50998893384.8289,12283.784062005288,4151725.0,3.6771806362391275,hist
HRV,2016,52766750207.3137,12848.419539106988,4106867.0,3.6312119426077607,hist
HRV,2017,54499590874.6275,13485.301251427412,4041407.0,3.6024993813326693,hist
HRV,2018,56086115348.75,14060.987483312545,3988775.0,3.561351025647056,hist
HRV,2019,57825641269.21511,14641.66397069297,3949390.0,3.5072985087411346,hist
HRV,2020,53019830857.522,13545.488116241711,3914206.0,3.4484519663883204,hist
HRV,2021,59717412023.485,15395.12877827579,3878981.0,3.2685859535955077,hist
HRV,2022,64073470836.9772,16618.111187472383,3855641.0,3.0759124732252694,hist
HRV,2023,66483687609.844,17225.15448402901,3859686.0,2.8604517770341014,hist
HRV,2024,69027943227.3244,17854.209101268534,3866200.0,2.6437528091688325,hist
HRV,2025,69027943227.32428,17854.2091012685,3866200.0,2.4318732978437314,projected
HRV,2030,74526915300.89192,19466.18840246416,3828531.490605414,1.57151975847834,projected
HRV,2035,80122428863.50456,21152.072385918513,3787923.348675951,1.1174513379334583,projected
HRV,2040,85587922840.06477,22851.706392772252,3745362.441166989,0.9461469435761934,projected
HRV,2045,90528667110.04366,24466.396041729633,3700122.68891744,0.4967406066856937,projected
HRV,2050,95072345578.30673,26030.72197664603,3652313.0500799306,0.23729536182883934,projected
HRV,2055,99725801062.33827,27683.735060426665,3602324.6445850534,0.12593673001694136,projected
HRV,2060,104601924819.4889,29462.297488025753,3550365.509071445,0.014578098205043376,projected
HRV,2065,109465591610.31102,31379.134838163976,3488483.4197906763,0.01479746767187714,projected
HRV,2070,114249845240.7903,33428.809287321936,3417706.0947283036,0.015016837138710878,projected
HTI,2012,13643386325.966402,1354.8854612449877,10069771.0,0.34218707135007703,hist
HTI,2013,14233433330.502895,1392.382047368592,10222362.0,0.3405178053706666,hist
HTI,2014,14644604839.5892,1411.768348021538,10373235.0,0.33895376902509783,hist
HTI,2015,14849629308.6025,1411.1268474679666,10523242.0,0.33746234539903414,hist
HTI,2016,15118774099.5928,1416.7488187969834,10671457.0,0.33606926896769435,hist
HTI,2017,15498296353.5977,1432.672286095404,10817754.0,0.3347737043288974,hist
HTI,2018,15756778637.9976,1437.3525192834902,10962362.0,0.3335640991774682,hist
HTI,2019,15485274058.242998,1394.4211407111268,11105163.0,0.33244007599671166,hist
HTI,2020,14973407477.2561,1331.6977850693197,11243848.0,0.3314658876538025,hist
HTI,2021,14704149691.210402,1292.719549635512,11374586.0,0.32612422289782167,hist
HTI,2022,14456828250.6294,1256.7214359244745,11503606.0,0.320951880836709,hist
HTI,2023,14187369712.6764,1219.1187164584728,11637398.0,0.3157647391774742,hist
HTI,2024,13595808327.3781,1154.8730090988813,11772557.0,0.31065943501012305,hist
HTI,2025,13595808327.378082,1154.87300909888,11772557.0,0.3091793794937225,projected
HTI,2030,18348267431.30259,1508.265018037681,12165148.174804512,0.29913111021931743,projected
HTI,2035,24485198082.22926,1961.52544395754,12482732.843285656,0.2945230786751427,projected
HTI,2040,32493696076.04973,2550.742652820471,12738915.87617433,0.30515083713292357,projected
HTI,2045,42622073083.77456,3297.6825316689124,12924856.372455023,0.31282182643376005,projected
HTI,2050,55057307198.203224,4225.263393662547,13030502.969538758,0.34207658791185536,projected
HTI,2055,70082842916.70058,5364.559055114365,13064045.375711966,0.34736589743215185,projected
HTI,2060,87760013817.47783,6743.773627069174,13013487.502785306,0.3526552069524483,projected
HTI,2065,108290089312.5292,8382.921023285253,12917942.207940605,0.3669213091594955,projected
HTI,2070,131727852792.10172,10314.64838003092,12770949.42442496,0.38118741136654266,projected
HUN,2012,113496503293.01703,11440.76227188252,9920362.0,4.532816945778,hist
HUN,2013,115802945078.187,11729.57207985012,9872734.0,4.456008235976455,hist
HUN,2014,120822254244.73,12287.377944103338,9833038.0,4.374922892534067,hist
HUN,2015,125244126623.289,12782.94125779722,9797755.0,4.29124652362812,hist
HUN,2016,128298381762.592,13145.65598855627,9759755.0,4.20813648671126,hist
HUN,2017,133589642960.172,13734.244280433477,9726756.0,4.122256192158546,hist
HUN,2018,141078862882.165,14533.778314431269,9706964.0,4.030300224083238,hist
HUN,2019,148241697677.30402,15290.808546633132,9694824.0,3.9348603149598746,hist
HUN,2020,141809897486.431,14664.297119538563,9670419.0,3.8440503200402363,hist
HUN,2021,152052706989.445,15787.953542756299,9630932.0,3.625565388570491,hist
HUN,2022,158366514062.482,16487.79739359447,9605074.0,3.4004496150554138,hist
HUN,2023,157072489603.652,16375.046272419238,9592186.0,3.169826633145099,hist
HUN,2024,157952280644.587,16518.63699363966,9562065.0,2.9438790805003254,hist
HUN,2025,157952280644.58737,16518.6369936397,9562065.0,2.707946409785662,projected
HUN,2030,175727147641.16638,18617.190000919534,9438972.67162697,1.7499231113939846,projected
HUN,2035,195038727427.96497,20971.057947596433,9300376.162010416,1.244307563782272,projected
HUN,2040,214124211025.17514,23391.33255663176,9153997.98223415,1.0535562116902146,projected
HUN,2045,233559587742.01077,25936.74937986395,9004967.59718607,0.5531320006112066,projected
HUN,2050,254037230827.9012,28694.338842602578,8853217.780042777,0.2642338002119412,projected
HUN,2055,274922588354.03345,31614.96816504028,8695962.840096796,0.1402334226096004,projected
HUN,2060,296977715674.1684,34819.83768195158,8528980.473338133,0.016233045007259563,projected
HUN,2065,320112174312.4711,38402.74544830133,8335658.572729223,0.016477317914345542,projected
HUN,2070,342579463866.74146,42183.03885848746,8121260.8938868,0.016721590821431532,projected
IDN,2012,740537688618.414,2930.518445322995,252698525.0,0.01678752678651991,hist
IDN,2013,781691320690.699,3055.2424600646864,255852467.0,0.017399597002379596,hist
IDN,2014,820828013230.588,3170.72103011429,258877399.0,0.018005729338997568,hist
IDN,2015,860854232686.214,3288.2226972553844,261799249.0,0.018605183007575143,hist
IDN,2016,904181621780.3881,3416.8100517097137,264627418.0,0.01919819774458816,hist
IDN,2017,950021694164.0009,3553.519992623214,267346658.0,0.01978672970700401,hist
IDN,2018,999178586309.0211,3701.3215546191195,269951846.0,0.020372013386527818,hist
IDN,2019,1049330233997.45,3850.9032173897813,272489381.0,0.02095130885464836,hist
IDN,2020,1027656193885.3799,3739.449065631624,274814866.0,0.02153651957625904,hist
IDN,2021,1065709127396.86,3850.6887725390234,276758053.0,0.023210816030555442,hist
IDN,2022,1122268412650.2,4024.912252883901,278830529.0,0.024850237130452167,hist
IDN,2023,1178932006499.5,4192.651678906923,281190067.0,0.026438449109801337,hist
IDN,2024,1238236350136.56,4367.862666211918,283487931.0,0.028006320269990035,hist
IDN,2025,1238236350136.558,4367.86266621191,283487931.0,0.029788493182676425,projected
IDN,2030,1594553901256.4587,5483.446519620659,290794101.0367999,0.03724794132559787,projected
IDN,2035,1981081177412.8193,6683.5171317012955,296412972.14847314,0.05048840545605672,projected
IDN,2040,2408359036572.6416,8023.11392858289,300177594.1374456,0.06984729483324036,projected
IDN,2045,2857354864954.275,9464.550312337027,301900752.878847,0.08847610266727272,projected
IDN,2050,3317400030267.89,11005.017273301337,301444327.4265503,0.11395898335123052,projected
IDN,2055,3790206394240.06,12661.99493120663,299337222.5176583,0.10503745050603716,projected
IDN,2060,4269803125605.45,14441.335175059072,295665398.9292915,0.09611591766084376,projected
IDN,2065,4747417260306.192,16332.916077155509,290665625.04085237,0.09193653545253205,projected
IDN,2070,5211653318675.09,18312.16187877793,284600657.9220395,0.08775715324422033,projected
IND,2012,1704596203504.3203,1333.0962655766793,1278674502.0,1.6252673035627638,hist
IND,2013,1813453530766.63,1399.4537980287053,1295829511.0,1.6030188557729184,hist
IND,2014,1947834564908.95,1484.3164068291346,1312277191.0,1.5822041518665704,hist
IND,2015,2103588360044.9397,1583.9981590798484,1328024498.0,1.5627284761127953,hist
IND,2016,2277267041550.36,1694.4653497382453,1343944296.0,1.5435111307619256,hist
IND,2017,2432016068497.75,1788.6977031844567,1359657400.0,1.5249755269231795,hist
IND,2018,2588974770244.57,1883.3577270506178,1374659064.0,1.5076433090030534,hist
IND,2019,2689205295885.31,1936.0306774106668,1389030312.0,1.491361853016207,hist
IND,2020,2533830417086.54,1806.5011058387795,1402617695.0,1.4762383986607273,hist
IND,2021,2779348258938.77,1965.3094343750627,1414203896.0,1.6719134254174053,hist
IND,2022,2990839011962.46,2098.211244761503,1425423212.0,1.8648881522493406,hist
IND,2023,3265719695911.24,2270.905180802696,1438069596.0,2.052809716728063,hist
IND,2024,3477820532826.4795,2396.949992135441,1450935791.0,2.2371159634589235,hist
IND,2025,3477820532826.4785,2396.94999213544,1450935791.0,2.4396255312996136,projected
IND,2030,4514808737962.315,2975.6244297449357,1517264306.890139,3.014720173788862,projected
IND,2035,5694827069863.176,3607.4062232746487,1578648679.2423549,2.1949060873362933,projected
IND,2040,7045715850714.448,4312.777003488391,1633684246.835744,2.5907216041650463,projected
IND,2045,8547843581509.184,5081.918496205209,1682011151.475976,3.0364891591539767,projected
IND,2050,10184651339513.96,5918.062514810236,1720943520.624593,3.267692360619423,projected
IND,2055,11957762323725.418,6834.665786139236,1749575282.521622,3.352665865832239,projected
IND,2060,13860380104897.342,7847.99051266177,1766105614.237851,3.4376393710450555,projected
IND,2065,15867431084857.502,8956.589655068863,1771592949.5416305,3.247153374549295,projected
IND,2070,17938209545317.32,10145.767636293407,1768048529.038731,3.056667378053534,projected
IRL,2012,216854920423.995,47147.16046694197,4599533.0,9.851605045280998,hist
IRL,2013,221610413457.216,47928.03464870055,4623816.0,9.620733707046345,hist
IRL,2014,242410308909.292,52044.62011818865,4657740.0,9.37283368844632,hist
IRL,2015,302101388556.271,64250.13851812575,4701957.0,9.108535514397033,hist
IRL,2016,305795232417.145,64205.979777351065,4762722.0,8.818415657960191,hist
IRL,2017,336707637029.955,69748.62210340149,4827445.0,8.528607202558543,hist
IRL,2018,362595940328.693,74029.05506114366,4898022.0,8.236611051277228,hist
IRL,2019,380627401462.69293,76485.63585465097,4976456.0,7.940353953143112,hist
IRL,2020,407856325068.063,80927.9364753951,5039747.0,7.676286529837016,hist
IRL,2021,474166373639.897,92781.2322150785,5110585.0,7.021120878471841,hist
IRL,2022,509781668505.942,97793.53666716965,5212836.0,6.345399717068311,hist
IRL,2023,496851698334.418,93541.9643678381,5311538.0,5.69948310909985,hist
IRL,2024,509767195342.461,94474.98797070698,5395790.0,5.090730764014258,hist
IRL,2025,509767195342.46063,94474.9879707069,5395790.0,4.570972403295715,projected
IRL,2030,568410884142.0264,100957.17537186731,5630217.783414922,3.658753146111306,projected
IRL,2035,630379824410.0452,107616.30086489246,5857661.147463704,2.1824920320219,projected
IRL,2040,693388901516.5879,114006.76389980227,6081997.925368623,0.8943121812070308,projected
IRL,2045,755530818589.2622,119974.12012965923,6297448.297789056,0.1546706630631267,projected
IRL,2050,820203659435.3243,126326.86960756085,6492709.4448181745,0.08166994865615737,projected
IRL,2055,891356302424.2241,133800.6453736736,6661823.640199019,0.048724501315640344,projected
IRL,2060,970183653114.442,142538.1710498097,6806483.105324911,0.015779053975123327,projected
IRL,2065,1054043263213.798,152277.9055046052,6921839.775251712,0.016221813506792575,projected
IRL,2070,1139457388544.4705,162424.44076436778,7015307.4450014755,0.01666457303846184,projected
IRN,2012,401507697046.15295,5058.646378118353,79370580.0,8.954343308588186,hist
IRN,2013,395396833390.87,4916.972919484757,80414686.0,8.833425008999875,hist
IRN,2014,415106476157.82,5093.203197021866,81502045.0,8.710981115685884,hist
IRN,2015,409191686496.677,4952.733555321778,82619362.0,8.588645980663587,hist
IRN,2016,445262288195.34,5312.617249541917,83812228.0,8.461940993237869,hist
IRN,2017,458739730634.758,5395.2398398597925,85026754.0,8.336667824921408,hist
IRN,2018,441546348305.719,5127.224953670184,86117998.0,8.226683123901887,hist
IRN,2019,431119516583.705,4952.456690810782,87051648.0,8.134149939267381,hist
IRN,2020,450269020578.621,5132.824307621179,87723443.0,8.067590709747158,hist
IRN,2021,468869169367.781,5300.622719618946,88455488.0,7.79445403836828,hist
IRN,2022,489278157562.545,5465.31447539413,89524246.0,7.49749556719014,hist
IRN,2023,515368187132.474,5687.843963301165,90608707.0,7.206294638159247,hist
IRN,2024,534246745197.83594,5834.442969398632,91567738.0,6.931463582820456,hist
IRN,2025,534246745197.8358,5834.44296939863,91567738.0,6.7321073628776045,projected
IRN,2030,620995282886.5039,6593.395899953129,94184437.32324924,6.607065471570793,projected
IRN,2035,720406213264.0187,7478.46850495861,96330714.34162654,6.305227764399908,projected
IRN,2040,829424494555.3403,8450.097445981597,98155612.980507,6.452242091839254,projected
IRN,2045,935611610775.8784,9405.234212008718,99477757.77675776,6.420382169320249,projected
IRN,2050,1035663768256.9613,10347.257838109868,100090650.53375976,5.667353960280642,projected
IRN,2055,1134978422438.6125,11357.815086961047,99929292.1876837,4.515615984935752,projected
IRN,2060,1235374686705.876,12475.215009259467,99026324.25885606,3.363878009590862,projected
IRN,2065,1344539455223.4443,13788.1410250604,97514193.73936628,2.89842890046955,projected
IRN,2070,1453197046269.0068,15221.228068246097,95471734.59023368,2.432979791348237,projected
IRQ,2012,147674239072.767,4387.904690587078,33654842.0,5.691415502972859,hist
IRQ,2013,158939252263.83398,4504.826875373551,35281989.0,5.42607747126251,hist
IRQ,2014,162537141323.775,4446.973432348632,36550059.0,5.235064649268044,hist
IRQ,2015,166774104959.102,4440.141892523682,37560535.0,5.091541905483799,hist
IRQ,2016,189767872908.426,4932.927291143894,38469627.0,4.968599100017802,hist
IRQ,2017,186314571374.74203,4736.327108098555,39337353.0,4.856434296317553,hist
IRQ,2018,191221819559.37796,4749.0092183689485,40265624.0,4.741970132659058,hist
IRQ,2019,201765390224.396,4898.148976522651,41192171.0,4.632858572232315,hist
IRQ,2020,177479307669.569,4213.998437660609,42116605.0,4.5287747830467096,hist
IRQ,2021,180145367592.772,4182.500640457311,43071211.0,4.314176949387296,hist
IRQ,2022,194483223959.197,4412.997331465109,44070551.0,4.104714567450134,hist
IRQ,2023,195490074355.087,4337.087053241811,45074049.0,3.9041808667357927,hist
IRQ,2024,192469260104.189,4180.296194773166,46042015.0,3.715246752318922,hist
IRQ,2025,192469260104.1892,4180.29619477317,46042015.0,3.6083923283076693,projected
IRQ,2030,243039723235.90457,4778.171726701163,50864585.27176012,3.5413701943772744,projected
IRQ,2035,298662059293.4189,5364.984615271049,55668763.41887328,3.379585955320837,projected
IRQ,2040,346732452899.103,5745.034468042293,60353415.60226658,3.458385258821055,projected
IRQ,2045,398788761008.9943,6161.736320383377,64720192.53562965,3.441308421836549,projected
IRQ,2050,452980595302.0949,6594.617497323642,68689441.87982585,3.0376872277538207,projected
IRQ,2055,512102186516.71356,7078.815540811899,72342920.02161402,2.4203586186808543,projected
IRQ,2060,580635733410.9039,7670.464791566555,75697594.49900551,1.8030300096078882,projected
IRQ,2065,662972599685.3466,8420.236931835278,78735622.88713945,1.5535504775623565,projected
IRQ,2070,761783095404.061,9347.925552881448,81492208.20112815,1.3040709455168245,projected
ISL,2012,16156200535.1964,50375.41168883498,320716.0,12.67640305953694,hist
ISL,2013,16737332122.853,51696.08765289841,323764.0,12.327531335021977,hist
ISL,2014,17057653878.2213,52102.57579194376,327386.0,11.964153710487505,hist
ISL,2015,17700486957.1907,53505.69640793405,330815.0,11.61550110536484,hist
ISL,2016,18801118749.2807,56049.29286481506,335439.0,11.233838550916486,hist
ISL,2017,19456350341.8065,56657.980028557075,343400.0,10.756998081509849,hist
ISL,2018,20363166145.0836,57731.65234018842,352721.0,10.262044824946882,hist
ISL,2019,20594942207.763195,57118.84527187536,360563.0,9.832745689961797,hist
ISL,2020,19226227440.8995,52464.30728586379,366463.0,9.47165158752535,hist
ISL,2021,20222255991.4032,54285.02091539568,372520.0,8.642181967259837,hist
ISL,2022,22005999303.4513,57606.87560948815,382003.0,7.76894788043017,hist
ISL,2023,23147265109.0917,60019.408418986786,385663.0,7.042773529979021,hist
ISL,2024,22922580053.4796,59307.177775971395,386506.0,6.376389858415216,hist
ISL,2025,22922580053.479603,59307.1777759714,386506.0,5.72536703011328,projected
ISL,2030,26337701546.33152,64604.0291539727,407678.9310394263,4.582767688329383,projected
ISL,2035,30141293108.995335,70474.22649640213,427692.42895534466,2.7336782682419387,projected
ISL,2040,34441500255.41132,76974.25134029253,447441.8348435792,1.1201698512158307,projected
ISL,2045,39108832962.30896,83753.74305200651,466950.2703661197,0.19373258831947837,projected
ISL,2050,43955459547.58118,90504.26208848791,485672.8128958723,0.10229561461580261,projected
ISL,2055,49043990571.930534,97487.78938166896,503078.29198917584,0.06102982664917,projected
ISL,2060,54414269119.440216,104850.55630958053,518969.7702583216,0.01976403868253766,projected
ISL,2065,60241320166.61864,113059.75461901425,532827.267931177,0.020318616702536055,projected
ISL,2070,66449726447.16568,121915.4424062594,545047.6587349365,0.020873194722534707,projected
ISR,2012,274800159647.141,34738.65870009999,7910500.0,7.488952941311192,hist
ISR,2013,286027695014.037,35489.50865612469,8059500.0,7.3466295054548025,hist
ISR,2014,296827610046.146,36129.31461058047,8215700.0,7.203154783668316,hist
ISR,2015,303469434072.296,36213.104148195845,8380100.0,7.0581206683875575,hist
ISR,2016,317003511449.31,37093.78790654224,8546000.0,6.917453226085347,hist
ISR,2017,330783435889.189,37963.04911906958,8713300.0,6.781053507522542,hist
ISR,2018,344027669320.131,38729.64260369827,8882800.0,6.648146055755727,hist
ISR,2019,356792803355.853,39407.20160767098,9054000.0,6.518991610452591,hist
ISR,2020,349579824803.208,37935.54327171794,9215100.0,6.4016395153615875,hist
ISR,2021,382399686301.549,40804.968980253645,9371400.0,6.132502718091776,hist
ISR,2022,406350386042.279,42516.38880902736,9557500.0,5.853886858136749,hist
ISR,2023,413772459124.137,42011.621395485534,9849000.0,5.526135782410265,hist
ISR,2024,417380424316.47,41845.166056752285,9974400.0,5.304108417075255,hist
ISR,2025,417380424316.47015,41845.1660567523,9974400.0,5.151556651988303,projected
ISR,2030,494713298242.777,45560.895711909245,10858287.364913745,5.055871845995628,projected
ISR,2035,580283142669.279,49420.03779129786,11741859.549355878,4.824898992417663,projected
ISR,2040,676782393637.3125,53559.31762898464,12636128.00905176,4.937397589904976,projected
ISR,2045,782506454267.469,57846.75388953675,13527231.895530924,4.913017676315118,projected
ISR,2050,895649646463.7557,62223.084993130135,14394169.729171123,4.33678392508233,projected
ISR,2055,1017045890262.8754,66786.89150202282,15228226.189147783,3.4554486895581937,projected
ISR,2060,1149686270755.1191,71714.93981192664,16031335.643175414,2.574113454034057,projected
ISR,2065,1297535928390.449,77007.7674834842,16849416.244520146,2.217941556438086,projected
ISR,2070,1460357092579.8833,82589.0072787798,17682221.165952962,1.8617696588421144,projected
ITA,2012,1863124632394.25,30953.414744742702,60191247.0,6.814930064390819,hist
ITA,2013,1829252558793.3398,30330.022159966768,60311613.0,6.677006614494866,hist
ITA,2014,1829227175768.29,30325.02877939229,60320707.0,6.551696071304924,hist
ITA,2015,1845428048839.1,30639.882975143206,60229605.0,6.437114093785213,hist
ITA,2016,1868241619489.51,31077.67926752114,60115223.0,6.324633268797773,hist
ITA,2017,1898202609462.08,31635.52277107999,60002252.0,6.2115775168801655,hist
ITA,2018,1913894038926.83,31819.397183006644,60148658.0,6.0717986363678955,hist
ITA,2019,1922107755078.16,32180.434101742834,59729081.0,5.988915847577493,hist
ITA,2020,1751650987235.43,29469.798923862607,59438851.0,5.892010595906718,hist
ITA,2021,1908092024820.83,32267.709105020123,59133173.0,5.493130231620329,hist
ITA,2022,2000084512919.56,33891.88665262167,59013667.0,5.074046672872392,hist
ITA,2023,2019599234310.29,34239.65547512389,58984216.0,4.646157899136332,hist
ITA,2024,2033588532657.24,34495.25457996363,58952704.0,4.217989076297128,hist
ITA,2025,2033588532657.2383,34495.2545799636,58952704.0,3.7873367417988546,projected
ITA,2030,2163212997335.104,36626.29128867309,59061753.76277016,3.0315059897208134,projected
ITA,2035,2301402757646.942,38919.20414063553,59132831.93897709,1.8083312547675938,projected
ITA,2040,2449631826309.4136,41429.92743863835,59127108.77752684,0.7409936187935766,projected
ITA,2045,2611352383829.9272,44287.24140365102,58963988.29696917,0.12815432547241165,projected
ITA,2050,2787414657833.4595,47561.96316604801,58605963.09075923,0.06766866433568362,projected
ITA,2055,2979130306012.8057,51316.67818031381,58053841.590153135,0.04037129909721158,projected
ITA,2060,3186722566525.775,55554.90719750901,57361675.63373523,0.013073933858739532,projected
ITA,2065,3400351870426.1074,60173.97067134399,56508683.61335213,0.013440787843870481,projected
ITA,2070,3608310497867.929,64917.82971173724,55582734.57215624,0.013807641829001429,projected
JAM,2012,14649543756.5624,5284.008525575903,2772430.0,2.676830856551357,hist
JAM,2013,14725382395.3111,5289.884385461117,2783687.0,2.693202502052649,hist
JAM,2014,14826961375.6345,5307.1916538080195,2793749.0,2.710601208281127,hist
JAM,2015,14963589915.5912,5339.307182568062,2802534.0,2.729118018456491,hist
JAM,2016,15376650479.9803,5472.283140230327,2809915.0,2.7488919267805962,hist
JAM,2017,15729242259.4032,5586.136572313305,2815764.0,2.770068542726753,hist
JAM,2018,16124965549.2249,5717.876211075328,2820097.0,2.79265780639645,hist
JAM,2019,16416735750.8852,5814.792753116934,2823271.0,2.816333438606483,hist
JAM,2020,15053421189.293,5317.841450339646,2830739.0,2.8356479157035386,hist
JAM,2021,15912170664.5422,5607.453782538776,2837682.0,2.8154852661601066,hist
JAM,2022,16936803585.151299,5965.461274648732,2839144.0,2.8008176326543386,hist
JAM,2023,17401946531.631,6127.907712634333,2839786.0,2.786969614133528,hist
JAM,2024,17308839319.813396,6096.432703096286,2839175.0,2.7743517072525714,hist
JAM,2025,17308839319.81344,6096.4327030963,2839175.0,2.7611340351460703,projected
JAM,2030,18978252878.467026,6657.033396119423,2850857.3938550465,2.6713977198287173,projected
JAM,2035,20791918846.227043,7302.262542293377,2847325.568726683,2.630245581052574,projected
JAM,2040,23023119425.269917,8134.302234639164,2830374.230161761,2.725157038741446,projected
JAM,2045,25690701664.021576,9170.147634085306,2801558.130703328,2.793662996921659,projected
JAM,2050,28669260201.801716,10395.308812043908,2757903.658291111,3.0549233621488594,projected
JAM,2055,31895005028.553085,11814.808688719722,2699578.6278795255,3.1021596706078114,projected
JAM,2060,35204836686.74338,13371.053448369796,2632914.2144769127,3.149395979066763,projected
JAM,2065,38776352363.46343,15095.63819017613,2568712.3575006006,3.276799754885357,projected
JAM,2070,42894432444.5364,17090.226079686265,2509880.925186909,3.404203530703952,projected
JOR,2012,35488605511.9193,4677.4761397719185,7587127.0,2.883042984849577,hist
JOR,2013,36414839440.0743,4556.520237167118,7991809.0,2.7356124854475414,hist
JOR,2014,37647146046.4738,4282.118728492386,8791710.0,2.4854063306127303,hist
JOR,2015,38587017887.323906,4042.756780975542,9544729.0,2.288116393887188,hist
JOR,2016,39356512808.3494,3933.1470461106815,10006367.0,2.1814041109335367,hist
JOR,2017,40330034782.848495,3940.701991811447,10234226.0,2.131710724241276,hist
JOR,2018,41103996749.7366,3928.770268212056,10462306.0,2.0841379068541976,hist
JOR,2019,41823826702.478,3919.0642691607322,10671891.0,2.0421280293162036,hist
JOR,2020,41362613665.9359,3806.8794935491364,10865228.0,2.0047298543672114,hist
JOR,2021,42874683401.0676,3874.327140846327,11066356.0,1.9175249447173666,hist
JOR,2022,44009762839.5016,3909.8022886904478,11256263.0,1.8352609927592172,hist
JOR,2023,45279041100.7738,3958.2304395218275,11439213.0,1.7567945573838861,hist
JOR,2024,46405988481.4729,4016.8342914329646,11552876.0,1.6908788660218588,hist
JOR,2025,46405988481.47285,4016.83429143296,11552876.0,1.6422474023946332,projected
JOR,2030,63232547362.38628,4960.2557593634765,12747840.117522605,1.6117443652147048,projected
JOR,2035,84482529047.35117,6070.960190101655,13915843.030085254,1.538113306791677,projected
JOR,2040,110560682617.34242,7347.432227863989,15047526.69892732,1.5739763559586262,projected
JOR,2045,141436881118.11243,8771.903962810895,16123851.984443065,1.5662043653801865,projected
JOR,2050,176665114640.04312,10305.353229963112,17143043.10563409,1.3825087477130649,projected
JOR,2055,216371130470.42847,11966.938054023138,18080742.91800041,1.1015508549915036,projected
JOR,2060,260913832325.0846,13788.38167649738,18922730.632690445,0.820592962269942,projected
JOR,2065,309393996113.10626,15765.52242801595,19624722.08109647,0.7070501220864429,projected
JOR,2070,360685135719.1607,17885.272365957047,20166600.11315742,0.5935072819029433,projected
JPN,2012,4277925608846.4907,33518.44493685989,127629000.0,11.604621833595813,hist
JPN,2013,4363702302793.37,34239.88624734882,127445000.0,11.555120012554434,hist
JPN,2014,4376627829634.98,34386.905855267134,127276000.0,11.50411907979509,hist
JPN,2015,4444930651964.18,34960.63938433849,127141000.0,11.449919774109063,hist
JPN,2016,4478437728050.46,35242.199377148005,127076000.0,11.389327961220058,hist
JPN,2017,4553466417290.11,35861.97285456723,126972000.0,11.332153781936174,hist
JPN,2018,4582763011478.55,36138.52908248141,126811000.0,11.279953789497759,hist
JPN,2019,4564332550096.38,36043.78440135178,126633000.0,11.229128347271248,hist
JPN,2020,4374056271824.01,34642.9718743239,126261000.0,11.195335059915571,hist
JPN,2021,4492005937826.88,35741.16010629242,125681593.0,11.01757359170328,hist
JPN,2022,4534320578755.85,36238.32948953026,125124989.0,10.836190363221531,hist
JPN,2023,4601203385713.7,36952.51507098609,124516650.0,10.657612455844259,hist
JPN,2024,4606002855955.13,37152.563600355184,123975371.0,10.471613753025187,hist
JPN,2025,4606002855955.132,37152.5636003552,123975371.0,10.239083696712632,projected
JPN,2030,4821761150975.384,39681.13538515088,121512681.13108829,8.030078812992622,projected
JPN,2035,4982661199524.745,41959.94602962127,118748036.42519648,7.028206433034187,projected
JPN,2040,5110109518028.5625,44126.66479119267,115805478.21163452,6.379900246477181,projected
JPN,2045,5248851109829.948,46560.812145086886,112731090.1166016,6.150662779625802,projected
JPN,2050,5383232864605.987,49115.52963838606,109603477.8458083,5.594687835215271,projected
JPN,2055,5533666470602.821,51964.49743687321,106489367.6172882,4.623136800292375,projected
JPN,2060,5698557976261.763,55136.95478631052,103352787.58769262,3.6515857653694783,projected
JPN,2065,5859692816405.804,58595.17706953475,100002988.46186814,3.2608065355174456,projected
JPN,2070,6015629856419.337,62341.411812025515,96494924.98754954,2.8700273056654133,projected
KAZ,2012,164960327499.374,9531.91477617056,17306106.0,12.734707940641112,hist
KAZ,2013,174857947143.911,9959.725869305345,17556502.0,12.719811707517717,hist
KAZ,2014,182201980933.864,10226.710053968267,17816285.0,12.698640253315425,hist
KAZ,2015,184388404706.042,10196.122625598224,18084169.0,12.672398054255149,hist
KAZ,2016,186416677156.152,10151.423313301968,18363600.0,12.638969604614713,hist
KAZ,2017,194059760924.352,10404.27186463171,18651931.0,12.600527871038356,hist
KAZ,2018,202016211108.85696,10670.212014827921,18932727.0,12.568256574822305,hist
KAZ,2019,211106940610.612,10989.684071838832,19209555.0,12.539518212678397,hist
KAZ,2020,205829267103.2,10565.035981623558,19482117.0,12.51433604278369,hist
KAZ,2021,214679925583.069,10873.391527527625,19743603.0,12.691862812166603,hist
KAZ,2022,221549683201.099,11058.348241340722,20034609.0,12.845793118544671,hist
KAZ,2023,232848717043.771,11453.395272536283,20330104.0,12.992446283402451,hist
KAZ,2024,244491152895.88797,11872.784262629857,20592571.0,13.155964152656678,hist
KAZ,2025,244491152895.8868,11872.7842626298,20592571.0,13.485080013471341,projected
KAZ,2030,297484090161.5439,14057.90962234718,21161331.81626433,12.903894086289581,projected
KAZ,2035,346336818867.0051,15974.75561486687,21680257.72767926,12.90131985143687,projected
KAZ,2040,388114237183.61523,17510.594573030954,22164537.906746563,12.590184224622444,projected
KAZ,2045,418130460527.55396,18529.232993144393,22565988.60202457,12.976863292736718,projected
KAZ,2050,433821100305.26276,18993.591963477404,22840392.756644093,12.571658501098874,projected
KAZ,2055,443658859474.028,19284.98087581767,23005408.319090035,12.693861088434168,projected
KAZ,2060,457535198652.55505,19803.56835495928,23103674.572768472,12.816063675769463,projected
KAZ,2065,477283473793.2325,20633.50721416611,23131475.84844662,12.558786675789573,projected
KAZ,2070,498009923731.8146,21577.010828410403,23080579.960412588,12.301509675809676,projected
KEN,2012,61281315911.57941,1396.3017870975646,43888303.0,0.2953761962498299,hist
KEN,2013,63608687382.876396,1413.9414252258268,44986791.0,0.31592584587773775,hist
KEN,2014,66801914096.6185,1450.5933820227663,46051440.0,0.3357423785227997,hist
KEN,2015,70120446896.8359,1489.1195977728398,47088526.0,0.3548709509403628,hist
KEN,2016,73074983895.0953,1517.9779605774193,48139687.0,0.3730659902296415,hist
KEN,2017,75879571212.38849,1542.3377397337206,49197766.0,0.3904285003510119,hist
KEN,2018,80165208728.3956,1596.6904591494506,50207107.0,0.40745506408086807,hist
KEN,2019,84264984851.3549,1645.7096177786218,51202827.0,0.4239232728302287,hist
KEN,2020,84035138346.85901,1609.33414078281,52217334.0,0.43960497868389836,hist
KEN,2021,90413816676.9795,1698.895782714436,53219166.0,0.5081624165249038,hist
KEN,2022,94807911027.625,1747.5319880442844,54252461.0,0.5738534146865706,hist
KEN,2023,100230916344.516,1811.216518384258,55339003.0,0.6364758685659733,hist
KEN,2024,104966566488.391,1860.0228704777658,56432944.0,0.6965952369949014,hist
KEN,2025,104966566488.39069,1860.02287047776,56432944.0,0.7690525590867632,projected
KEN,2030,138994109104.34424,2262.7383792554115,61427388.32674168,0.8794260317165095,projected
KEN,2035,181628695575.1982,2737.835247552707,66340257.59495654,1.0388772203697187,projected
KEN,2040,236494547506.22394,3330.9374037847447,70999397.11791322,1.3967816387534204,projected
KEN,2045,306245567747.0295,4066.9498754181222,75301043.07359934,1.5345380528083028,projected
KEN,2050,393585834739.2043,4973.909994040376,79130067.73560232,1.6515672122297926,projected
KEN,2055,502129534969.6225,6091.826092073863,82426767.832875,1.7120575882059246,projected
KEN,2060,635436047740.0736,7447.343320427501,85323855.82347472,1.7725479641820565,projected
KEN,2065,796119907358.7701,9051.52239361038,87954254.84676085,1.7098948444015254,projected
KEN,2070,985220134545.7693,10916.876259864292,90247439.93553488,1.6472417246209945,projected
KGZ,2012,5572083788.24116,985.8472865972008,5652076.0,1.7123898635878672,hist
KGZ,2013,6180302892.03129,1069.7840443871614,5777150.0,1.6975685532063258,hist
KGZ,2014,6429000667.90909,1088.582142295076,5905848.0,1.6823424313804884,hist
KGZ,2015,6678177511.66313,1105.651938442607,6040036.0,1.6662498700688646,hist
KGZ,2016,6967733666.77765,1128.3161612818035,6175338.0,1.65055900045292,hist
KGZ,2017,7297999868.503009,1157.1827575806744,6306696.0,1.636563778128295,hist
KGZ,2018,7572252145.25549,1175.0712778746956,6444079.0,1.6216220735025553,hist
KGZ,2019,7920623120.268601,1201.8770142972055,6590211.0,1.605170345277555,hist
KGZ,2020,7354379549.419779,1093.3285646142238,6726596.0,1.591735520142671,hist
KGZ,2021,7759385792.10421,1132.5546781282017,6851224.0,1.6062232370071592,hist
KGZ,2022,8455209116.531329,1212.1781272176834,6975220.0,1.620340089435554,hist
KGZ,2023,9217301873.9258,1298.2572448221135,7099750.0,1.6338409108101262,hist
KGZ,2024,10050558458.413702,1391.6840432992824,7221868.0,1.647426318843784,hist
KGZ,2025,10050558458.413755,1391.68404329929,7221868.0,1.688639119727368,projected
KGZ,2030,12945596503.294966,1750.9414733820126,7393506.122332024,1.6158614060249856,projected
KGZ,2035,16563414387.92692,2197.4795073498403,7537460.227741733,1.6155390531971703,projected
KGZ,2040,20816930203.90596,2724.3602137421726,7641034.4340302525,1.5765777870827031,projected
KGZ,2045,25605128937.48376,3329.382129598939,7690654.884535042,1.6249988124340689,projected
KGZ,2050,30748186447.806625,3997.362204326735,7692119.17161894,1.5742579446025768,projected
KGZ,2055,36247844373.04267,4735.970553262592,7653730.943929046,1.5895604915136918,projected
KGZ,2060,42246481633.43205,5569.900225170206,7584782.478242881,1.6048630384248064,projected
KGZ,2065,48825519813.331985,6504.200710283739,7506767.086097812,1.5726460989377484,projected
KGZ,2070,55765512503.56537,7516.999946766755,7418586.257613515,1.54042915945069,projected
KHM,2012,19357661918.8519,1295.2527147789322,14945085.0,6.1277137503295025,hist
KHM,2013,20878690156.7817,1376.295575959255,15170208.0,5.77658881625022,hist
KHM,2014,22549052336.9265,1464.531158669265,15396772.0,5.435224012646029,hist
KHM,2015,24174170369.073795,1547.320104443934,15623251.0,5.103787675835358,hist
KHM,2016,26085259688.3373,1645.4667157812596,15852803.0,4.780896282438434,hist
KHM,2017,28191654621.9478,1753.93530504662,16073372.0,4.469719107327028,hist
KHM,2018,30665817313.8491,1884.2837481708586,16274522.0,4.17193874979687,hist
KHM,2019,33099747942.811,2008.3209400670603,16481304.0,3.8801031753839417,hist
KHM,2020,31922812945.0881,1908.634275183358,16725474.0,3.5874625139780476,hist
KHM,2021,32909177695.673,1938.7643674172816,16974305.0,3.8974324037880663,hist
KHM,2022,34597385966.83139,2011.2743331326205,17201724.0,4.203671775808584,hist
KHM,2023,36329791405.1421,2085.0574846212266,17423880.0,4.503279235699308,hist
KHM,2024,38500536184.9646,2182.718439023412,17638801.0,4.7973097686505906,hist
KHM,2025,38500536184.96457,2182.71843902341,17638801.0,5.146210770213414,projected
KHM,2030,49149282784.62259,2708.1295647570937,18148792.961843036,5.2663225884226605,projected
KHM,2035,60725434267.84197,3275.239532879341,18540761.265926953,2.7115981552887543,projected
KHM,2040,74303022888.47284,3945.227286430193,18833648.22707219,2.9503004936942263,projected
KHM,2045,90318225372.57376,4738.466950289282,19060642.67622672,3.058076188828159,projected
KHM,2050,108077076079.53423,5632.108914125275,19189450.652930018,3.2372914528521206,projected
KHM,2055,128136970752.72813,6672.884318231099,19202636.31764797,3.2310410576229858,projected
KHM,2060,150082906293.5752,7854.637345585359,19107553.88062928,3.2247906623938514,projected
KHM,2065,174943391656.84763,9236.704731142225,18940022.09110498,3.1346148207518603,projected
KHM,2070,202924869710.46008,10831.852747761475,18734086.81191653,3.0444389791098683,projected
KIR,2012,157815476.89625198,1405.5028044623632,112284.0,,hist
KIR,2013,170016068.140692,1493.491348589153,113838.0,,hist
KIR,2014,172164497.744547,1492.8506819324957,115326.0,,hist
KIR,2015,191559398.688293,1639.8527474065231,116815.0,,hist
KIR,2016,205137185.569867,1731.4369382490167,118478.0,,hist
KIR,2017,212828045.375187,1769.5119133251883,120275.0,,hist
KIR,2018,220233266.963344,1803.9486498095082,122084.0,,hist
KIR,2019,227422251.871424,1835.2196308246705,123921.0,,hist
KIR,2020,224083567.264516,1777.044760581099,126099.0,,hist
KIR,2021,243085266.381389,1893.5266159934333,128377.0,,hist
KIR,2022,254185331.934612,1948.2431223862527,130469.0,,hist
KIR,2023,260926354.57991496,1968.8097380209383,132530.0,,hist
KIR,2024,274669078.171778,2041.876017869564,134518.0,,hist
KNA,2012,835799755.490721,17770.4963640576,47033.0,,hist
KNA,2013,883668355.018065,18773.892689839704,47069.0,,hist
KNA,2014,950623606.0363419,20187.80619754809,47089.0,,hist
KNA,2015,957222222.222222,20328.80035301085,47087.0,,hist
KNA,2016,994866931.117104,21133.657591441402,47075.0,,hist
KNA,2017,997065001.528822,21191.604708370287,47050.0,,hist
KNA,2018,1017041453.06618,21635.497214648145,47008.0,,hist
KNA,2019,1046924638.7838101,22297.76449956999,46952.0,,hist
KNA,2020,886725390.821136,18918.826345661106,46870.0,,hist
KNA,2021,889985054.357552,19031.821191060284,46763.0,,hist
KNA,2022,983259885.9570268,21050.75865372898,46709.0,,hist
KNA,2023,1012966873.6456599,21664.033398469994,46758.0,,hist
KNA,2024,1016129628.26613,21692.240639287193,46843.0,,hist
KOR,2012,1402787524457.73,27944.056419004453,50199853.0,17.9150652094539,hist
KOR,2013,1448958816285.78,28732.71115203302,50428893.0,18.094850109043637,hist
KOR,2014,1495538208413.16,29470.673299165566,50746659.0,18.24106055927741,hist
KOR,2015,1539212301135.55,30171.790654522294,51014947.0,18.403282865313965,hist
KOR,2016,1588028842393.05,31005.40728763883,51217803.0,18.58752356089932,hist
KOR,2017,1642548917819.5903,31979.902730246744,51361911.0,18.79178015786835,hist
KOR,2018,1694718171579.2502,32852.88874889411,51585058.0,18.96578966723271,hist
KOR,2019,1733930596323.25,33496.3113815643,51764822.0,19.154339601515485,hist
KOR,2020,1721788880530.99,33215.9298928109,51836239.0,19.38201187782933,hist
KOR,2021,1801214449834.76,34792.939721459756,51769539.0,19.17884375984109,hist
KOR,2022,1850343736945.76,35809.013810514436,51672569.0,18.986267162370037,hist
KOR,2023,1879634949821.72,36347.70363925525,51712619.0,18.743171758521843,hist
KOR,2024,1917295522781.86,37048.42640014964,51751065.0,18.5010260175322,hist
KOR,2025,1917295522781.858,37048.4264001496,51751065.0,18.27280462730574,projected
KOR,2030,2173575618935.9492,41983.687273800504,51771908.56917294,16.030475894554055,projected
KOR,2035,2402222191262.7593,46699.45279867768,51440050.092637904,13.993943892748874,projected
KOR,2040,2602011072519.574,51324.10814761666,50697638.33081635,13.594431341654515,projected
KOR,2045,2777462790904.337,56018.193246922776,49581441.848035865,12.606101922733378,projected
KOR,2050,2925224564345.881,60756.522850391055,48146675.07469205,11.245668084318652,projected
KOR,2055,3057877446832.34,65769.4461558713,46493890.789125346,10.341283797734404,projected
KOR,2060,3153810441229.792,70506.8176404646,44730574.24477754,9.436899511150157,projected
KOR,2065,3229575451276.642,75272.49825503849,42905118.418339,8.547055021959451,projected
KOR,2070,3305668729634.381,80495.48844068934,41066509.36182669,7.657210532768746,projected
KWT,2012,112054550468.936,33578.330965196525,3337109.0,28.453903845849943,hist
KWT,2013,113342578898.914,32311.180000853517,3507844.0,27.054728644660322,hist
KWT,2014,113910328503.346,31073.153730062335,3665876.0,25.87478585922689,hist
KWT,2015,114585555688.511,29882.21264956968,3834574.0,24.72341006462742,hist
KWT,2016,117938415952.58,29454.442638882785,4004096.0,23.664201448676057,hist
KWT,2017,112380895138.2,27048.370693595763,4154812.0,22.79374453104434,hist
KWT,2018,115463874454.86201,26706.019166086393,4323515.0,21.892768324198425,hist
KWT,2019,118077765349.788,26580.226474160776,4442316.0,21.29603143492632,hist
KWT,2020,112389586345.299,25541.537898790913,4400267.0,21.48817108565356,hist
KWT,2021,114268886945.818,26203.261725785593,4360865.0,21.123058297478146,hist
KWT,2022,121991940635.83298,26579.83216468753,4589643.0,19.538757399281067,hist
KWT,2023,119958083706.27802,24716.196765637018,4853420.0,17.97434317042108,hist
KWT,2024,116887023610.314,23867.82650029496,4897263.0,17.315417230820888,hist
KWT,2025,116887023610.3142,23867.826500295,4897263.0,16.817407527008065,projected
KWT,2030,140798905013.03006,26122.90820439996,5389863.330351361,16.505041676212183,projected
KWT,2035,165965440306.00867,28232.746369549895,5878473.108270076,15.751024032865995,projected
KWT,2040,193239715779.97546,30442.307368822505,6347735.519479116,16.11827899830072,projected
KWT,2045,217408698389.71268,32086.451134427243,6775716.562697189,16.038690056547424,projected
KWT,2050,239549764621.78406,33493.81712068203,7152059.251970565,14.157558103634104,projected
KWT,2055,259519427516.84338,34705.754658399484,7477705.93295641,11.28041342193864,projected
KWT,2060,278496924611.0931,35891.727665201564,7759362.469505941,8.403268740243174,projected
KWT,2065,295629659330.39404,37047.83095261882,7979675.239516194,7.24053515189617,projected
KWT,2070,310519002374.71655,38163.43388928665,8136558.237278704,6.077801563549167,projected
LAO,2012,11568812077.4386,1774.635852036715,6518978.0,18.137691525776106,hist
LAO,2013,12497359667.4702,1890.2786129487542,6611385.0,17.11335700574225,hist
LAO,2014,13448654116.2974,2006.311954444463,6703172.0,16.118752672241985,hist
LAO,2015,14426380125.6488,2121.0133909736246,6801645.0,15.136125359025062,hist
LAO,2016,15439521179.3987,2234.76098741847,6908802.0,14.163719143734964,hist
LAO,2017,16503694943.2856,2351.574417475952,7018147.0,13.21689484813624,hist
LAO,2018,17534839203.1116,2459.9787463619546,7128045.0,12.298167408854908,hist
LAO,2019,18491844275.7106,2554.9563801924555,7237636.0,11.40782300849885,hist
LAO,2020,18584864138.19,2529.746226987614,7346533.0,10.54503536130961,hist
LAO,2021,19054754737.3799,2556.5891264040492,7453194.0,11.460216847025952,hist
LAO,2022,19570648221.6862,2589.0501519162767,7559007.0,12.350959407482692,hist
LAO,2023,20303702352.295,2648.887266080347,7664993.0,13.216810216630634,hist
LAO,2024,21142284373.3842,2721.0781066308236,7769819.0,14.06114183196894,hist
LAO,2025,21142284373.38417,2721.07810663082,7769819.0,15.083787169643442,projected
LAO,2030,27371195874.795464,3368.1875947383,8126386.997432706,15.43584058978582,projected
LAO,2035,34184323615.90876,4062.366875482785,8414878.484318623,7.9478224445667545,projected
LAO,2040,42066638695.88122,4863.867270686382,8648804.820273155,8.647470288421978,projected
LAO,2045,51030930436.94811,5773.79055146657,8838375.757150736,8.963365948364643,projected
LAO,2050,60989719875.02084,6784.224238181583,8989932.781374026,9.488654363626498,projected
LAO,2055,71728146396.54874,7889.552731515181,9091535.2032603,9.470334159582753,projected
LAO,2060,83164358339.22699,9110.14299201002,9128765.422470937,9.45201395553901,projected
LAO,2065,95692266827.89821,10498.458263304905,9114887.579481063,9.187704298607711,projected
LAO,2070,109558449995.25641,12093.337153355253,9059405.903097626,8.92339464167641,projected
LBN,2012,46707037069.304596,8920.805698467304,5235742.0,3.4456708951213577,hist
LBN,2013,48494923363.2625,8443.538565287834,5743436.0,3.139434656274002,hist
LBN,2014,49699566407.4833,7830.415111333608,6346990.0,2.8393994988520506,hist
LBN,2015,49929337836.8159,7714.109999880401,6472469.0,2.782885236830986,hist
LBN,2016,50705514062.8608,8019.14169134261,6323060.0,2.8471399333034095,hist
LBN,2017,51163399287.7034,8305.574054257217,6160128.0,2.920902751923451,hist
LBN,2018,50199119756.20079,8388.723512383493,5984119.0,3.0052265050424203,hist
LBN,2019,46727888410.6848,8064.048734162358,5794594.0,3.101879308344154,hist
LBN,2020,36728167162.8739,6440.828430929217,5702398.0,3.1503640099450148,hist
LBN,2021,34156740537.1604,5973.41933892988,5718122.0,3.0606650437617247,hist
LBN,2022,33944395264.1769,5909.036515550278,5744489.0,2.965952726717264,hist
LBN,2023,33686219465.2748,5834.634157393938,5773493.0,2.870794076468054,hist
LBN,2025,,,5805962.0,2.695119755949948,projected
LBN,2030,,,5952275.115636882,2.6450607100350467,projected
LBN,2035,,,6058583.406995589,2.524223545112121,projected
LBN,2040,,,6127776.9785048645,2.5830789965973913,projected
LBN,2045,,,6162551.961389678,2.570324252506783,projected
LBN,2050,,,6166605.197565694,2.268858293398437,projected
LBN,2055,,,6144919.424462015,1.8077735834090545,projected
LBN,2060,,,6096287.4469018355,1.3466888734196722,projected
LBN,2065,,,6016451.875708371,1.16035181404664,projected
LBN,2070,,,5910031.63108168,0.9740147546736075,projected
LBR,2012,2949005327.42991,674.3600114222317,4373043.0,0.11234523246142063,hist
LBR,2013,3205193907.94462,717.0072803589741,4470239.0,0.12126014582694075,hist
LBR,2014,3227674916.86578,707.1576949301414,4564293.0,0.1298849862714263,hist
LBR,2015,3227075700.0,692.590082351257,4659431.0,0.13812940555751474,hist
LBR,2016,3176896008.3099995,668.0315131756023,4755608.0,0.14601197888655795,hist
LBR,2017,3254893758.7341504,671.2608998353553,4848925.0,0.1536726254811603,hist
LBR,2018,3292571599.13518,665.8754396371367,4944726.0,0.16096308190458375,hist
LBR,2019,3211334057.9282794,636.6993848248702,5043721.0,0.16787003816353327,hist
LBR,2020,3115556299.79146,605.025475431411,5149463.0,0.17428243243590713,hist
LBR,2021,3270920145.66908,621.9279830634247,5259323.0,0.1768420870535086,hist
LBR,2022,3428189426.39464,638.0051838582888,5373294.0,0.17915981783954799,hist
LBR,2023,3588757484.77383,653.3291883431624,5493031.0,0.1811908748864066,hist
LBR,2024,3733092094.5398,665.1013376241913,5612817.0,0.18313367620892843,hist
LBR,2025,3733092094.5398045,665.101337624192,5612817.0,0.18894336471824846,projected
LBR,2030,5671797126.605486,888.6009101589167,6382839.654745735,0.21820983245880232,projected
LBR,2035,8333605831.48485,1165.641259198732,7149374.4457994,0.2481450456898585,projected
LBR,2040,12034402995.766392,1522.5234674536232,7904247.949552847,0.31109143161685826,projected
LBR,2045,17165260040.546139,1986.7435487242024,8639897.208458988,0.3902625678821396,projected
LBR,2050,24130368202.337547,2584.966094394691,9334887.70110466,0.4914647031543754,projected
LBR,2055,33390939453.891342,3348.26874148203,9972598.387999063,0.41902907839139253,projected
LBR,2060,45507593600.1592,4309.908056664589,10558831.650663389,0.3465934536284096,projected
LBR,2065,60922872107.336365,5498.9958650087265,11078908.514007345,0.30503495140307546,projected
LBR,2070,80006148240.25136,6944.138455764594,11521393.006476592,0.2634764491777413,projected
LBY,2012,77854953189.632,12599.258882136051,6179328.0,5.884681958944403,hist
LBY,2013,63842648630.664,10126.31492780605,6304628.0,5.68839588949578,hist
LBY,2014,49131511071.1064,7644.2484394740395,6427252.0,5.502049709580393,hist
LBY,2015,48717501321.3052,7458.489177563738,6531819.0,5.337395295246239,hist
LBY,2016,47991152062.80309,7236.16409923501,6632126.0,5.181255603406811,hist
LBY,2017,63584342257.9606,9435.60060040046,6738770.0,5.025038694004989,hist
LBY,2018,68633808773.51881,10020.916575136103,6849055.0,4.871098275601525,hist
LBY,2019,60949510655.8708,8768.410487458597,6951033.0,4.727680044102797,hist
LBY,2020,42996651437.74801,6102.798640325127,7045399.0,4.5933665360897225,hist
LBY,2021,55164567212.7209,7731.354481525807,7135175.0,4.087347542281724,hist
LBY,2022,50586008471.7998,7002.681892963583,7223805.0,3.594474103329201,hist
LBY,2023,55745806520.295,7630.496649281741,7305659.0,3.116436176394217,hist
LBY,2024,56804949261.2974,7696.080781931909,7381023.0,2.651320826394932,hist
LBY,2025,56804949261.29734,7696.0807819319,7381023.0,2.218025875275013,projected
LBY,2030,67572066952.228386,8715.771508053262,7752849.7494218,2.6928245583301935,projected
LBY,2035,78579779302.9021,9690.463654059282,8108980.344814097,2.623023935841956,projected
LBY,2040,89595887857.10463,10592.248667583928,8458627.687933736,3.109961857590743,projected
LBY,2045,99765717000.44412,11355.560577145372,8785626.770486025,2.8024977025542395,projected
LBY,2050,109344337605.64351,12071.47753430277,9058074.067149317,2.0199909958280853,projected
LBY,2055,119544566796.24277,12922.455160344514,9250917.516285326,1.8520738927381746,projected
LBY,2060,130919106383.85226,13973.438123495398,9369140.595664898,1.684156789648264,projected
LBY,2065,143525861220.3957,15206.70090082229,9438329.993893327,1.7287508791125565,projected
LBY,2070,156731352225.8295,16553.704454700823,9468053.06659452,1.773344968576849,projected
LCA,2012,1815145417.37838,10517.277763553338,172587.0,,hist
LCA,2013,1782131987.48386,10279.415509600101,173369.0,,hist
LCA,2014,1805800308.13675,10369.938256651334,174138.0,,hist
LCA,2015,1807640740.74074,10334.986082391813,174905.0,,hist
LCA,2016,1869604354.1788197,10644.16129134065,175646.0,,hist
LCA,2017,1932793731.46772,10960.48435124769,176342.0,,hist
LCA,2018,1988589215.44077,11233.888357845686,177017.0,,hist
LCA,2019,1974662679.7946403,11114.778594033807,177661.0,,hist
LCA,2020,1493605760.01109,8379.274950973857,178250.0,,hist
LCA,2021,1666845859.70761,9336.921274171305,178522.0,,hist
LCA,2022,2006689780.75964,11224.289945573859,178781.0,,hist
LCA,2023,2051035272.37698,11440.082953827594,179285.0,,hist
LCA,2024,2130856442.55709,11854.951723323671,179744.0,,hist
LCA,2025,2130856442.5570953,11854.9517233237,179744.0,,projected
LCA,2030,2474095949.5622897,13392.58460595383,184736.25684338788,,projected
LCA,2035,2859973904.642665,15152.443217267455,188746.71652842688,,projected
LCA,2040,3304479725.8264112,17226.356490563932,191826.9674516781,,projected
LCA,2045,3807613413.1135263,19645.96927037747,193811.43076787313,,projected
LCA,2050,4360847276.888975,22403.24550155348,194652.47910560932,,projected
LCA,2055,4967379200.758404,25531.632338209907,194557.83848666688,,projected
LCA,2060,5631473029.529329,29087.44501716482,193604.9393890091,,projected
LCA,2065,6354194724.403613,33132.972582740505,191778.58879204863,,projected
LCA,2070,7129148518.170005,37686.134577402205,189171.6568471012,,projected
LKA,2012,73771125924.02751,3484.790490338841,21169458.0,5.648936118342693,hist
LKA,2013,76760144811.4596,3728.935866478484,20585000.0,5.5589358557703745,hist
LKA,2014,81655890649.0473,3929.9206203218455,20778000.0,5.259239256912488,hist
LKA,2015,85090301052.0465,4057.715834623104,20970000.0,4.965295754373972,hist
LKA,2016,89390445684.9413,4214.741179920849,21209000.0,4.666322347037424,hist
LKA,2017,95165677467.0656,4436.00789945768,21453000.0,4.372992558029702,hist
LKA,2018,97364084798.83258,4493.0357544454355,21670000.0,4.091351547600635,hist
LKA,2019,97149412680.2905,4455.781896082672,21803000.0,3.8299943459890957,hist
LKA,2020,92656723482.0524,4227.233153065943,21919000.0,3.5745766419405434,hist
LKA,2021,96555233343.7041,4357.972257794913,22156000.0,3.8990497816062617,hist
LKA,2022,89459202881.05762,4033.145614762978,22181000.0,4.256956336857756,hist
LKA,2023,87374939262.0939,3964.919873943545,22037000.0,4.649441850270703,hist
LKA,2024,91751304716.6408,4186.498663836503,21916000.0,5.041793739778657,hist
LKA,2025,91751304716.64073,4186.4986638365,21916000.0,5.408475686601688,projected
LKA,2030,114936474194.50455,5144.8578182016245,22340068.133249283,5.534708730187521,projected
LKA,2035,139205354264.01,6134.655386281625,22691633.92214375,2.8497885822319384,projected
LKA,2040,164986361450.4137,7188.949344264308,22949996.38327509,3.100655841900634,projected
LKA,2045,191676827921.0971,8309.185138450452,23068065.60779583,3.213924079982203,projected
LKA,2050,219830303690.49738,9534.100873005083,23057266.397602983,3.402272641947788,projected
LKA,2055,250146912579.6875,10902.833498225751,22943293.834615983,3.3957037095550273,projected
LKA,2060,282942801815.22314,12434.88192047318,22753959.677685175,3.3891347771622677,projected
LKA,2065,317447289440.3857,14098.438553841865,22516485.653929412,3.2943633290392187,projected
LKA,2070,351568190294.9817,15814.509188136492,22230736.73122377,3.1995918809161688,projected
LSO,2012,2210102550.34645,1086.390348162832,2034354.0,0.1757256639015187,hist
LSO,2013,2249719203.36981,1093.953234892716,2056504.0,0.1793271328594809,hist
LSO,2014,2288201773.07605,1100.0499368421495,2080089.0,0.18272570299030358,hist
LSO,2015,2359686724.53829,1121.198513425184,2104611.0,0.18596523708216928,hist
LSO,2016,2444845631.39553,1147.5874880167075,2130422.0,0.18901571724009847,hist
LSO,2017,2368122098.53455,1097.821668127518,2157110.0,0.1919151091633847,hist
LSO,2018,2333058897.5103,1068.44462913373,2183603.0,0.19476102565382652,hist
LSO,2019,2299976266.2734594,1040.9935101411736,2209405.0,0.19760049365060559,hist
LSO,2020,2112391171.3304098,944.8341283754277,2235727.0,0.20032780274490575,hist
LSO,2021,2160272945.18777,955.2212363015013,2261542.0,0.2208427043650958,hist
LSO,2022,2211855514.87917,967.519285983251,2286110.0,0.2410259459006937,hist
LSO,2023,2252257815.5338597,974.3824781497937,2311472.0,0.2606904167780627,hist
LSO,2024,2316549022.3524,991.0696619107453,2337423.0,0.27985750671513443,hist
LSO,2025,2316549022.352397,991.069661910744,2337423.0,0.3019188853649498,projected
LSO,2030,2936872290.4470825,1222.5085848057324,2402332.6518510934,0.3312380969693216,projected
LSO,2035,3710681473.0310216,1513.914123568169,2451051.493122513,0.35283055045446493,projected
LSO,2040,4732920179.800494,1901.3061282910385,2489299.3870769306,0.45511751551113233,projected
LSO,2045,6048996224.088502,2400.502982352191,2519886.9855855154,0.5074421280962043,projected
LSO,2050,7692684012.506358,3027.1038462846373,2541268.6194918924,0.6019832312193507,projected
LSO,2055,9706764460.095121,3803.985526966942,2551735.381557743,0.5833459908528397,projected
LSO,2060,12134769024.264887,4752.759637794392,2553204.8639211757,0.5647087504863286,projected
LSO,2065,15027359314.932663,5902.5985762907085,2545888.7506417735,0.5906686298235729,projected
LSO,2070,18425064620.032055,7274.563621913838,2532806.856555428,0.6166285091608174,projected
LTU,2012,37413912227.1865,12516.61840656674,2989139.0,4.25026937897595,hist
LTU,2013,38928020774.4147,13145.806930996945,2961250.0,4.197350276604272,hist
LTU,2014,40396597406.9714,13753.189598230523,2937253.0,4.137934679779376,hist
LTU,2015,41540954817.20391,14269.803987828662,2911109.0,4.080547515526772,hist
LTU,2016,42650896790.5078,14823.107153522038,2877325.0,4.032799959257029,hist
LTU,2017,44618059836.15029,15695.999328845588,2842639.0,3.985181969346387,hist
LTU,2018,46812540124.5928,16604.902144080872,2819200.0,3.9206836100852915,hist
LTU,2019,49002127329.2631,17431.723908159114,2811089.0,3.83408308272846,hist
LTU,2020,49023107998.6089,17443.655263279983,2810369.0,3.7371271617128126,hist
LTU,2021,52150790162.9131,18569.705724621705,2808380.0,3.512813178886819,hist
LTU,2022,53474129886.9706,18884.51525316984,2831639.0,3.2588625267234477,hist
LTU,2023,53657151896.4273,18685.552367917822,2871585.0,2.9915639541560313,hist
LTU,2024,55144866855.2473,19092.64511769549,2888278.0,2.753591630820038,hist
LTU,2025,55144866855.24733,19092.6451176955,2888278.0,2.532909255711579,projected
LTU,2030,59526640636.44371,21108.53202054635,2820027.4930773224,1.6368109906518638,projected
LTU,2035,64120188539.97445,23384.437988344027,2742002.5476744473,1.1638775914717998,projected
LTU,2040,68671938919.360435,25799.712329978793,2661732.737212147,0.9854560896623481,projected
LTU,2045,72648973341.75305,28112.43232574872,2584229.3722557924,0.5173784676519068,projected
LTU,2050,75410396436.92987,30072.63699454701,2507608.376698187,0.24715416664454773,projected
LTU,2055,77274566013.79507,31823.31403176834,2428237.547373413,0.13116896730466862,projected
LTU,2060,79261341661.48544,33798.132239305465,2345139.6988532,0.01518376796478954,projected
LTU,2065,82022068131.2598,36257.795462929345,2262191.2635345054,0.015412251477255582,projected
LTU,2070,85224455106.16592,39056.09305764026,2182103.95444288,0.015640734989721627,projected
LUX,2012,55477349891.7792,104487.74431256512,530946.0,19.902630636780692,hist
LUX,2013,57236974872.2606,105338.95552168101,543360.0,19.09242872977172,hist
LUX,2014,58738350400.0169,105583.93727342927,556319.0,18.300475128732547,hist
LUX,2015,60071584216.1375,105462.01258442269,569604.0,17.534536224594568,hist
LUX,2016,63062061883.63,108351.45182698354,582014.0,16.82877374119276,hist
LUX,2017,63892707251.4305,107142.12667259815,596336.0,16.10069133632577,hist
LUX,2018,64922207640.6436,106788.72874519878,607950.0,15.475387478035637,hist
LUX,2019,66707126419.27331,107591.9658504959,620001.0,14.863043391549958,hist
LUX,2020,66366885630.9508,105274.24717679956,630419.0,14.311024436663498,hist
LUX,2021,70965934440.7674,110873.18524517454,640064.0,13.07355714926572,hist
LUX,2022,70187142285.2316,107467.18708263719,653103.0,11.811130636420687,hist
LUX,2023,70256936375.5582,105422.82966786939,666430.0,10.593545339929037,hist
LUX,2024,70508886559.2138,104147.17399280044,677012.0,9.46191203367083,hist
LUX,2025,70508886559.21352,104147.1739928,677012.0,8.495860573505645,projected
LUX,2030,77591277967.05005,107556.06936442944,721403.0637745745,6.800359717731992,projected
LUX,2035,84506132012.42853,110443.40033193678,765153.2980553479,4.056499661532852,projected
LUX,2040,91428145774.15157,113208.93984931023,807605.3525088162,1.6622177800164477,projected
LUX,2045,98086681974.40224,115629.7135537334,848282.6685272477,0.2874793965609032,projected
LUX,2050,104624934940.06767,117994.01404164488,886696.9717899526,0.15179625594059604,projected
LUX,2055,111310678062.42683,120682.82967999652,922340.6375006208,0.09056203651389488,projected
LUX,2060,118046539199.19658,123613.85483957246,954962.0416934557,0.02932781708719388,projected
LUX,2065,124402935369.71542,126672.59144956288,982082.5006114194,0.030150754291089522,projected
LUX,2070,130501581751.83759,130044.85882309574,1003512.0414053672,0.03097369149498532,projected
LVA,2012,24352854611.1188,11971.010746652222,2034319.0,3.3575818939588187,hist
LVA,2013,24863312429.9055,12353.538613530092,2012647.0,3.320211727975929,hist
LVA,2014,25384188823.064,12731.677195934159,1993782.0,3.2774073125420577,hist
LVA,2015,26344565876.8902,13321.975314061554,1977527.0,3.2295170883400783,hist
LVA,2016,27016796481.3321,13787.336744002334,1959537.0,3.183649388550993,hist
LVA,2017,27935083541.205,14382.861272713371,1942248.0,3.1357994986387983,hist
LVA,2018,29139005429.8548,15120.06981718039,1927174.0,3.0835419310199117,hist
LVA,2019,29335802338.5259,15328.385993329526,1913822.0,3.02773370256509,hist
LVA,2020,28318076614.1623,14900.729571886592,1900449.0,2.9711741292977005,hist
LVA,2021,30284070900.4111,16070.168003232226,1884490.0,2.814493112166266,hist
LVA,2022,30862052747.7596,16421.374859599986,1879383.0,2.639804311863377,hist
LVA,2023,30571453786.1231,16229.384452024515,1883710.0,2.4518225040687005,hist
LVA,2024,30557357896.8573,16374.773539624,1866124.0,2.2912956433954945,hist
LVA,2025,30557357896.8573,16374.773539624,1866124.0,2.1076632706788483,projected
LVA,2030,34134465021.501125,18753.997373848524,1820116.7644984245,1.362009475176092,projected
LVA,2035,37283386501.60869,20998.088163775265,1775561.0039740626,0.9684760895321244,projected
LVA,2040,40147935448.79484,23145.3053040151,1734603.839588594,0.8200094813363661,projected
LVA,2045,42764553194.5094,25237.77353480304,1694466.1594469426,0.43051664438869996,projected
LVA,2050,44947779391.19485,27178.823049410796,1653779.4631312876,0.20565985854302118,projected
LVA,2055,46872011839.36145,29068.302957793567,1612478.441119126,0.10914722429061434,projected
LVA,2060,49223779194.002686,31334.65298467432,1570905.5153116863,0.012634590038207482,projected
LVA,2065,51823477750.115456,33945.106641480714,1526684.7825066922,0.012824713828112067,projected
LVA,2070,54203877579.46724,36610.42719761776,1480558.4563895578,0.013014837618016702,projected
MAC,2012,52924239876.4531,93192.88585394101,567900.0,,hist
MAC,2013,58630357383.348305,99054.49802897162,591900.0,,hist
MAC,2014,57435035498.6827,92383.84349152759,621700.0,,hist
MAC,2015,44940613353.1038,69902.9605741232,642900.0,,hist
MAC,2016,44625350360.84791,68391.34154919219,652500.0,,hist
MAC,2017,49051541817.7349,75650.12618404519,648400.0,,hist
MAC,2018,52170812899.485,79178.650629056,658900.0,,hist
MAC,2019,50886936460.4335,75724.60782802604,672000.0,,hist
MAC,2020,23203378176.6445,33853.77615501094,685400.0,,hist
MAC,2021,28415367854.0484,41634.23861399033,682500.0,,hist
MAC,2022,23028683194.510296,34000.713412830795,677300.0,,hist
MAC,2023,40371220293.3995,59474.396425161314,678800.0,,hist
MAC,2024,43540200437.277,63377.293212921395,687000.0,,hist
MAC,2025,43540200437.277,63377.2932129214,687000.0,,projected
MAC,2030,46931797228.369705,65104.70165235908,720866.4817937788,,projected
MAC,2035,50282277677.52428,66763.74376873802,753137.4791038733,,projected
MAC,2040,53361991972.45204,68226.28115561455,782132.5018542466,,projected
MAC,2045,56130826608.82301,69529.81830925698,807291.4322767608,,projected
MAC,2050,58515574441.23533,70616.60947206181,828637.5525348036,,projected
MAC,2055,60582422751.83323,71632.24995146437,845742.2849747406,,projected
MAC,2060,62612166070.92591,72903.81105666117,858832.5515968356,,projected
MAC,2065,64338049594.719734,74302.57357196686,865892.6131596796,,projected
MAC,2070,65558502963.956856,75580.4060481921,867400.777420473,,projected
MAR,2012,98936909179.3524,2966.157827471623,33355241.0,1.3594703153246592,hist
MAR,2013,103015299181.348,3048.9110679589253,33787571.0,1.3840056747494516,hist
MAR,2014,105816536606.04,3093.618395032507,34204780.0,1.4085434842732507,hist
MAR,2015,110413823841.592,3190.4512918262894,34607588.0,1.4330860041445246,hist
MAR,2016,110989284688.174,3168.9985568293273,35023457.0,1.4565204114488184,hist
MAR,2017,116603009678.139,3289.5593345054417,35446392.0,1.479109919001065,hist
MAR,2018,120177639735.159,3353.1932059578244,35839760.0,1.5024051500344866,hist
MAR,2019,123651944968.713,3414.771568733617,36210898.0,1.5261308902087984,hist
MAR,2020,114775951852.21301,3137.3086401709998,36584208.0,1.5492832317157172,hist
MAR,2021,124135631043.727,3359.153171457088,36954442.0,1.4341723790606824,hist
MAR,2022,126385828220.594,3385.7218659592963,37329064.0,1.3211898374949878,hist
MAR,2023,131006044306.041,3473.8091332315635,37712505.0,1.2101694119762132,hist
MAR,2024,135975581947.965,3570.6773514556653,38081173.0,1.1018111233075725,hist
MAR,2025,133899270776.82904,3516.15405273438,38081173.0,1.0051686170486398,projected
MAR,2030,171202755971.96408,4403.522763315175,38878589.97760119,1.0638931736687838,projected
MAR,2035,214362197882.57404,5440.376213772549,39402090.85906721,0.9565829287874089,projected
MAR,2040,263911237212.22052,6648.213900425452,39696562.2895093,1.0529980260849634,projected
MAR,2045,318220769802.8437,8001.930833065459,39767998.05465658,1.0141257991186354,projected
MAR,2050,375673964323.47046,9477.7997114944,39637255.03376739,0.7916667903060655,projected
MAR,2055,435813089778.79724,11085.956901536583,39312176.08453726,0.7193331465918867,projected
MAR,2060,498154051322.75,12839.9661916577,38797146.650308736,0.6469995028777081,projected
MAR,2065,563859131135.0577,14776.504571142175,38159168.72764675,0.6678103114103129,projected
MAR,2070,631822411130.7454,16878.938916832514,37432590.652997784,0.6886211199429177,projected
MDA,2012,6833561915.89765,2389.086661475291,2860324.0,2.8790887444803084,hist
MDA,2013,7451580071.77113,2605.8502998614226,2859558.0,2.9181102508097694,hist
MDA,2014,7824131195.57662,2737.8018505664713,2857815.0,2.95816362892744,hist
MDA,2015,7797667196.73087,2749.5513705433787,2835978.0,3.0195097669380577,hist
MDA,2016,8159947934.63828,2910.9548687237593,2803186.0,3.0938518344625177,hist
MDA,2017,8500675703.95748,3085.333058442626,2755189.0,3.1874477674881243,hist
MDA,2018,8847128857.51461,3267.996104287196,2707203.0,3.284349162466215,hist
MDA,2019,9161406662.06896,3438.677326707124,2664224.0,3.378386646278322,hist
MDA,2020,8403210632.93021,3188.916916026993,2635130.0,3.45719477327965,hist
MDA,2021,9573777856.36482,3688.167294421439,2595809.0,3.6071232199088796,hist
MDA,2022,9133384072.52763,3611.9548473328614,2528654.0,3.8030700023745814,hist
MDA,2023,9242984685.904167,3760.7000642058993,2457783.0,4.0157708915801535,hist
MDA,2024,9252510447.17039,3851.512025183465,2402306.0,4.213925571786687,hist
MDA,2025,9252510447.1704,3851.51202518347,2402306.0,4.319343139505389,projected
MDA,2030,11324743876.397755,4998.747212444668,2265516.4174343836,4.133186183459016,projected
MDA,2035,13514648029.428432,6344.355843105624,2130184.4290645714,4.132361642289113,projected
MDA,2040,15664856034.670034,7847.959616247963,1996041.8759340225,4.032703239536288,projected
MDA,2045,17601933532.139328,9445.429988059388,1863539.675207072,4.156558609944267,projected
MDA,2050,19194977748.770004,11068.742931187831,1734160.5878916292,4.026769351363138,projected
MDA,2055,20469980209.900043,12712.834206777685,1610182.267537693,4.065911492656273,projected
MDA,2060,21702451084.113277,14544.378273478897,1492153.9220199496,4.1050536339494075,projected
MDA,2065,23085200232.099422,16677.64548260805,1384200.2011718836,4.022646436980199,projected
MDA,2070,24389502230.883347,18985.169331340596,1284660.7688992962,3.940239240010989,projected
MDG,2012,10385448752.8756,442.6415001235422,23462438.0,0.1563034497949446,hist
MDG,2013,10624353147.158703,440.6746589036302,24109290.0,0.14867049174820163,hist
MDG,2014,10979121878.0735,443.34386990820434,24764348.0,0.14138954920194144,hist
MDG,2015,11323020701.3017,445.3200694805681,25426702.0,0.13444527725223665,hist
MDG,2016,11775165456.5346,451.15659433146084,26099952.0,0.127800235034915,hist
MDG,2017,12238318933.7165,456.8518595740316,26788375.0,0.12142057888916366,hist
MDG,2018,12629254472.2012,459.3303677995424,27494926.0,0.11528454377364027,hist
MDG,2019,13186360203.1442,467.27741349647835,28219554.0,0.10938585351136308,hist
MDG,2020,12245161113.1284,422.9242554223184,28953556.0,0.10374891429570862,hist
MDG,2021,12814644792.206902,431.59910307774567,29691083.0,0.12634837200111562,hist
MDG,2022,13347233960.4257,438.51626335318736,30437261.0,0.14781027767248833,hist
MDG,2023,13908224364.653002,445.8345519105825,31195932.0,0.16817769701511082,hist
MDG,2024,14492369787.952602,453.38306700477244,31964956.0,0.18751722980629165,hist
MDG,2025,14492369787.952589,453.383067004772,31964956.0,0.21090283997262502,projected
MDG,2030,20016454954.004955,565.685640738241,35384414.085326135,0.24855970394578364,projected
MDG,2035,27560523165.802475,711.3901221056949,38741785.00570699,0.3296485063204842,projected
MDG,2040,38050824466.31038,905.6892394545744,42013113.11728227,0.4637297170063366,projected
MDG,2045,52491034111.06047,1163.71870442562,45106290.64518528,0.5489136290380002,projected
MDG,2050,71998520167.72089,1500.6380576210174,47978604.7022299,0.6954741311078294,projected
MDG,2055,97711840762.13686,1928.2479131320388,50673899.39679708,0.7431169309289836,projected
MDG,2060,130813971642.09885,2460.6305785626773,53162783.87408764,0.7907597307501377,projected
MDG,2065,172425540884.2255,3112.5566296278266,55396756.2366384,0.8020032938571854,projected
MDG,2070,223780869377.273,3899.594294106161,57385679.76558355,0.8132468569642329,projected
MDV,2012,3445643747.5744004,8907.66134868181,386818.0,,hist
MDV,2013,3685976098.72391,9213.32791442475,400070.0,,hist
MDV,2014,3975719121.7691803,9612.078618067391,413617.0,,hist
MDV,2015,4129505319.12921,9644.906550281465,428154.0,,hist
MDV,2016,4392772972.49748,9909.076697234159,443308.0,,hist
MDV,2017,4703536561.40931,10263.299114767187,458287.0,,hist
MDV,2018,5106580520.20896,10793.894132536656,473099.0,,hist
MDV,2019,5460112147.97969,11194.925374806378,487731.0,,hist
MDV,2020,3663253190.2621303,7295.602209564545,502118.0,,hist
MDV,2021,5037261439.19069,9759.221936070804,516154.0,,hist
MDV,2022,5733717715.04974,10939.996327173778,524106.0,,hist
MDV,2023,6017127527.21638,11439.536434287045,525994.0,,hist
MDV,2024,6227390285.843911,11798.79136914604,527799.0,,hist
MDV,2025,6227390285.843889,11798.791369146,527799.0,,projected
MDV,2030,7471034960.200337,13493.451345617008,553678.5785074258,,projected
MDV,2035,8893434458.757915,15450.318135615822,575614.973147829,,projected
MDV,2040,10526672980.732191,17681.15036711678,595361.3176838079,,projected
MDV,2045,12306582127.691973,20068.40163705383,613231.803422221,,projected
MDV,2050,14150659673.08294,22515.95989643049,628472.4141530505,,projected
MDV,2055,16043627426.80242,25066.867342821304,640033.2042845802,,projected
MDV,2060,18078682348.47662,27937.788613345572,647104.9873947658,,projected
MDV,2065,20352077035.752293,31324.30279057792,649721.6289798482,,projected
MDV,2070,22816449099.31124,35193.19176049376,648319.9720726644,,projected
MEX,2012,1142776194808.08,9782.517763053514,116818208.0,4.129464475263993,hist
MEX,2013,1152513808584.62,9738.710598036618,118343573.0,4.123068094285103,hist
MEX,2014,1181370028689.69,9862.481254442017,119784261.0,4.119744746766021,hist
MEX,2015,1213294467716.88,10021.23861188272,121072306.0,4.121690306286889,hist
MEX,2016,1234800030119.7,10100.502121401505,122251351.0,4.127271526021827,hist
MEX,2017,1257912134612.3,10193.772719345665,123400057.0,4.133762191049879,hist
MEX,2018,1282719194577.95,10296.869092853387,124573711.0,4.139303998096356,hist
MEX,2019,1277682078094.17,10159.444836431836,125762982.0,4.144227671064606,hist
MEX,2020,1170944075446.26,9234.64362317924,126799054.0,4.154072001199631,hist
MEX,2021,1241768434200.36,9728.056800325534,127648148.0,4.0056502817416515,hist
MEX,2022,1287835026749.81,10013.247923614277,128613117.0,3.8557130996210907,hist
MEX,2023,1331023107619.63,10259.176661640244,129739759.0,3.7033884115662645,hist
MEX,2024,1350022500028.81,10316.461190221546,130861007.0,3.5538329611050603,hist
MEX,2025,1350022500028.804,10316.4611902215,130861007.0,3.4360090168036077,projected
MEX,2030,1563670111825.7598,11517.810756778774,135761052.5859236,3.3316463780536245,projected
MEX,2035,1792960824271.1543,12816.753324067584,139891966.314456,3.319179715619948,projected
MEX,2040,2036070302433.7817,14212.665874992754,143257452.21494696,3.375225440531724,projected
MEX,2045,2299500047028.9536,15767.393171099917,145838948.9039768,3.540529838655452,projected
MEX,2050,2588478685186.832,17531.597294955616,147646483.18334448,3.686085038303274,projected
MEX,2055,2900124670213.967,19504.212954309765,148692217.26648232,3.646856393211157,projected
MEX,2060,3227509280012.1626,21668.259254981876,148951018.26281255,3.6076277481190404,projected
MEX,2065,3579152914698.6255,24041.52338098838,148873798.80132544,3.5323207470044915,projected
MEX,2070,3949540374775.2393,26577.338869548938,148605561.8345009,3.4570137458899426,projected
MHL,2012,175900000.0,3420.9144479667048,51419.0,,hist
MHL,2013,182600000.0,3602.9281190189618,50681.0,,hist
MHL,2014,180300000.0,3620.7727528315527,49796.0,,hist
MHL,2015,183700000.0,3764.344262295082,48800.0,,hist
MHL,2016,188300000.0,3946.844410907795,47709.0,,hist
MHL,2017,195000000.0,4190.934685894818,46529.0,,hist
MHL,2018,205700000.0,4542.342939163078,45285.0,,hist
MHL,2019,227200000.00000003,5162.815006703479,44007.0,,hist
MHL,2020,220900000.0,5172.575282161757,42706.0,,hist
MHL,2021,225670074.462891,5455.316422822322,41367.0,,hist
MHL,2022,224089111.328125,5591.464214590039,40077.0,,hist
MHL,2023,212866912.841797,5482.44553639985,38827.0,,hist
MHL,2024,218192687.988281,5811.033556734873,37548.0,,hist
MKD,2012,9085697011.49163,4708.051685359228,1929821.0,3.777912179938978,hist
MKD,2013,9351477059.69398,4863.680886669679,1922716.0,3.7097228572509664,hist
MKD,2014,9690853712.45803,5053.750012363664,1917557.0,3.6373326714159107,hist
MKD,2015,10064519962.5655,5262.686719286719,1912430.0,3.564492272973343,hist
MKD,2016,10351178142.8536,5429.946783583598,1906313.0,3.493073377668064,hist
MKD,2017,10463154366.0785,5510.818629209226,1898657.0,3.423967795132386,hist
MKD,2018,10764555646.4726,5698.393344844899,1889051.0,3.3577651710847407,hist
MKD,2019,11185494933.6944,5961.584753991927,1876262.0,3.296468662906849,hist
MKD,2020,10661068595.4055,5743.726494245805,1856124.0,3.2471365698644385,hist
MKD,2021,11141955229.994,6064.923151200198,1837114.0,3.0816345691278975,hist
MKD,2022,11449348867.2054,6250.627209520602,1831712.0,2.891033034153074,hist
MKD,2023,11741875752.5034,6423.992213933679,1827816.0,2.6970798987865097,hist
MKD,2024,12093396439.499998,6628.84686594031,1824359.0,2.5016960387216165,hist
MKD,2025,12093396439.500015,6628.84686594032,1824359.0,2.301201449238827,projected
MKD,2030,14476339048.942799,7811.242825936509,1853269.623225059,1.4870772868489266,projected
MKD,2035,17129731469.256926,9108.395485390143,1880653.01915502,1.0574073248743652,projected
MKD,2040,19924876893.889816,10453.351613175397,1906075.4513199877,0.8953076295878354,projected
MKD,2045,22704727915.42512,11766.131331635084,1929668.0680743305,0.4700492435253288,projected
MKD,2050,25415940640.132458,13033.711722931115,1950015.558148062,0.2245447700841798,projected
MKD,2055,28168933197.691593,14328.941460352324,1965876.7729377665,0.11916977166711205,projected
MKD,2060,30997651702.29468,15685.159483054396,1976240.773055784,0.013794773250044315,projected
MKD,2065,33765565628.72948,17124.440909517856,1971776.2353317123,0.014002355337254292,projected
MKD,2070,36349573683.77183,18606.92768889217,1953550.5426546873,0.01420993742446421,projected
MLI,2012,13333713052.1336,786.3234713368547,16957033.0,0.23424874050286237,hist
MLI,2013,13772483870.1848,788.8194482057479,17459615.0,0.251016865011338,hist
MLI,2014,14668058747.8609,813.9756612852019,18020267.0,0.2659867370607989,hist
MLI,2015,15583181170.4105,838.1198694010312,18593022.0,0.2798709224882243,hist
MLI,2016,16518961030.4362,860.7530755456916,19191289.0,0.292535869668437,hist
MLI,2017,17406945659.5769,878.5613483774324,19813011.0,0.3040746616636294,hist
MLI,2018,18254289663.8519,892.9783227914203,20442030.0,0.3147989125860898,hist
MLI,2019,19167003985.6926,909.7510697033117,21068405.0,0.3249236481708836,hist
MLI,2020,18942920941.9796,872.3894268142948,21713836.0,0.3341702135187511,hist
MLI,2021,19530329790.3727,872.3325094198573,22388630.0,0.3358742356642184,hist
MLI,2022,20253575064.0318,877.8178424329335,23072640.0,0.3373437441578787,hist
MLI,2023,21210639746.3918,892.3609077603818,23769127.0,0.33855082442004225,hist
MLI,2024,22269531976.235,909.7553179108115,24478595.0,0.33950904118404396,hist
MLI,2025,22269531976.23504,909.755317910813,24478595.0,0.3502795440003963,projected
MLI,2030,30755207336.88689,1122.616259279178,27396010.95447748,0.40453625203536975,projected
MLI,2035,42224656568.24363,1394.465109615912,30280181.46676605,0.46003273827485847,projected
MLI,2040,57968592873.580414,1753.0561833078486,33067162.03709983,0.5767281903319421,projected
MLI,2045,79306832346.88878,2220.309855973352,35718812.909616075,0.7235024872242932,projected
MLI,2050,107788376346.55212,2824.6419406235527,38160014.122978486,0.9111197546942922,projected
MLI,2055,145095371955.98224,3592.3849763787493,40389705.699705794,0.7768323313217003,projected
MLI,2060,192888139090.55215,4551.715187459726,42377022.97849647,0.6425449079491086,projected
MLI,2065,252875745007.5872,5723.436989869939,44182498.28820665,0.5655001637182806,projected
MLI,2070,326490051930.3366,7124.963589155568,45823399.35424587,0.4884554194874526,projected
MLT,2012,9042950074.18784,21529.398216756596,420028.0,5.086590185918623,hist
MLT,2013,9611962674.48564,22626.498139134295,424810.0,4.937399466160184,hist
MLT,2014,10345486496.085,23866.06678513014,433481.0,4.74854268544178,hist
MLT,2015,11340795042.0881,25529.68133377178,444220.0,4.5458317870345075,hist
MLT,2016,11803273067.5598,25969.51203520269,454505.0,4.357038450721004,hist
MLT,2017,13334316042.9201,28546.65973659105,467106.0,4.155892079428288,hist
MLT,2018,14292948664.828197,29536.805237471555,483903.0,3.9309293190203625,hist
MLT,2019,14876823596.3021,29522.66188600807,503912.0,3.697341708215703,hist
MLT,2020,14362489738.433102,27861.820284453825,515490.0,3.5385385157401146,hist
MLT,2021,16288744391.3981,31436.34930309389,518150.0,3.2651701935265276,hist
MLT,2022,16693210193.3434,31430.61870702355,531113.0,2.9365024996049223,hist
MLT,2023,18466282602.6508,33408.20050158716,552747.0,2.5823412309240354,hist
MLT,2024,19721971907.7513,34670.08159971188,568847.0,2.2767951394073744,hist
MLT,2025,19721971907.751316,34670.0815997119,568847.0,2.044336703829616,projected
MLT,2030,22227766437.150215,38680.58909835837,574649.118725381,1.6363527684950512,projected
MLT,2035,24967177202.36603,43257.6310717749,577173.9363382944,0.9761049013687081,projected
MLT,2040,27654507915.011185,47934.82399098109,576918.9414404519,0.39997511588677515,projected
MLT,2045,30126078409.863663,52375.79037490598,575190.9077499576,0.06917541512121818,projected
MLT,2050,32367008671.903294,56491.78671747272,572950.698723294,0.03652633595365432,projected
MLT,2055,34441282765.71687,60372.27687720061,570481.7599603157,0.02179170592750423,projected
MLT,2060,36488772832.4941,64293.052443660694,567538.3489447607,0.007057075901354143,projected
MLT,2065,38577926941.32794,68582.8100352902,562501.4040905754,0.007255097127846152,projected
MLT,2070,40686425069.68795,73309.50360908506,554995.2334508208,0.007453118354338162,projected
MMR,2012,47501220127.3631,953.123081936484,49837446.0,3.529060762417372,hist
MMR,2013,51503673422.1907,1024.6906047465834,50262658.0,3.348386593758287,hist
MMR,2014,55711475877.0092,1099.2438775160485,50681634.0,3.1711338519594863,hist
MMR,2015,59607290408.4359,1166.7330554793555,51089056.0,2.9974654510387504,hist
MMR,2016,63101751664.1065,1225.3791397266773,51495696.0,2.826587979747805,hist
MMR,2017,66973743449.82569,1290.5640902745793,51894938.0,2.658767033472711,hist
MMR,2018,71172235146.7291,1361.5683126598535,52272247.0,2.49455481404259,hist
MMR,2019,75854734834.642,1440.9898823870794,52640713.0,2.3330880877475297,hist
MMR,2020,68991135074.4517,1301.3138635245011,53016522.0,2.173564977857273,hist
MMR,2021,60700903303.7127,1136.9956605569769,53387102.0,2.3798648874260655,hist
MMR,2022,63151698290.198,1174.766979473643,53756787.0,2.583363539109361,hist
MMR,2023,63756973611.1702,1177.7664964717642,54133798.0,2.783705616585452,hist
MMR,2024,63137226235.74149,1158.4792809931546,54500091.0,2.9818627562279953,hist
MMR,2025,63137226235.74179,1158.47928099316,54500091.0,3.19872907346468,projected
MMR,2030,75946024983.3137,1384.6748964868636,54847549.54105157,3.273386949352008,projected
MMR,2035,87501446171.09006,1599.1649141467908,54716962.20760013,1.685447456812119,projected
MMR,2040,99134925399.86038,1828.2504710433032,54223929.910045855,1.833817615722249,projected
MMR,2045,111070930093.20859,2082.1932815131345,53343237.19097446,1.9008077303582807,projected
MMR,2050,123126650745.80176,2358.82341036105,52198333.37458507,2.012202521795927,projected
MMR,2055,135410074388.4445,2661.885589424155,50869982.88973709,2.008317465036146,projected
MMR,2060,148096326056.1143,2997.243323061387,49410845.26459086,2.0044324082763643,projected
MMR,2065,161339499601.7564,3367.5173898258818,47910517.13324589,1.94838183062534,projected
MMR,2070,175533120796.8076,3781.6729391412136,46416790.56377353,1.8923312529743153,projected
MNE,2012,3696429855.6999097,5948.379119529704,621418.0,0.0,hist
MNE,2013,3821595609.09379,6138.251536080564,622587.0,0.0,hist
MNE,2014,3912179230.87999,6272.091163810778,623744.0,0.0,hist
MNE,2015,4010885990.83986,6421.003073459996,624651.0,0.0,hist
MNE,2016,4148832618.1787205,6634.385088388031,625353.0,0.0,hist
MNE,2017,4282287496.64778,6840.9115544021715,625982.0,0.0,hist
MNE,2018,4484964786.60981,7159.47114735985,626438.0,0.0,hist
MNE,2019,4682030356.6341,7470.295884717106,626753.0,0.0,hist
MNE,2020,3980071397.73552,6351.954863204839,626590.0,0.0,hist
MNE,2021,4499321890.02717,7198.30460781273,625053.0,0.0,hist
MNE,2022,4847549017.67011,7773.603239415113,623591.0,0.0,hist
MNE,2023,5161590831.64825,8278.028498511296,623529.0,0.0,hist
MNE,2024,5324908668.48059,8540.008289131294,623525.0,0.0,hist
MNE,2025,5324908668.480588,8540.00828913129,623525.0,0.0,projected
MNE,2030,6051910599.474647,9588.186211775112,631184.0911102023,0.0,projected
MNE,2035,6804082484.60134,10672.71998789438,637520.9405211536,0.0,projected
MNE,2040,7558595760.810146,11760.706130700804,642699.1438106565,0.0,projected
MNE,2045,8287353735.115775,12818.28252634219,646526.0629171547,0.0,projected
MNE,2050,8995624537.452969,13858.88974875156,649086.9543329265,0.0,projected
MNE,2055,9744869683.72704,14981.10342525783,650477.4319425224,0.0,projected
MNE,2060,10556747041.447458,16226.6420010534,650581.1270601851,0.0,projected
MNE,2065,11344625140.576267,17543.151217173094,646669.7459388566,0.0,projected
MNE,2070,12080992635.898731,18909.5736778533,638882.3376831529,0.0,projected
MNG,2012,9422609644.69237,3318.164965970891,2839705.0,46.530774786812174,hist
MNG,2013,10520241544.9149,3628.9070806957616,2899011.0,43.614387577483875,hist
MNG,2014,11349786311.9875,3830.3589204959444,2963113.0,40.74886947436488,hist
MNG,2015,11619892590.694101,3838.921269899837,3026864.0,38.00911451726883,hist
MNG,2016,11793003947.892597,3817.9196271670153,3088856.0,35.402536063061234,hist
MNG,2017,12457761002.743198,3956.2049437134096,3148917.0,32.91869917911705,hist
MNG,2018,13422599720.361603,4183.855664476626,3208189.0,30.535347821594172,hist
MNG,2019,14174566537.455502,4337.816708543205,3267673.0,28.23663277256232,hist
MNG,2020,13528524951.028702,4066.0341088279233,3327204.0,26.01974452159281,hist
MNG,2021,13749955731.693598,4063.5366984924667,3383741.0,28.20915847853271,hist
MNG,2022,14441951078.838,4205.885545135519,3433748.0,30.384283933298494,hist
MNG,2023,15513848972.8704,4456.536275527276,3481145.0,32.52132911886259,hist
MNG,2024,16308475359.187098,4626.796096442424,3524788.0,34.6378137702381,hist
MNG,2025,16308475359.18712,4626.79609644243,3524788.0,37.156968984136654,projected
MNG,2030,21784087387.28797,5967.360776348036,3650539.6948061874,38.02420728880566,projected
MNG,2035,27925784599.486965,7426.959357215831,3760056.202859793,19.578438010483612,projected
MNG,2040,34661326139.42055,8965.912186938707,3865900.693285197,21.30193045582028,projected
MNG,2045,41642976359.50802,10517.359263986946,3959451.73253708,22.080098770362362,projected
MNG,2050,48567078778.7635,12052.23928849246,4029714.115047118,23.37407919676959,projected
MNG,2055,55383432124.12072,13612.726922198952,4068503.867054308,23.328949731219556,projected
MNG,2060,62482218648.02934,15314.601892097222,4079911.387071183,23.283820265669522,projected
MNG,2065,69905476814.92688,17136.488235048113,4079335.033881323,22.632727432394265,projected
MNG,2070,77328326841.39305,18996.01301374171,4070766.154216348,21.981634599119005,projected
MNP,2012,822860606.060606,15457.425819224669,53234.0,,hist
MNP,2013,844921212.121212,16015.034916433755,52758.0,,hist
MNP,2014,880218181.818182,16869.5270385638,52178.0,,hist
MNP,2015,910000000.0,17665.100749310866,51514.0,,hist
MNP,2016,1175830303.0303,23158.57449885372,50773.0,,hist
MNP,2017,1448278787.8787901,28989.347022133952,49959.0,,hist
MNP,2018,1165903030.30303,23756.60758202478,49077.0,,hist
MNP,2019,1032436363.63636,21451.440163651023,48129.0,,hist
MNP,2020,732412121.212121,15410.118692394399,47528.0,,hist
MNP,2021,768812121.212121,16365.016735394986,46979.0,,hist
MNP,2022,896763636.3636361,19461.86111297444,46078.0,,hist
MOZ,2012,13149604768.3812,540.2945177802999,24337846.0,0.16335503952685795,hist
MOZ,2013,14013719723.485899,559.3939536856891,25051611.0,0.16371665394787258,hist
MOZ,2014,15093136077.3533,585.2667161339823,25788475.0,0.163911284498942,hist
MOZ,2015,16208985769.615,610.5637747065908,26547572.0,0.16395767553108015,hist
MOZ,2016,16970320249.582802,620.7797149545572,27337105.0,0.16381889485770804,hist
MOZ,2017,17418032489.647,618.3976943603321,28166393.0,0.16345687086394983,hist
MOZ,2018,18025039081.8692,621.1537341947887,29018644.0,0.1629864785170319,hist
MOZ,2019,18442825951.8799,617.1393200019509,29884380.0,0.16246958211930557,hist
MOZ,2020,18217911539.7402,591.8040599859315,30783688.0,0.1618051373210925,hist
MOZ,2021,18651030677.5113,588.2158546954156,31707800.0,0.17517598170251136,hist
MOZ,2022,19465045724.7404,596.0588894614647,32656246.0,0.18764958841760657,hist
MOZ,2023,20532020330.7663,610.4332588507473,33635160.0,0.19923845314549807,hist
MOZ,2024,20973160980.9212,605.6047208485181,34631766.0,0.2100644644641729,hist
MOZ,2025,20973160980.921234,605.604720848519,34631766.0,0.22662400487390025,projected
MOZ,2030,28520780559.47581,761.7065962923202,37443263.191238515,0.24863136339172368,projected
MOZ,2035,37930336536.89879,945.572438852814,40113623.21739895,0.26483892284247357,projected
MOZ,2040,50321844294.88493,1180.874644882318,42614044.18578217,0.34161676878450065,projected
MOZ,2045,66825456799.87761,1489.8282434812882,44854470.36748765,0.38089226240978585,projected
MOZ,2050,88585219264.08775,1890.834589568159,46849798.36566213,0.4518559697282786,projected
MOZ,2055,116829656772.63235,2401.836288687035,48641806.82210333,0.4378666293577653,projected
MOZ,2060,152861636698.7877,3040.420699763971,50276475.45968043,0.4238772889872521,projected
MOZ,2065,197982524551.42105,3827.959270197257,51720123.06735408,0.4433630916535483,projected
MOZ,2070,253476789864.8202,4789.742264526474,52920757.7080099,0.46284889431984455,projected
MRT,2012,5388639480.835961,1488.9717755721447,3619034.0,0.7501090698984625,hist
MRT,2013,5612311839.16241,1502.9014238108296,3734318.0,0.8020772833853558,hist
MRT,2014,5852228252.666219,1520.6462163490164,3848514.0,0.8511734778158941,hist
MRT,2015,6166863896.68677,1554.948978717826,3965959.0,0.8967047957049682,hist
MRT,2016,6244622452.80308,1528.0515229937525,4086657.0,0.9388690716973318,hist
MRT,2017,6636194355.58626,1576.0685782516173,4210600.0,0.977859989788041,hist
MRT,2018,6952885074.44597,1602.9022564907248,4337685.0,1.013886135592522,hist
MRT,2019,7171275534.84383,1605.135235974202,4467708.0,1.0471723065011795,hist
MRT,2020,7145411800.0896,1553.306155865909,4600131.0,1.0780131044528718,hist
MRT,2021,7198481880.107898,1520.311180425899,4734874.0,1.0853897950119729,hist
MRT,2022,7687691068.95683,1576.7562410730802,4875637.0,1.0910095112362028,hist
MRT,2023,8211183625.049438,1634.8989714462427,5022441.0,1.0949951946479357,hist
MRT,2024,8729112418.520092,1688.613932291901,5169395.0,1.0987226126984682,hist
MRT,2025,8729112418.520086,1688.6139322919,5169395.0,1.1335782234745122,projected
MRT,2030,11258381349.11148,2015.5860034860425,5585661.603940306,1.3091643339377337,projected
MRT,2035,14439237643.37408,2411.5903886978695,5987433.73296097,1.4887626272379162,projected
MRT,2040,18423272998.692074,2897.562934488697,6358195.978905644,1.8664136362567996,projected
MRT,2045,23429909973.651814,3505.8935098449347,6683006.745030346,2.341406108905341,projected
MRT,2050,29608684784.994953,4248.69106710511,6968895.671007009,2.9485750184079276,projected
MRT,2055,37055177282.59744,5131.200492925865,7221541.495734499,2.5139926928653886,projected
MRT,2060,45840301548.62566,6155.702956359568,7446802.075020079,2.0794103673228497,projected
MRT,2065,55928086671.83556,7322.693755382719,7637638.352788453,1.8300773823137928,projected
MRT,2070,67228605374.118164,8623.736670009901,7795762.782033206,1.5807443973047353,projected
MUS,2012,10929718037.5047,8702.82242878288,1255882.0,,hist
MUS,2013,11297000949.1216,8973.51550099537,1258927.0,,hist
MUS,2014,11729333766.0201,9300.07878638583,1261208.0,,hist
MUS,2015,12162211503.0793,9630.5437837507,1262879.0,,hist
MUS,2016,12631973062.5133,9995.6502864207,1263747.0,,hist
MUS,2017,13129418116.1342,10379.91387067319,1264887.0,,hist
MUS,2018,13655479838.659,10789.924152113226,1265577.0,,hist
MUS,2019,14050298678.019802,11098.313706734125,1265985.0,,hist
MUS,2020,12006466620.7709,9483.676026308478,1266014.0,,hist
MUS,2021,12415142570.9354,9804.003186312142,1266334.0,,hist
MUS,2022,13494399202.0623,10688.43831127219,1262523.0,,hist
MUS,2023,14170187784.8097,11348.433772563183,1248647.0,,hist
MUS,2024,14868086969.4353,11934.770909956984,1245779.0,,hist
MUS,2025,14868086969.435322,11934.770909957,1245779.0,,projected
MUS,2030,17438995799.191753,13727.75890811094,1270345.43044663,,projected
MUS,2035,19943785213.595837,15472.608434302438,1288973.6916873627,,projected
MUS,2040,22468720387.36507,17269.786269323715,1301042.180659538,,projected
MUS,2045,25042212006.78371,19154.30863797579,1307393.1552472962,,projected
MUS,2050,27764472310.74524,21211.193055464835,1308953.826319167,,projected
MUS,2055,30482083593.31476,23326.99874896304,1306729.7649968702,,projected
MUS,2060,33236887047.020065,25533.995063328213,1301672.0244751165,,projected
MUS,2065,36074856327.84823,27905.517903795077,1292749.9303978926,,projected
MUS,2070,38995991435.799385,30461.092742558376,1280190.1680078788,,projected
MWI,2012,8054933506.22505,512.74031797451,15709577.0,0.14937333030249694,hist
MWI,2013,8490733601.031821,525.3576455165571,16161816.0,0.14978255704634982,hist
MWI,2014,8968360291.15986,539.5626019180572,16621538.0,0.15010189910534813,hist
MWI,2015,9219474379.31534,539.6053632406858,17085587.0,0.1503659612462136,hist
MWI,2016,9449961238.71922,538.2219908109591,17557739.0,0.15054654848041152,hist
MWI,2017,9827959688.35226,544.7957292203486,18039715.0,0.15063560030904105,hist
MWI,2018,10255826273.665897,553.5287909020852,18528081.0,0.150668036872686,hist
MWI,2019,10842133933.7208,569.866249371946,19025752.0,0.15062510455025452,hist
MWI,2020,10928176721.5316,559.4470860860675,19533888.0,0.15050368759185648,hist
MWI,2021,11426314939.9064,569.9689673224339,20047258.0,0.16353419211680614,hist
MWI,2022,11531564448.65,560.635759714942,20568728.0,0.17584471462542767,hist
MWI,2023,11755940188.7261,557.0352396579125,21104482.0,0.1874195286834762,hist
MWI,2024,11952668098.8907,551.9515234705605,21655286.0,0.19828332138997246,hist
MWI,2025,11952668098.89069,551.95152347056,21655286.0,0.21391414539205972,projected
MWI,2030,16793813276.250874,679.8058975907819,24703835.809262324,0.23468725498517784,projected
MWI,2035,23388584746.265427,836.9274607063921,27945772.894731823,0.24998583834013757,projected
MWI,2040,32642210896.114758,1041.687625394105,31335891.97026808,0.3224577166341896,projected
MWI,2045,45600778521.20859,1311.4530670552842,34771185.997223556,0.35953050448108625,projected
MWI,2050,63557587012.379616,1664.4410547536347,38185543.92831124,0.42651432119253413,projected
MWI,2055,88103889857.40663,2124.5506054627913,41469423.99529944,0.4133095515053067,projected
MWI,2060,121074093819.36961,2712.865563713816,44629595.89255264,0.40010478181807907,projected
MWI,2065,164658608036.0379,3455.793488813484,47647120.2833859,0.418497753149419,projected
MWI,2070,221196818693.65405,4383.260076950491,50463995.93234825,0.43689072448075894,projected
MYS,2012,258378881826.47302,8710.526713599016,29662831.0,0.05722349447078389,hist
MYS,2013,270506469604.10098,8964.80724896202,30174265.0,0.0590322919992733,hist
MYS,2014,286755041078.03,9341.730559712776,30696137.0,0.06076012753561167,hist
MYS,2015,301355266964.947,9648.679793752293,31232798.0,0.06240063332134902,hist
MYS,2016,314764917575.088,9901.479601798132,31789685.0,0.06394500455807975,hist
MYS,2017,333061328477.268,10293.762920536152,32355644.0,0.06541785194731635,hist
MYS,2018,349191778300.005,10610.195024047911,32910967.0,0.06686166059718725,hist
MYS,2019,364602265936.14,10902.983485585604,33440596.0,0.06830999908334126,hist
MYS,2020,344706479641.244,10171.465784276208,33889558.0,0.06987911316912251,hist
MYS,2021,356134704342.139,10388.266712085668,34282399.0,0.07497509384585611,hist
MYS,2022,388299855024.742,11191.651175694262,34695493.0,0.07990893531441176,hist
MYS,2023,402034268648.217,11445.392527507936,35126298.0,0.08468395187534902,hist
MYS,2024,422559964245.24,11883.791277489952,35557673.0,0.08934182934141138,hist
MYS,2025,422559964245.24164,11883.79127749,35557673.0,0.09502706705515443,projected
MYS,2030,514177363241.3794,13662.118312567613,37635259.15072731,0.11882315081558027,projected
MYS,2035,615265828834.3755,15562.584357403448,39534939.358685665,0.16106101981588913,projected
MYS,2040,725150238714.825,17610.74519195839,41176578.89036694,0.22281702968445072,projected
MYS,2045,839553869518.007,19710.377966554744,42594508.88981384,0.28224403595651243,projected
MYS,2050,958271793730.1089,21869.72258946977,43817281.62347679,0.3635359427563241,projected
MYS,2055,1085023445726.8842,24190.667204678703,44852977.24723485,0.33507572173353045,projected
MYS,2060,1217951954535.925,26649.48133375319,45702651.36805176,0.30661550071073684,projected
MYS,2065,1352994062952.7454,29191.248815459643,46349303.91317146,0.29328302259837213,projected
MYS,2070,1489163841938.64,31815.701521996667,46805940.79967293,0.2799505444860075,projected
NAM,2012,9702493818.43111,4420.967413738616,2194654.0,0.7230318310762269,hist
NAM,2013,10247261642.7308,4549.267590938989,2252508.0,0.7267264709409597,hist
NAM,2014,10871578021.6669,4701.956941890994,2312139.0,0.7296748504366704,hist
NAM,2015,11335161083.5061,4774.106508657752,2374300.0,0.731694465072361,hist
NAM,2016,11338991738.8743,4648.627134602144,2439213.0,0.7327833435738578,hist
NAM,2017,11222512162.9739,4476.733244021049,2506853.0,0.7330175112925783,hist
NAM,2018,11341464002.1253,4400.475377057432,2577327.0,0.7324331125401813,hist
NAM,2019,11246291861.588,4243.092744819644,2650494.0,0.7311362055720034,hist
NAM,2020,10335184546.1643,3787.4994397328537,2728762.0,0.7285445251212364,hist
NAM,2021,10707646943.9364,3809.807533597149,2810548.0,0.788784677737731,hist
NAM,2022,11285723332.8927,3905.5513526816285,2889662.0,0.8463999531550652,hist
NAM,2023,11787126126.6129,3977.9777990961816,2963095.0,0.9026718226791648,hist
NAM,2024,12224610619.8575,4034.350534632826,3030131.0,0.9582407319713465,hist
NAM,2025,12224610619.857542,4034.35053463284,3030131.0,1.0337795726972254,projected
NAM,2030,15118441261.916502,4744.392606799611,3186591.522853509,1.1341694572436984,projected
NAM,2035,18311868488.094536,5508.202043932836,3324472.91185781,1.2081026837471487,projected
NAM,2040,21862768911.232773,6353.831833984868,3440879.375229124,1.558336405963498,projected
NAM,2045,25769683457.05797,7288.264603862034,3535777.699865984,1.737497492804286,projected
NAM,2050,30004403356.28608,8299.379316880193,3615258.709197664,2.0612091449284384,projected
NAM,2055,34513429218.89591,9381.867002014513,3678737.847326662,1.9973946592626672,projected
NAM,2060,39250557026.232796,10524.8496251595,3729322.3584311274,1.9335801735968956,projected
NAM,2065,44190009799.46826,11745.50435000404,3762291.382528249,2.022467600880845,projected
NAM,2070,49296283397.9518,13045.966200169987,3778660.977774837,2.111355028164794,projected
NCL,2015,8738203074.3957,30858.723706053297,283168.0,,hist
NCL,2025,,,292639.0,,projected
NCL,2030,,,309195.9645278266,,projected
NCL,2035,,,324663.4968265872,,projected
NCL,2040,,,339306.4811376401,,projected
NCL,2045,,,353022.0445506618,,projected
NCL,2050,,,365638.5759015115,,projected
NCL,2055,,,377008.8460869462,,projected
NCL,2060,,,387064.4108853666,,projected
NCL,2065,,,394944.5445232058,,projected
NCL,2070,,,400719.3866645143,,projected
NER,2012,8259606009.352,463.0662654964024,17836769.0,0.08779891388420065,hist
NER,2013,8698614858.59842,469.6902142008784,18519898.0,0.09329904005341638,hist
NER,2014,9276388744.59484,482.74524741946055,19215909.0,0.09834187210040354,hist
NER,2015,9683867926.44282,485.6625741752786,19939498.0,0.10288966277159033,hist
NER,2016,10239808436.9433,495.01743721600565,20685753.0,0.10700156696923753,hist
NER,2017,10752347793.0235,501.6153054629001,21435446.0,0.11080934564283912,hist
NER,2018,11527744540.163,519.5469934838854,22188069.0,0.1143446734687106,hist
NER,2019,12212475570.6373,532.1860245703883,22947757.0,0.11761181123671592,hist
NER,2020,12646096746.888098,533.1943289102533,23717613.0,0.12061783049052337,hist
NER,2021,12821067681.4111,523.2631795186502,24502140.0,0.12099805656433463,hist
NER,2022,14346774735.502598,566.7979629838653,25311973.0,0.12123336331232096,hist
NER,2023,14586026438.198097,557.5726527278636,26159867.0,0.12127737178687001,hist
NER,2024,16088387161.4462,595.1517445593164,27032412.0,0.12120798592620903,hist
NER,2025,16088387161.446188,595.151744559316,27032412.0,0.1250531587947423,projected
NER,2030,22327100784.786663,708.9595860367818,31492769.43922767,0.14442332425770132,projected
NER,2035,31067858614.11986,851.9195830610813,36468064.86416024,0.16423610243766024,projected
NER,2040,43725651668.854324,1043.2747131691906,41911925.13046487,0.20589749873290666,projected
NER,2045,62085311968.75013,1300.6200506236194,47735164.423292994,0.2582973312970517,projected
NER,2050,88689572302.76181,1648.2634830455825,53807885.2168013,0.3252784963220206,projected
NER,2055,126867001674.05527,2123.3399068061494,59748795.40830747,0.2773365974393085,projected
NER,2060,180813382465.93323,2759.8897379167975,65514712.41108844,0.2293946985565964,projected
NER,2065,255662156346.66153,3588.471853125105,71245412.20074281,0.20188898547793846,projected
NER,2070,356746564145.6141,4640.171639354324,76882191.40860382,0.1743832723992805,projected
NGA,2012,423525315758.055,2403.653878969243,176200625.0,0.3756270444557163,hist
NGA,2013,451780110046.799,2495.34106573749,181049443.0,0.37500877591763704,hist
NGA,2014,480286163931.15,2583.6155695813995,185896915.0,0.37442547123495834,hist
NGA,2015,493026682800.63007,2585.7336067179767,190671878.0,0.3740139906735486,hist
NGA,2016,485055087455.82104,2481.8149035032648,195443700.0,0.37362862041600725,hist
NGA,2017,488964081500.90295,2441.712364044884,200254579.0,0.3731888198171988,hist
NGA,2018,498365674277.734,2431.778578325676,204938755.0,0.3730001189867676,hist
NGA,2019,509371727735.744,2431.535284729821,209485641.0,0.3730641853395575,hist
NGA,2020,476930359891.9459,2228.6863142288785,213996181.0,0.3731889028430839,hist
NGA,2021,482220722020.12994,2206.664062500666,218529286.0,0.40544826563886727,hist
NGA,2022,503047012794.856,2254.2908041689243,223150896.0,0.4362233885003088,hist
NGA,2023,519782610025.928,2280.9193115611524,227882945.0,0.4655239118486906,hist
NGA,2024,540898072115.881,2324.6488120275094,232679478.0,0.4934955200475394,hist
NGA,2025,540898072115.8811,2324.64881202751,232679478.0,0.5310635947017209,projected
NGA,2030,732965238812.1459,2818.921820191882,260016164.18090427,0.5945986349513814,projected
NGA,2035,978618053614.2174,3384.7440031649185,289126165.1395664,0.7674673397711508,projected
NGA,2040,1301302618865.9644,4071.861171944244,319584230.3839192,0.9833819551546356,projected
NGA,2045,1724270845934.3843,4915.461010338468,350785174.02697384,1.213665263594927,projected
NGA,2050,2274933774450.6567,5948.78779761394,382419721.7730868,1.4800819692401064,projected
NGA,2055,2986918398891.133,7251.728655805471,411890535.43804544,1.3804762790468355,projected
NGA,2060,3890670914693.2744,8848.046042343885,439720916.468312,1.2808705888535645,projected
NGA,2065,5013347946727.394,10746.9848022476,466488790.9471049,1.286800419932178,projected
NGA,2070,6377478106424.492,12968.776066711922,491756359.55301255,1.2927302510107919,projected
NIC,2012,11071852873.3639,1876.175972014901,5901287.0,0.8780437747698862,hist
NIC,2013,11617373486.8649,1941.456285526263,5983845.0,0.874763110384114,hist
NIC,2014,12173318263.9174,2006.648696465338,6066492.0,0.871558952856511,hist
NIC,2015,12756696261.0676,2074.456206347301,6149417.0,0.8684016656877183,hist
NIC,2016,13338803114.224503,2140.144059416067,6232666.0,0.8652834142860122,hist
NIC,2017,13956550774.5717,2209.6327342321233,6316231.0,0.8622042270715424,hist
NIC,2018,13487142194.608799,2107.339626162298,6400080.0,0.859167325742223,hist
NIC,2019,13096437236.4148,2019.9151862004421,6483657.0,0.8562448890976587,hist
NIC,2020,12803529948.2066,1950.191812184729,6565267.0,0.8536525201013501,hist
NIC,2021,14142060836.745,2128.3088139545243,6644741.0,0.8394992486409375,hist
NIC,2022,14644146345.7189,2175.738991444056,6730654.0,0.8248906323425675,hist
NIC,2023,15292551634.5755,2241.122354766529,6823613.0,0.8098131871435901,hist
NIC,2024,15841222424.9421,2290.4716250599467,6916140.0,0.7951906914246727,hist
NIC,2025,15841222424.942122,2290.47162505995,6916140.0,0.7914022136358194,projected
NIC,2030,20408135530.81056,2875.0232809967106,7098424.4425789425,0.765681796705057,projected
NIC,2035,26063529601.10265,3601.987733471022,7235874.05890102,0.7538866816151208,projected
NIC,2040,32968617492.17082,4501.232439359629,7324353.482367847,0.7810904090540178,projected
NIC,2045,41101041216.63785,5577.719758190289,7368789.218261697,0.8007257350689663,projected
NIC,2050,50519049215.30268,6853.498071531205,7371279.409146422,0.8756087464491693,projected
NIC,2055,61268534199.097534,8356.22838029858,7332079.906234961,0.8891477194227942,projected
NIC,2060,73187694943.58118,10087.966279477278,7254950.394954483,0.9026866923964193,projected
NIC,2065,86575422437.90353,12066.082650931014,7175106.03420435,0.9392034383873699,projected
NIC,2070,101457016509.88612,14300.581982381524,7094607.522608682,0.9757201843783205,projected
NLD,2012,747805361887.684,44631.874538878925,16754962.0,10.952968236289294,hist
NLD,2013,747579281182.5648,44487.030634689996,16804432.0,10.721102387547445,hist
NLD,2014,759634819525.581,45042.066954583184,16865008.0,10.483689393264637,hist
NLD,2015,775743675302.734,45793.81354346971,16939923.0,10.239301261125437,hist
NLD,2016,794549918521.022,46655.03633820386,17030314.0,9.98798051448801,hist
NLD,2017,816650691531.918,47670.10572532971,17131296.0,9.733292439635441,hist
NLD,2018,835096710412.6129,48463.02997399508,17231624.0,9.48194919343072,hist
NLD,2019,854304699526.719,49254.01588542638,17344874.0,9.22663679993559,hist
NLD,2020,821260592382.701,47086.58041927019,17441500.0,8.983190791445148,hist
NLD,2021,872809729132.839,49780.84405268355,17533044.0,8.288468420986195,hist
NLD,2022,916513359459.671,51777.54315888639,17700982.0,7.568158695745375,hist
NLD,2023,911031728184.777,50960.77450210663,17877117.0,6.858242309165582,hist
NLD,2024,920880034447.75,51178.52569681471,17993485.0,6.182646635939294,hist
NLD,2025,920880034447.7499,51178.5256968147,17993485.0,5.55140479083652,projected
NLD,2030,993388596356.4829,54296.43330940832,18295651.03651756,4.44352272377884,projected
NLD,2035,1070375697867.4464,57731.67891733943,18540526.06715313,2.6506169045766335,projected
NLD,2040,1157666398547.817,61805.706747241544,18730736.358734135,1.0861340846592247,projected
NLD,2045,1254999203747.1038,66481.836442899,18877324.558039516,0.18784612641971218,projected
NLD,2050,1356436646695.4375,71382.34069467157,19002411.99006648,0.09918741664471023,projected
NLD,2055,1459953031276.8237,76349.08924635653,19122075.26884801,0.059175467749431304,projected
NLD,2060,1568101775843.0828,81477.77398489769,19245761.13399635,0.019163518854152385,projected
NLD,2065,1680081831170.7727,86776.42325633908,19361040.339353252,0.01970124631527751,projected
NLD,2070,1794552593463.4985,92182.09162267984,19467475.31840533,0.020238973776402644,projected
NOR,2012,369676511271.4899,73661.67858303346,5018573.0,11.212309849459531,hist
NOR,2013,373433130118.312,73515.91449174713,5079623.0,10.87506500209804,hist
NOR,2014,381081533571.259,74180.32387310111,5137232.0,10.552894076843884,hist
NOR,2015,388159512245.53,74809.96580498967,5188607.0,10.250169260688555,hist
NOR,2016,392680500171.7571,75017.49447690553,5234519.0,9.963768363476005,hist
NOR,2017,402355151331.034,76247.41164453414,5276968.0,9.688701853646764,hist
NOR,2018,405690399924.369,76373.64746060914,5311916.0,9.431324681387139,hist
NOR,2019,410249333418.695,76712.28711603498,5347896.0,9.175541055636806,hist
NOR,2020,405005642242.722,75287.2059527597,5379475.0,8.930476327577775,hist
NOR,2021,420836044191.958,77812.71156143831,5408320.0,8.238901126466862,hist
NOR,2022,434497344228.607,79620.16354550792,5457127.0,7.527029027964728,hist
NOR,2023,434810705801.4719,78775.74951549432,5519601.0,6.810871462681249,hist
NOR,2024,443929688973.891,79667.52723147764,5572279.0,6.121486834073402,hist
NOR,2025,443929688973.89075,79667.5272314776,5572279.0,5.496489341664427,projected
NOR,2030,480023450491.8655,82009.06061989158,5853297.7559242295,4.399566634198506,projected
NOR,2035,516824542925.7835,84423.3342088818,6121821.031695413,2.624396547138777,projected
NOR,2040,553307478481.848,86738.50732546987,6379029.286331458,1.075389859842718,projected
NOR,2045,591901044040.1035,89242.82834336956,6632477.42174545,0.18598792029058905,projected
NOR,2050,638376094041.2708,92698.74271940065,6886566.90817951,0.09820623769226658,projected
NOR,2055,693144528014.7125,97075.78483748608,7140241.298848123,0.05859009386410543,projected
NOR,2060,754061627721.3234,102073.25285665518,7387455.642079683,0.01897395003594429,projected
NOR,2065,821330502239.3787,107929.33270057588,7609891.414023319,0.019506358204715055,projected
NOR,2070,894685547389.5956,114597.62880406703,7807190.748416632,0.02003876637348582,projected
NPL,2012,21348110877.0432,775.3105784798393,27534915.0,3.0098147706619605,hist
NPL,2013,22100664484.6361,801.0390608478559,27589996.0,2.8743391051082057,hist
NPL,2014,23429242138.2095,846.6655417735994,27672370.0,2.736701444409581,hist
NPL,2015,24360801286.7638,875.5436354748621,27823629.0,2.593444064607595,hist
NPL,2016,24466311259.2881,875.1889437308566,27955462.0,2.4534395468961008,hist
NPL,2017,26662720369.249203,951.8572985636418,28011258.0,2.3210327275986162,hist
NPL,2018,28695053195.345703,1021.914922040116,28079689.0,2.1881672940133323,hist
NPL,2019,30605298792.5448,1077.1179649818766,28414064.0,2.0367050497430896,hist
NPL,2020,29880069318.726097,1031.5361878393385,28966574.0,1.8745426424671663,hist
NPL,2021,31325711777.1674,1062.7888430628998,29475010.0,2.0311560108694975,hist
NPL,2022,33089761144.5103,1113.5546234122326,29715436.0,2.2021419875749544,hist
NPL,2023,33745781686.6509,1136.427693138254,29694614.0,2.391237510528143,hist
NPL,2024,34982690898.4415,1179.8127276838622,29651054.0,2.5825773485223147,hist
NPL,2025,34982690898.44143,1179.81272768386,29651054.0,2.77040424879904,projected
NPL,2030,45684255459.15132,1441.7605638559137,31686437.127237793,2.8350650849668675,projected
NPL,2035,59031884834.411705,1756.9554377293898,33598965.32760208,1.459758137760081,projected
NPL,2040,76446633670.57967,2159.7311626276537,35396365.52614737,1.588260836550508,projected
NPL,2045,98873907716.17377,2669.0019950603396,37045273.06430075,1.6462806606596427,projected
NPL,2050,127255363235.15747,3305.691672243674,38495835.623043865,1.7427591670930342,projected
NPL,2055,162365536608.4696,4087.254579573892,39724840.58612192,1.7393943376539267,projected
NPL,2060,205086092347.19415,5040.188134976428,40690166.092015,1.736029508214819,projected
NPL,2065,256249951663.19888,6192.463940227359,41380935.623791546,1.6874843657830327,projected
NPL,2070,316877509996.1011,7575.281575087147,41830459.6146257,1.6389392233512463,projected
NRU,2012,68031022.6138793,6626.183170729453,10267.0,,hist
NRU,2013,70836425.608266,6735.421280618617,10517.0,,hist
NRU,2014,82058037.58581342,7638.990652188923,10742.0,,hist
NRU,2015,84863440.58019972,7747.25584993607,10954.0,,hist
NRU,2016,88370194.3231835,7925.577966204799,11150.0,,hist
NRU,2017,82759388.33440939,7308.317585165082,11324.0,,hist
NRU,2018,82058037.5858134,7149.781091383933,11477.0,,hist
NRU,2019,89071545.0717802,7687.196433225184,11587.0,,hist
NRU,2020,90474246.56897299,7770.698837840161,11643.0,,hist
NRU,2021,97487754.0549406,8325.882146634263,11709.0,,hist
NRU,2022,100293157.049327,8498.699860124312,11801.0,,hist
NRU,2023,100994507.79792401,8504.800656667285,11875.0,,hist
NRU,2024,102397209.295117,8570.955829506738,11947.0,,hist
NZL,2012,161367975232.595,36607.14939148272,4408100.0,8.302231878040983,hist
NZL,2013,165546666710.166,37267.65869975147,4442100.0,8.050835566666631,hist
NZL,2014,171881119396.758,38056.2646732554,4516500.0,7.733458430153267,hist
NZL,2015,178224167087.98996,38665.37230181585,4609400.0,7.396562096777156,hist
NZL,2016,184959455627.068,39235.36955666362,4714100.0,7.055272832138056,hist
NZL,2017,191208740301.496,39722.60684342197,4813600.0,6.736083178303015,hist
NZL,2018,197844796498.754,40371.54562681182,4900600.0,6.4462225678849085,hist
NZL,2019,202429793153.827,40727.88225133835,4970300.0,6.187937678867306,hist
NZL,2020,201807833897.729,39785.47312864305,5072400.0,5.89887528080821,hist
NZL,2021,210960637812.92096,41490.11481983263,5084600.0,5.665527760359055,hist
NZL,2022,218336637842.863,42965.27497547337,5081700.0,5.4494421013188,hist
NZL,2023,221380800380.185,42573.23084234327,5200000.0,5.111137961965737,hist
NZL,2024,224233557754.352,42408.237873163496,5287500.0,4.815773972231096,hist
NZL,2025,224233557754.35254,42408.2378731636,5287500.0,4.604991461772484,projected
NZL,2030,245981938893.2345,44744.32054734194,5497500.819863209,4.538716776389798,projected
NZL,2035,270610288767.81674,47582.5587072491,5687173.958692344,4.084706050448607,projected
NZL,2040,300085239335.39264,51162.894568789656,5865290.497431128,3.3513809212375483,projected
NZL,2045,335243655258.64154,55572.64651978473,6032529.963086958,2.2767027213063438,projected
NZL,2050,374521465340.41986,60555.43698924309,6184770.252866789,1.0164115555387736,projected
NZL,2055,416709544430.1677,65929.13887769148,6320567.074343666,0.7887117018578846,projected
NZL,2060,463283948648.43713,71924.95664773487,6441212.761760174,0.5610118481769956,projected
NZL,2065,515196972266.55066,78731.996444757,6543679.768466728,0.502219643247045,projected
NZL,2070,571740166061.4492,86207.04956280488,6632174.154677644,0.4434274383170944,projected
OMN,2012,70318260489.7491,19824.121548594572,3547106.0,23.520900934628788,hist
OMN,2013,73994291063.383,19299.940051686877,3833913.0,21.749890155619998,hist
OMN,2014,74950483987.1606,18726.202694697058,4002439.0,20.823114206557474,hist
OMN,2015,78710793237.9714,18808.307792183892,4184895.0,19.90475321061958,hist
OMN,2016,82682873555.7961,18830.605720860796,4390877.0,18.96098660311641,hist
OMN,2017,82934277088.5646,18277.945563615034,4537396.0,18.339024797154167,hist
OMN,2018,84001727416.2074,18269.67694355621,4597877.0,18.08823410110455,hist
OMN,2019,83053651985.4157,18089.58666848804,4591241.0,18.104807247029818,hist
OMN,2020,80246670660.8581,17743.885880047703,4522497.0,18.370292145077507,hist
OMN,2021,82318780120.4001,18291.338798388795,4500424.0,17.984231147401697,hist
OMN,2022,88892516940.1985,18792.446056530596,4730226.0,16.65750005166596,hist
OMN,2023,90149469537.51569,17853.964511994844,5049269.0,15.180576475816434,hist
OMN,2024,91620377320.78291,17347.291133905106,5281538.0,14.107233264921453,hist
OMN,2025,91620377320.78287,17347.2911339051,5281538.0,13.701494323362674,projected
OMN,2030,108119260145.72229,18935.50593111435,5709869.096661602,13.447003319049502,projected
OMN,2035,126025348011.02501,20606.656842837583,6115759.046806694,12.83268934447098,projected
OMN,2040,144614914171.8858,22232.195890303097,6504751.707183443,13.131899660689431,projected
OMN,2045,162209449226.34528,23645.09032913466,6860174.648031538,13.067056882045698,projected
OMN,2050,179271064999.09967,24988.242766350857,7174216.557576666,11.534459260626017,projected
OMN,2055,200467836261.22678,26923.25919155202,7445897.795469338,9.190389197482533,projected
OMN,2060,224506595245.23248,29228.185961567942,7681167.607884922,6.846319134339048,projected
OMN,2065,250475789109.82138,31858.780569948616,7862064.543238899,5.899015714668998,projected
OMN,2070,276828833925.5683,34633.21361590225,7993160.46716667,4.951712294998947,projected
PAK,2012,264876940258.885,1275.4880689896631,207667125.0,5.584050786248114,hist
PAK,2013,276443758787.987,1309.7008044638596,211073978.0,5.257127941346757,hist
PAK,2014,287823367553.405,1343.3077812104254,214264647.0,4.9455757497683965,hist
PAK,2015,299963590534.7731,1380.4702083831703,217290883.0,4.646679893314994,hist
PAK,2016,319682711890.74,1452.1865826917644,220138869.0,4.3595223151511515,hist
PAK,2017,333853050597.697,1495.2618752803232,223273967.0,4.074453725447137,hist
PAK,2018,354390697428.203,1561.6816981955872,226928892.0,3.7885814091904453,hist
PAK,2019,363242090361.647,1573.8330826936985,230800899.0,3.5084686400647924,hist
PAK,2020,358614068499.253,1526.0059748630676,235001746.0,3.233068962139271,hist
PAK,2021,381973779235.3,1595.0279217542172,239477801.0,3.4980465337738766,hist
PAK,2022,400224894618.857,1642.2806697482572,243700667.0,3.7571999438415324,hist
PAK,2023,398564217461.774,1610.3312283753635,247504495.0,4.014310014972648,hist
PAK,2024,410716372191.504,1634.5673526079947,251269164.0,4.264301264169253,hist
PAK,2025,410716372191.50287,1634.56735260799,251269164.0,4.574437372484969,projected
PAK,2030,521808019283.4997,1942.0405584732357,268690587.8493737,4.681204081939179,projected
PAK,2035,663295166532.732,2327.6241120596287,284966615.99961114,2.4103241189633167,projected
PAK,2040,843857236366.5464,2809.0253078310616,300409267.94572586,2.6225052647534777,projected
PAK,2045,1067357620369.1637,3389.5989024228015,314892012.6231581,2.71830646483642,projected
PAK,2050,1336775540127.8564,4075.733191621212,327984065.0207343,2.8776098898372138,projected
PAK,2055,1657034312967.0886,4889.657615185846,338885550.55896443,2.8720539492032917,projected
PAK,2060,2034540936596.4375,5853.625097279403,347569395.508782,2.8664980085693705,projected
PAK,2065,2476506248643.4463,6986.933376358874,354448241.48788965,2.7863412177729243,projected
PAK,2070,2988092939285.418,8306.458403654016,359731283.06655383,2.7061844269764785,projected
PAN,2012,47623362260.1488,12668.294540235835,3759256.0,2.9893986597502424,hist
PAN,2013,50635232150.02519,13236.830649082784,3825329.0,2.9677330633383656,hist
PAN,2014,52977523729.79839,13611.549065607083,3892101.0,2.9462739674114626,hist
PAN,2015,55767806073.17809,14082.654843499638,3960035.0,2.924680301619847,hist
PAN,2016,58317491742.87819,14474.124340577042,4029086.0,2.903009978346002,hist
PAN,2017,61667283149.9355,15045.545619615039,4098707.0,2.881669112967386,hist
PAN,2018,64083529457.2571,15375.643485447472,4167860.0,2.861362394224433,hist
PAN,2019,66072084910.0035,15602.542071458072,4234700.0,2.8432706854750696,hist
PAN,2020,54297226728.12,12647.082655380142,4293261.0,2.831190294550065,hist
PAN,2021,63238418849.185,14552.940140029525,4345405.0,2.7841391807830975,hist
PAN,2022,70219021768.65489,15956.065393205898,4400773.0,2.736197881274777,hist
PAN,2023,75251148212.8876,16877.150842395295,4458759.0,2.6878687994286548,hist
PAN,2024,77318963569.7031,17122.72065556696,4515577.0,2.6414636804935836,hist
PAN,2025,77318963569.70328,17122.720655567,4515577.0,2.6288791185872027,projected
PAN,2030,94335070582.78995,19865.979910410984,4748573.7430627635,2.5434410621531667,projected
PAN,2035,111826404758.35808,22563.184862267102,4956144.508897224,2.504260060095046,projected
PAN,2040,130089009246.80605,25309.71226350516,5139884.953745022,2.594625375960543,projected
PAN,2045,149163961805.84503,28175.096616057395,5294177.473053786,2.6598499831930713,projected
PAN,2050,168711308578.55756,31136.97391861138,5418359.183508016,2.9085962989886096,projected
PAN,2055,188507954846.34235,34184.61336199721,5514409.446441342,2.9535700465018526,projected
PAN,2060,208441290894.09595,37336.687345957995,5582747.311316076,2.998543794015097,projected
PAN,2065,228058044912.59546,40527.35157767191,5627262.479155966,3.1198450860260616,projected
PAN,2070,247141496318.05725,43761.48489028589,5647465.960939487,3.2411463780370275,projected
PER,2012,169620385179.423,5740.043462724726,29550366.0,1.9616489918824909,hist
PER,2013,179547449111.361,6021.461427652312,29817919.0,1.963878990280498,hist
PER,2014,183824551906.256,6103.91864749969,30115826.0,1.9640877073174994,hist
PER,2015,189802976285.619,6231.71150338894,30457600.0,1.9614632350099739,hist
PER,2016,197306492869.139,6392.254749410121,30866494.0,1.9546373362315406,hist
PER,2017,202276318741.548,6457.4194025472025,31324637.0,1.9449272658863979,hist
PER,2018,210305376512.78,6593.144374595267,31897584.0,1.9285310003297094,hist
PER,2019,215017545590.315,6626.260834949675,32449303.0,1.9139646409030113,hist
PER,2020,191509018299.917,5831.830247585226,32838579.0,1.9092835152299084,hist
PER,2021,217099648514.38196,6547.847181817753,33155882.0,1.8821708506154238,hist
PER,2022,223198050485.251,6667.516956320363,33475438.0,1.855447319476871,hist
PER,2023,222298021864.381,6568.000277979303,33845617.0,1.82649318474483,hist
PER,2024,229642617310.3,6711.1940327252605,34217848.0,1.798057723050068,hist
PER,2025,229642617310.3003,6711.19403272527,34217848.0,1.7894913479399086,projected
PER,2030,277008237188.9775,7920.870382281303,34971944.22075568,1.7313332296405497,projected
PER,2035,324625562932.9222,9144.172159483698,35500814.865591,1.7046625228397354,projected
PER,2040,374375608575.67834,10449.601981670829,35826781.65468442,1.766174651621856,projected
PER,2045,425716401387.14886,11844.941916006315,35940775.76791402,1.8105733725406463,projected
PER,2050,478569971873.7148,13352.644534290754,35840838.16840218,1.979896251177707,projected
PER,2055,532317649053.4056,14980.46668145758,35534116.551408514,2.010510109186756,projected
PER,2060,585612764172.3115,16707.365142221784,35051174.08922777,2.041123967195805,projected
PER,2065,639451547010.3073,18519.36264600259,34528809.61582838,2.123694371826738,projected
PER,2070,693910695819.2651,20419.95580884701,33981988.12548978,2.2062647764576706,projected
PHL,2012,253818843989.004,2533.7414196495847,100175512.0,0.009496530908971706,hist
PHL,2013,270952964501.39102,2654.4150693397833,102076336.0,0.009780045088623101,hist
PHL,2014,288153024771.69604,2776.920059094783,103767130.0,0.010073541506764394,hist
PHL,2015,306445871242.322,2909.8581801030023,105312992.0,0.010371880932071444,hist
PHL,2016,328355086268.976,3076.3374186758983,106735719.0,0.010673888243124758,hist
PHL,2017,351113338965.581,3247.450387836201,108119693.0,0.010971881493290432,hist
PHL,2018,373379140695.818,3410.936479761095,109465287.0,0.011266291031770816,hist
PHL,2019,396224439236.642,3575.881709229221,110804683.0,0.011554196709805977,hist
PHL,2020,358510629276.391,3198.66690008413,112081264.0,0.011841858120738803,hist
PHL,2021,378998554988.857,3350.975875877762,113100950.0,0.012736835931314366,hist
PHL,2022,407730367707.39294,3577.701365732436,113964338.0,0.013634493813060273,hist
PHL,2023,430232801525.6519,3744.6976380292795,114891199.0,0.014510631740515038,hist
PHL,2024,454721721977.44495,3925.304869721798,115843670.0,0.015369348160844263,hist
PHL,2025,454721721977.4452,3925.3048697218,115843670.0,0.01634737153963328,projected
PHL,2030,563155939973.3977,4569.233584495999,123249540.55407864,0.02044097807169782,projected
PHL,2035,687944793478.0721,5287.888868365337,130098194.30844788,0.027707098756972144,projected
PHL,2040,840751499135.4836,6168.903758884007,136288639.27803937,0.0383308975272813,projected
PHL,2045,1024004289137.2516,7221.732132719398,141794831.25631455,0.048554041112820565,projected
PHL,2050,1239844629086.5425,8461.016687273855,146536128.56613111,0.06253857251849315,projected
PHL,2055,1489936727962.0254,9890.666478553978,150640680.40234384,0.05764260106975155,projected
PHL,2060,1775038419769.71,11518.087560480317,154108779.81688905,0.05274662962100995,projected
PHL,2065,2093922866155.0603,13350.464397894197,156842698.78172478,0.05045306232485892,projected
PHL,2070,2444874281414.8423,15388.40631168752,158877679.20177388,0.04815949502870789,projected
PLW,2012,259543766.67708004,14609.83769643006,17765.0,,hist
PLW,2013,252919480.330118,14331.339547264166,17648.0,,hist
PLW,2014,265990771.287714,15015.002612910754,17715.0,,hist
PLW,2015,287057525.634766,16154.053215237253,17770.0,,hist
PLW,2016,290866364.105097,16343.561505034388,17797.0,,hist
PLW,2017,282170906.738952,15841.618388667863,17812.0,,hist
PLW,2018,278660962.692401,15642.806932322948,17814.0,,hist
PLW,2019,277652130.171489,15600.187109309418,17798.0,,hist
PLW,2020,258570955.305441,14532.989844055812,17792.0,,hist
PLW,2021,224284364.068701,12612.290618495248,17783.0,,hist
PLW,2022,227677066.634821,12820.37652090889,17759.0,,hist
PLW,2023,232722385.881789,13128.131431251142,17727.0,,hist
PNG,2012,17289980088.7062,2139.4809666042847,8081390.0,0.6991683639169113,hist
PNG,2013,17951312547.2223,2162.1059259559124,8302698.0,0.6650152188777734,hist
PNG,2014,20382597142.1943,2391.3578028162924,8523441.0,0.632677439899873,hist
PNG,2015,21723437010.0982,2484.5963398602994,8743246.0,0.602036947638117,hist
PNG,2016,22915960976.066,2557.094630300351,8961718.0,0.5729844922101699,hist
PNG,2017,23725951011.6612,2584.8883636271053,9178714.0,0.5454025194414273,hist
PNG,2018,23659695751.3327,2518.458993173217,9394513.0,0.519160710523671,hist
PNG,2019,24719771866.5529,2572.5617796789575,9609010.0,0.49416436733601343,hist
PNG,2020,23936789891.161995,2438.611379222934,9815746.0,0.4706314375542103,hist
PNG,2021,23814388297.7556,2378.3716816548977,10012896.0,0.44417999775209127,hist
PNG,2022,25173614524.029205,2467.2348879087667,10203169.0,0.4190323217126814,hist
PNG,2023,26132952333.2822,2515.290703983557,10389635.0,0.39495006966286983,hist
PNG,2024,27125951106.4194,2564.7374818649305,10576502.0,0.3717029069863292,hist
PNG,2025,27125951106.419395,2564.73748186493,10576502.0,0.3554337730254917,projected
PNG,2030,35275862604.24155,3110.540094450665,11340751.616471743,0.3503183973125954,projected
PNG,2035,45344105346.4907,3763.1647995760054,12049460.43064593,0.31527582521340464,projected
PNG,2040,58003963544.275536,4577.9509152400005,12670289.528701656,0.2586745221070646,projected
PNG,2045,73815214855.8377,5586.672184687307,13212734.238847995,0.1757260670315872,projected
PNG,2050,93211440212.93843,6817.579464864321,13672219.10552288,0.07845117567119266,projected
PNG,2055,116486628637.60143,8284.850698025439,14060196.481918998,0.06087628573209175,projected
PNG,2060,143672505563.85773,10002.075366112304,14364269.444582446,0.04330139579299085,projected
PNG,2065,174625954033.7442,11968.85171516255,14590034.047503663,0.03876355128313437,projected
PNG,2070,209430165185.38654,14222.072010629236,14725714.018946286,0.03422570677327788,projected
POL,2012,439333996551.267,11542.235336801403,38063164.0,7.439958800934804,hist
POL,2013,442340098156.2541,11628.228680952487,38040196.0,7.283169055981314,hist
POL,2014,459682079851.439,12093.16227873942,38011735.0,7.127219654354204,hist
POL,2015,480054118583.367,12637.522032440627,37986412.0,6.970460679085536,hist
POL,2016,494605411858.33704,13026.185898871841,37970087.0,6.811877928617395,hist
POL,2017,520089746650.74994,13695.645284872404,37974826.0,6.6494683604454625,hist
POL,2018,552573816155.9889,14551.08502770891,37974750.0,6.487921852753767,hist
POL,2019,577884228677.5438,15221.309062445389,37965475.0,6.3279075732702,hist
POL,2020,566120997479.772,15090.22284401132,37515748.0,6.240228054968805,hist
POL,2021,605337233054.782,16368.6239689025,36981559.0,5.9461869472846045,hist
POL,2022,637150470884.733,17303.644943229967,36821749.0,5.586147025751849,hist
POL,2023,638740867489.057,17410.383013706578,36687353.0,5.2193502186605505,hist
POL,2024,658084600079.586,18000.503459128533,36559233.0,4.849023614525021,hist
POL,2025,658084600079.5848,18000.5034591285,36559233.0,4.460406059099162,projected
POL,2030,730050469043.9615,20163.96502397244,36205700.02854213,2.8823936916968727,projected
POL,2035,799691103814.8689,22441.14360687145,35635042.3946311,2.0495667775481063,projected
POL,2040,863297510139.3345,24693.439462065613,34960602.044342324,1.7353698334807701,projected
POL,2045,916505670895.079,26740.749626609617,34273746.38679043,0.9110938525563914,projected
POL,2050,961062744811.4563,28602.23287767787,33600969.159351945,0.43523388765194476,projected
POL,2055,1003321095825.2263,30490.21944805617,32906325.83128852,0.23098611022571308,projected
POL,2060,1047968049483.7885,32603.16761827989,32143135.960084304,0.026738332799481436,projected
POL,2065,1097169125618.5938,35095.42834894957,31262451.471159566,0.027140688012606332,projected
POL,2070,1146929525328.8577,37879.75260187469,30278168.323414434,0.02754304322573122,projected
PRI,2025,99210088884.53241,30971.2620550191,3203295.0,,projected
PRI,2030,106669607089.06302,34185.5014095591,3120317.1722160433,,projected
PRI,2035,113766036049.10107,37632.4518807924,3023083.2795448876,,projected
PRI,2040,120234575009.90483,41256.59746896802,2914311.464980642,,projected
PRI,2045,125704040380.76663,45000.5501134761,2793388.9711077698,,projected
PRI,2050,130309723376.99129,48878.0752999489,2666015.848155288,,projected
PRI,2055,133937146816.39822,52846.777119267674,2534443.046812885,,projected
PRI,2060,136301852246.29507,56763.03569985516,2401243.178166436,,projected
PRI,2065,138282654398.57553,60789.970177928335,2274761.017217661,,projected
PRI,2070,140127009000.37778,64984.39672405914,2156317.7634070218,,projected
PRT,2012,196414790526.28003,18679.762678959385,10514844.0,5.1285049260592634,hist
PRT,2013,194481859660.11102,18597.721462396443,10457295.0,5.062467603044251,hist
PRT,2014,195923731482.461,18836.896797890542,10401062.0,4.995067335932484,hist
PRT,2015,199038523119.639,19215.78130143465,10358076.0,4.920633229321791,hist
PRT,2016,203027536357.754,19662.823124620016,10325452.0,4.8407160151122195,hist
PRT,2017,209757330876.906,20364.196273594556,10300300.0,4.756839000990693,hist
PRT,2018,215937376369.165,20997.774598701242,10283822.0,4.668610236946575,hist
PRT,2019,221866335067.158,21569.187475291852,10286263.0,4.571674335603547,hist
PRT,2020,203663019645.466,19778.71395257219,10297081.0,4.47114405224163,hist
PRT,2021,214984151437.597,20747.699073416366,10361831.0,4.1211027285572674,hist
PRT,2022,230002603240.143,22042.86802836473,10434332.0,3.7726044700607817,hist
PRT,2023,237132635847.463,22417.16158643855,10578174.0,3.4057905536104083,hist
PRT,2024,242206495918.36,22647.379189557872,10694681.0,3.0566112838705712,hist
PRT,2025,242206495918.3603,22647.3791895579,10694681.0,2.7445344242007015,projected
PRT,2030,264400552325.22552,24537.11030143243,10775537.505318642,2.1968135165101903,projected
PRT,2035,287586315946.2847,26495.51844440132,10854149.412088731,1.310426750358206,projected
PRT,2040,311679535549.18176,28534.878344936496,10922756.767403187,0.5369690190067685,projected
PRT,2045,337676306433.12964,30777.929649521982,10971378.201144667,0.09286841436291132,projected
PRT,2050,366788617680.2528,33354.86419296907,10996555.57157294,0.04903682755728655,projected
PRT,2055,399753667573.67285,36365.86968191555,10992550.737002367,0.02925549737871301,projected
PRT,2060,436020312635.0543,39765.753703902774,10964718.935838038,0.009474167200139454,projected
PRT,2065,473878077324.16583,43473.463243520266,10900398.587287556,0.009740011897743206,projected
PRT,2070,512086011197.7581,47383.91372391006,10807170.006713862,0.010005856595346958,projected
PRY,2012,30842899501.434105,5230.262448589879,5897008.0,1.3737865546678896,hist
PRY,2013,33400724748.6301,5583.122744735656,5982445.0,1.3679812819387978,hist
PRY,2014,35171376876.6336,5794.4764468998455,6069811.0,1.3619065333809766,hist
PRY,2015,36211447840.1027,5879.337923087615,6159103.0,1.3555801444377673,hist
PRY,2016,37756961788.473595,6041.958793673482,6249126.0,1.3492767166810935,hist
PRY,2017,39573101423.9484,6243.133631390294,6338660.0,1.343255938710362,hist
PRY,2018,40841122661.1912,6354.2392005316005,6427382.0,1.3375718395958403,hist
PRY,2019,40677000526.5933,6243.536208978232,6515058.0,1.3322563885977006,hist
PRY,2020,40343536418.80139,6109.196081008258,6603739.0,1.3268801386069202,hist
PRY,2021,41964030301.44111,6278.110066638088,6684182.0,1.3047826610144357,hist
PRY,2022,42037903094.7542,6218.197906941625,6760464.0,1.2840005410406243,hist
PRY,2023,44139473679.5817,6449.2302881296955,6844146.0,1.2623158668307968,hist
PRY,2024,46015383701.3623,6640.8381661311705,6929153.0,1.240917720784546,hist
PRY,2025,46015383701.36229,6640.83816613117,6929153.0,1.2350056933002156,projected
PRY,2030,59002682762.80461,8068.886532546705,7312369.869722553,1.194868250169226,projected
PRY,2035,74615318608.22063,9738.104228705026,7662201.6827748595,1.1764616371496852,projected
PRY,2040,93392450250.42146,11711.701180256052,7974285.615130392,1.2189138285729018,projected
PRY,2045,115265151111.0651,13983.367466207408,8243018.09915373,1.2495553140280158,projected
PRY,2050,140186704287.05264,16557.83506442435,8466487.54149348,1.3664123859347828,projected
PRY,2055,168281943470.27057,19457.427520903824,8648725.186794562,1.3875403388464222,projected
PRY,2060,199462795810.61478,22708.119956305887,8783765.28723706,1.4086682917580613,projected
PRY,2065,233627403142.31357,26311.862744955208,8879166.230338713,1.465653713864013,projected
PRY,2070,270569751581.20956,30270.54927768112,8938382.620651824,1.522639135969965,projected
PSE,2012,12886900000.0,3237.9161999578896,3979998.0,,hist
PSE,2013,13492400000.0,3309.631202430981,4076708.0,,hist
PSE,2014,13471100000.0,3227.8493448264458,4173398.0,,hist
PSE,2015,13972400000.0,3272.1543236070793,4270092.0,,hist
PSE,2016,15211000000.0,3483.0990353297207,4367088.0,,hist
PSE,2017,15426900000.0,3462.97986107136,4454805.0,,hist
PSE,2018,15616200000.0,3417.7944083796174,4569087.0,,hist
PSE,2019,15828999999.999996,3378.4346209191026,4685306.0,,hist
PSE,2020,14037400000.0,2922.468010848445,4803269.0,,hist
PSE,2021,15021700000.0,3051.486070079949,4922749.0,,hist
PSE,2022,15635000000.0,3099.9609010367967,5043612.0,,hist
PSE,2023,14922700000.0,2888.7630607217698,5165775.0,,hist
PSE,2024,10959600000.0,2072.090195176845,5289152.0,,hist
PSE,2025,10959600000.000027,2072.09019517685,5289152.0,,projected
PSE,2030,14819567577.662092,2677.07179156148,5535737.825326734,,projected
PSE,2035,19501751151.014545,3406.7689752393435,5724412.571781286,,projected
PSE,2040,25046690809.840202,4275.666327211453,5857961.986050349,,projected
PSE,2045,31346542043.454887,5278.5122446477035,5938518.391283377,,projected
PSE,2050,38357616017.23832,6415.893569401033,5978530.597853926,,projected
PSE,2055,46053148400.07195,7706.5090785915245,5975876.746581194,,projected
PSE,2060,54342612777.87762,9151.58001715253,5938057.982995821,,projected
PSE,2065,63484993413.53929,10759.920039022458,5900136.17046423,,projected
PSE,2070,73403539651.64313,12517.289433036653,5864172.115243298,,projected
PYF,2012,5179978074.0569,18968.44221579038,273084.0,,hist
PYF,2013,5200635899.8791,18930.126888701187,274728.0,,hist
PYF,2014,5231504505.84414,18928.18586201283,276387.0,,hist
PYF,2015,5325846361.81186,19166.959476193057,277866.0,,hist
PYF,2016,5448457902.84308,19516.071835327566,279178.0,,hist
PYF,2017,5682340239.1533,20287.768583166304,280087.0,,hist
PYF,2018,5785013023.38646,20674.420682902848,279815.0,,hist
PYF,2019,5940599015.38201,21289.875124113943,279034.0,,hist
PYF,2020,5312451133.13352,19026.790444195998,279209.0,,hist
PYF,2021,5491263054.60892,19626.233254020557,279792.0,,hist
PYF,2022,5652560509.139099,20160.49942983793,280378.0,,hist
PYF,2023,5809297011.57328,20664.977025922497,281118.0,,hist
PYF,2024,5874732292.7704,20846.651405999142,281807.0,,hist
PYF,2025,5874732292.770388,20846.6514059991,281807.0,,projected
PYF,2030,6287791339.546288,21508.79279541926,292335.85535704275,,projected
PYF,2035,6801017205.165359,22577.453386494384,301230.4837370924,,projected
PYF,2040,7452617851.454359,24128.506586975047,308871.90736775234,,projected
PYF,2045,8213679145.138986,26044.893428533487,315366.2028864548,,projected
PYF,2050,9045993124.39244,28215.472607893815,320603.99094153935,,projected
PYF,2055,9935102722.577587,30601.182455631624,324664.01378385955,,projected
PYF,2060,10917150606.287327,33326.06992441294,327585.8998990454,,projected
PYF,2065,11992136775.521622,36377.36709955553,329659.2835512866,,projected
PYF,2070,13185877420.704,39829.12707600315,331061.170272256,,projected
QAT,2012,138865975290.062,80621.7554942831,1722438.0,65.58463768336316,hist
QAT,2013,146581512800.90903,76486.9151226862,1916426.0,58.914862639745756,hist
QAT,2014,154400671412.79,71756.02657972483,2151745.0,52.444168308242006,hist
QAT,2015,161739835164.835,68985.24333801011,2344557.0,48.10588069456146,hist
QAT,2016,166695713593.11,67294.35176881716,2477113.0,45.507605713094115,hist
QAT,2017,164199341779.27,64497.62425437383,2545820.0,44.256068417233145,hist
QAT,2018,166226927746.608,64410.71716287227,2580734.0,43.63428640268282,hist
QAT,2019,167370994374.124,63430.37172854372,2638657.0,42.65389130619174,hist
QAT,2020,161416766491.661,57769.58360532836,2794148.0,40.25895953238796,hist
QAT,2021,164042913770.979,65488.54600403967,2504910.0,43.74926725585333,hist
QAT,2022,170908060803.633,64315.63556529535,2657333.0,40.14794638993921,hist
QAT,2023,173539688045.024,65337.95076453295,2656032.0,39.075187575516075,hist
QAT,2024,177634714249.328,62157.37517918471,2857822.0,35.30081103334284,hist
QAT,2025,177634714249.32825,62157.3751791848,2857822.0,34.28552239127793,projected
QAT,2030,199459055611.09924,64380.49883503107,3098128.458466813,33.64870447778362,projected
QAT,2035,214928956137.6096,64582.541341868666,3327973.035311198,32.11149437254907,projected
QAT,2040,227440261341.91653,64321.538099515026,3535989.157940105,32.860214311725116,projected
QAT,2045,239395882734.9967,64411.8078316984,3716645.91934004,32.697956934052705,projected
QAT,2050,251513157600.43304,65091.63420386613,3863985.912731845,28.862907352898127,projected
QAT,2055,265921084621.04138,66825.6121044059,3979328.826881166,22.997294103721803,projected
QAT,2060,282932867399.5142,69624.0895747799,4063720.892114928,17.131680854545486,projected
QAT,2065,299710028124.35645,72927.42808789841,4109702.425857115,14.761224622552493,projected
QAT,2070,314505249922.48737,76425.20789069848,4115203.0671906746,12.3907683905595,projected
ROU,2012,165163587446.01898,8234.285534251934,20058035.0,3.5580486283027333,hist
ROU,2013,165624017079.639,8287.958440896735,19983693.0,3.493914192821878,hist
ROU,2014,172441103432.37497,8661.473972742398,19908979.0,3.4293648748734045,hist
ROU,2015,177885131240.315,8977.01748158195,19815616.0,3.3674955124629604,hist
ROU,2016,182972525962.275,9286.876782365958,19702267.0,3.308393020771987,hist
ROU,2017,197967999561.02,10106.226955725273,19588715.0,3.24864021533231,hist
ROU,2018,208647427408.285,10714.170115712666,19473970.0,3.188385932358952,hist
ROU,2019,216910469745.256,11197.316291585312,19371648.0,3.1254117705771476,hist
ROU,2020,209105975817.662,10854.04943188705,19265250.0,3.0624165974578204,hist
ROU,2021,220789460074.341,11546.322499807213,19122059.0,2.8981040121093553,hist
ROU,2022,230035489109.198,12076.30338118966,19048502.0,2.721327402081767,hist
ROU,2023,235229078939.709,12340.817050996897,19061062.0,2.5316902602135642,hist
ROU,2024,237383786157.719,12459.911206189136,19051804.0,2.3449852606212205,hist
ROU,2025,237383786157.7183,12459.9112061891,19051804.0,2.1570500159335015,projected
ROU,2030,268960736269.98245,14428.851494457347,18640481.286629096,1.3939240679484375,projected
ROU,2035,296784166270.45856,16306.693017092775,18200144.31861614,0.9911694118404553,projected
ROU,2040,322478866970.03217,18195.772133504513,17722736.062199883,0.8392239355257753,projected
ROU,2045,345323850284.47943,20078.43937955137,17198739.59109442,0.44060450621183855,projected
ROU,2050,366928843645.90735,22076.841475851095,16620531.702747196,0.21047887834768894,projected
ROU,2055,386314727433.7677,24161.685988765104,15988732.227270871,0.1117047609883796,projected
ROU,2060,408056660602.2672,26654.23075638745,15309264.19643456,0.012930643629070197,projected
ROU,2065,428809203664.68506,29375.385669059506,14597568.47095087,0.013125222397770298,projected
ROU,2070,448340243648.0395,32294.887014393596,13882700.485938145,0.0133198011664704,projected
RUS,2012,1356935163515.02,9464.010748526382,143378447.0,12.204793703524409,hist
RUS,2013,1380755103919.45,9601.536651292141,143805638.0,12.330160389041508,hist
RUS,2014,1390921151162.46,9643.288481520889,144237223.0,12.454405029762505,hist
RUS,2015,1363482182197.71,9426.683024700389,144640716.0,12.580351232718666,hist
RUS,2016,1366123111808.03,9420.534278262676,145015460.0,12.708115562669276,hist
RUS,2017,1391065651845.68,9574.192580204202,145293260.0,12.843785308935724,hist
RUS,2018,1430116278515.49,9835.865939790783,145398106.0,12.994375954918644,hist
RUS,2019,1461551317106.2097,10048.251964998233,145453291.0,13.149237487647127,hist
RUS,2020,1422766794794.99,9795.62356737032,145245148.0,13.328101541406257,hist
RUS,2021,1506233291759.56,10405.989543030746,144746762.0,13.74576414567471,hist
RUS,2022,1484605556957.56,10292.825326212116,144236933.0,14.16743672484801,hist
RUS,2023,1545214947189.49,10743.631544487014,143826130.0,14.58205398438498,hist
RUS,2024,1612344875264.3604,11233.202927610158,143533851.0,14.986660968127323,hist
RUS,2025,1585081601753.5137,11043.259765625,143533851.0,15.361574411796656,projected
RUS,2030,1833107231548.0317,12888.116396476364,142232361.5923586,14.699514501245675,projected
RUS,2035,2070142809707.2847,14674.814931609391,141067728.57817918,14.696582052924727,projected
RUS,2040,2284370651220.428,16275.294976870471,140358171.9696538,14.342150853503131,projected
RUS,2045,2458762199384.6074,17588.465796377564,139794012.04458675,14.782637619053478,projected
RUS,2050,2600432342452.0176,18673.143521496662,139260555.64551198,14.32104721302377,projected
RUS,2055,2747237490818.6704,19818.274321551144,138621428.1952501,14.4602547028414,projected
RUS,2060,2938858986473.768,21304.503109603156,137945436.76304078,14.599462192659031,projected
RUS,2065,3141396046760.321,22928.500257842363,137008352.54961133,14.30638422977807,projected
RUS,2070,3339646425957.611,24572.123397870644,135911999.6217753,14.013306266897109,projected
RWA,2012,7059501492.72193,651.8528186658335,10829901.0,0.03968225796404024,hist
RWA,2013,7392699272.959951,666.4087887831754,11093340.0,0.039862769340620614,hist
RWA,2014,7848619320.216641,690.6103949443566,11364757.0,0.04000680191113133,hist
RWA,2015,8543760199.80208,733.9986298824933,11640022.0,0.04013084429713328,hist
RWA,2016,9053886356.47148,759.6062881551093,11919183.0,0.04023599930693815,hist
RWA,2017,9408633100.29498,771.069237513582,12202060.0,0.04032405736058761,hist
RWA,2018,10209916254.6891,817.578437300036,12487996.0,0.04039822688823688,hist
RWA,2019,11174486370.4509,874.639658935976,12776103.0,0.04046219917117586,hist
RWA,2020,10797494124.6384,826.3913077010221,13065837.0,0.040518303775526995,hist
RWA,2021,11969932683.8627,896.2710335749883,13355260.0,0.043085444423445696,hist
RWA,2022,12946823692.9381,948.4136869480252,13651030.0,0.045522504333652056,hist
RWA,2023,14014924091.7947,1004.332166500235,13954471.0,0.04782989137868151,hist
RWA,2024,15260942682.7546,1070.4500377092606,14256567.0,0.05004378627899045,hist
RWA,2025,15260942682.754591,1070.45003770926,14256567.0,0.05327119438103542,projected
RWA,2030,21061345645.066418,1342.6317568557445,15686613.65078176,0.06428443175379096,projected
RWA,2035,28481396168.76982,1660.9313162142407,17147847.048659086,0.08394593129032457,projected
RWA,2040,38084192216.65409,2044.592269210306,18626790.676149603,0.12662446258905927,projected
RWA,2045,50329597124.99717,2508.873684768911,20060634.152505353,0.16012262392007032,projected
RWA,2050,65727362733.79794,3071.6262253069885,21398229.443502337,0.20397341891789045,projected
RWA,2055,85059898843.98462,3767.289912014043,22578538.10844902,0.1953214389703294,projected
RWA,2060,109268171788.11356,4624.506749173077,23628070.56290969,0.1866694590227683,projected
RWA,2065,138857487895.95047,5643.0687105477655,24606733.50235917,0.18313012886132743,projected
RWA,2070,174238315945.634,6827.593761814852,25519725.107271098,0.1795907986998866,projected
SAU,2012,618711318317.787,23643.035832464662,26168861.0,21.61386699054196,hist
SAU,2013,636936313349.28,23057.349446853543,27624004.0,20.46453441466586,hist
SAU,2014,662570908159.594,23404.730603982447,28309273.0,19.95863617231548,hist
SAU,2015,693414400000.0,23256.154955353068,29816382.0,18.939808984558912,hist
SAU,2016,705230509999.152,22783.032853868543,30954198.0,18.233994602978477,hist
SAU,2017,713567089638.542,23035.119997770693,30977355.0,18.210747136171364,hist
SAU,2018,736593549189.516,24393.518830663816,30196281.0,18.671931104141606,hist
SAU,2019,748759049109.6,24905.66974285585,30063799.0,18.744303672805515,hist
SAU,2020,720270347023.097,22827.67193554798,31552510.0,17.850468238345332,hist
SAU,2021,767229070838.89,24922.671694894452,30784383.0,17.82395304886869,hist
SAU,2022,859301066620.788,26706.91792606597,32175224.0,16.601957980640925,hist
SAU,2023,863963569239.897,25634.823754784054,33702731.0,15.418454857590842,hist
SAU,2024,881212616884.024,24963.332213909467,35300280.0,14.309131716132152,hist
SAU,2025,881212616884.0253,24963.3322139095,35300280.0,13.897585961688222,projected
SAU,2030,1062504572996.9125,27565.84827531446,38544236.41837998,13.6394527591741,projected
SAU,2035,1230293634803.9275,29491.088766169156,41717470.81156477,13.016346908988552,projected
SAU,2040,1404730411429.1074,31384.43746688921,44758820.76621916,13.319839432660183,projected
SAU,2045,1574438119366.0566,33105.17998452757,47558663.63215379,13.254068643801086,projected
SAU,2050,1734575112198.874,34620.53251721399,50102496.58454589,11.699536949251469,projected
SAU,2055,1895397220917.1519,36180.50298292832,52387254.58879027,9.321919265083324,projected
SAU,2060,2064589483686.75,37987.74452689405,54348830.37673084,6.944301580915181,projected
SAU,2065,2242095611643.8447,40079.150512673645,55941694.94522744,5.983440641519874,projected
SAU,2070,2423342536665.677,42402.55295957961,57150863.981603585,5.022579702124566,projected
SDN,2012,47566600027.2224,1288.2585574628056,36923178.0,0.14846388654935294,hist
SDN,2013,48496595854.7667,1283.4592086250782,37785849.0,0.14927931813568482,hist
SDN,2014,50757206252.6521,1307.3897046267941,38823318.0,0.14938272504586886,hist
SDN,2015,51726758676.76771,1292.379613760598,40024431.0,0.14886958174187948,hist
SDN,2016,53520457581.1072,1297.1545728017709,41259892.0,0.1482628109324934,hist
SDN,2017,53900054790.1369,1261.873593126783,42714306.0,0.14693425736462817,hist
SDN,2018,52455031754.9093,1185.9444931492512,44230596.0,0.1454893823999085,hist
SDN,2019,51312429477.3951,1126.5529184735744,45548175.0,0.14476912323016775,hist
SDN,2020,49449890489.35501,1056.8647834659862,46789231.0,0.14432501837332248,hist
SDN,2021,48525909156.8784,1009.5488772461996,48066924.0,0.15269880221054336,hist
SDN,2022,48061119947.9824,973.2252639985634,49383346.0,0.1605129554757551,hist
SDN,2023,33915159867.9417,677.7231882998233,50042791.0,0.17012584119735447,hist
SDN,2024,29179132473.6304,578.3891429766436,50448963.0,0.180389773556594,hist
SDN,2025,29179133340.32373,578.38916015625,50448963.0,0.1920234140141112,projected
SDN,2030,38455605510.31329,701.7612693336912,54798700.34267657,0.2317221567255604,projected
SDN,2035,50254456650.22868,852.3097564417834,58962667.35233752,0.3025947607568699,projected
SDN,2040,65696165970.03154,1045.5788795659291,62832338.38589512,0.4564354504638133,projected
SDN,2045,85602652868.3429,1291.1590134754372,66299078.56037392,0.5771842224167503,projected
SDN,2050,110785277734.56691,1597.8109916771768,69335658.7929582,0.7352504993334172,projected
SDN,2055,142338963915.77814,1976.907651629188,72000815.91999266,0.7040632367458947,projected
SDN,2060,181620467581.80853,2445.800686949637,74258081.84244262,0.6728759741583719,projected
SDN,2065,229876669994.98755,3022.095941832717,76065311.76359059,0.660117967344,projected
SDN,2070,288001873327.2644,3717.0778415864697,77480721.57787892,0.6473599605296279,projected
SEN,2012,15361066998.890099,1154.0567799236692,13310495.0,0.5421969436398837,hist
SEN,2013,15731635117.4164,1147.3859217191,13710849.0,0.5807608848059743,hist
SEN,2014,16710783797.4248,1180.7987108505013,14152102.0,0.6153531034491035,hist
SEN,2015,17774766696.1759,1218.0061355543776,14593331.0,0.6478544874624869,hist
SEN,2016,18904543055.8656,1257.409069159277,15034521.0,0.6784499529265067,hist
SEN,2017,20304894471.3123,1312.1093277604941,15475002.0,0.7073333595737002,hist
SEN,2018,21565674310.7132,1355.096108637118,15914498.0,0.7346634649372472,hist
SEN,2019,22560634320.127,1379.6087524986053,16352922.0,0.7605744913822771,hist
SEN,2020,22863414676.2849,1361.791437486455,16789219.0,0.7852319051953043,hist
SEN,2021,24359596784.117,1414.5395109385026,17220867.0,0.7933655522904615,hist
SEN,2022,25297546478.5042,1433.1991875240997,17651103.0,0.8011655075968884,hist
SEN,2023,26374572022.2227,1458.9664233258911,18077573.0,0.8087627211298961,hist
SEN,2024,27973016519.3217,1511.8928067023353,18501984.0,0.8161005526309352,hist
SEN,2025,27973016519.32179,1511.89280670234,18501984.0,0.8419903294388915,projected
SEN,2030,36958299599.672615,1832.302390881096,20170414.983686477,0.9724108014736085,projected
SEN,2035,48381729591.47847,2218.0889482581047,21812348.70200913,1.1058114111633228,projected
SEN,2040,63364328690.30931,2712.798136553528,23357553.898503657,1.3863200614813473,projected
SEN,2045,82782143669.16112,3341.3634120755883,24774959.637730185,1.7391312396111571,projected
SEN,2050,107654174540.13771,4135.371706074778,26032526.74529738,2.1901193933621803,projected
SEN,2055,139111828990.53946,5126.519654247937,27135725.2820183,1.867323746908842,projected
SEN,2060,178226645402.39813,6338.694689565763,28117247.18273309,1.5445281004555038,projected
SEN,2065,226089100407.37256,7782.578475510043,29050667.60570705,1.3593305041711585,projected
SEN,2070,283515371473.191,9477.455844022192,29914712.992518492,1.174132907886813,projected
SGP,2012,274543305511.611,51679.35271733312,5312437.0,0.06717575098282973,hist
SGP,2013,287769788882.221,53298.97285582856,5399162.0,0.06936163749344704,hist
SGP,2014,299095084828.978,54681.93364582528,5469724.0,0.07168963000707491,hist
SGP,2015,307998545269.398,55645.606861460576,5535002.0,0.07402892757567953,hist
SGP,2016,319541032495.045,56986.785310291096,5607283.0,0.07621838144742558,hist
SGP,2017,333846562289.746,59485.30158739208,5612253.0,0.07929182931811668,hist
SGP,2018,345370865382.86694,61250.347667230206,5638676.0,0.08204649094122657,hist
SGP,2019,349888458531.08594,61345.529182006205,5703569.0,0.0842036541931789,hist
SGP,2020,336541232520.503,59189.70385743009,5685807.0,0.08756701100325047,hist
SGP,2021,369376902514.865,67731.2610711716,5453566.0,0.09908935468617179,hist
SGP,2022,384550906479.006,68218.80533356193,5637022.0,0.10340416397621577,hist
SGP,2023,391555143381.885,66167.35963036075,5917648.0,0.10568265614524963,hist
SGP,2024,408736675576.891,67706.83361497385,6036860.0,0.11063598796720692,hist
SGP,2025,408736675576.89136,67706.8336149739,6036860.0,0.11767627241095557,projected
SGP,2030,450811809617.754,72460.61578800905,6221473.620051065,0.14714402851123076,projected
SGP,2035,484173534157.1326,75841.85043349506,6383988.937370396,0.19944907309030577,projected
SGP,2040,512649662219.3587,78706.37069419546,6513445.578772778,0.27592430552159364,projected
SGP,2045,535936769601.2852,81095.47090518622,6608713.946897015,0.3495154285074249,projected
SGP,2050,553765975778.2744,82984.78032625407,6673102.870202794,0.45018283691884503,projected
SGP,2055,569804512350.2219,84875.30895626737,6713430.788732892,0.414939270788256,projected
SGP,2060,583528622461.8486,86630.45390285227,6735837.066214844,0.3796957046576668,projected
SGP,2065,592729377914.2355,88259.39829494199,6715764.999138951,0.36318549998773714,projected
SGP,2070,599440187674.9409,90101.16934580452,6652967.902939356,0.3466752953178075,projected
SLB,2012,1207965042.16349,2105.9142375837946,573606.0,,hist
SLB,2013,1271231571.58946,2136.7211617703483,594945.0,,hist
SLB,2014,1286352300.29305,2085.1606727308613,616908.0,,hist
SLB,2015,1307908813.59962,2045.477215266486,639415.0,,hist
SLB,2016,1380562408.99877,2084.248457452259,662379.0,,hist
SLB,2017,1423021077.9804204,2075.3670530230493,685672.0,,hist
SLB,2018,1462095137.0898302,2061.899697066892,709101.0,,hist
SLB,2019,1487670872.02155,2043.0913977830712,728147.0,,hist
SLB,2020,1437368862.9268897,1930.655103071989,744498.0,,hist
SLB,2021,1434092017.05313,1880.5519827182984,762591.0,,hist
SLB,2022,1397028143.8117,1788.6172792205782,781066.0,,hist
SLB,2023,1436719369.01707,1795.887986971419,800005.0,,hist
SLB,2024,1479785892.35403,1806.3836732438676,819198.0,,hist
SLB,2025,1479785892.3540318,1806.38367324387,819198.0,,projected
SLB,2030,1927985273.6643538,2179.978880306124,884405.482585967,,projected
SLB,2035,2471336031.7493706,2608.227956300468,947515.3526284312,,projected
SLB,2040,3137915622.0508018,3120.7408532584736,1005503.426782264,,projected
SLB,2045,3951641876.9819527,3741.568478014188,1056145.811630116,,projected
SLB,2050,4941632157.741643,4489.693505976455,1100661.359436583,,projected
SLB,2055,6126604767.957681,5376.4772243999705,1139520.2680583152,,projected
SLB,2060,7517998670.958162,6414.536367569996,1172025.26264672,,projected
SLB,2065,9120493442.650059,7606.873381029397,1198980.5779330367,,projected
SLB,2070,10928889554.247858,8960.684381621988,1219648.978672051,,projected
SLE,2012,6715143020.4477005,1025.0436600450155,6551080.0,0.11912982700523705,hist
SLE,2013,7699806185.67422,1146.8197345647538,6714051.0,0.1282505430219926,hist
SLE,2014,7098065167.70102,1032.237893559046,6876385.0,0.13695166081556465,hist
SLE,2015,6788352974.78329,964.5759808889878,7037655.0,0.1452733908790812,hist
SLE,2016,7225348888.80731,1002.7786228201284,7205328.0,0.15308611422228166,hist
SLE,2017,7457128029.04966,1010.546940712073,7379299.0,0.16040647285695947,hist
SLE,2018,7672926606.696781,1015.6678297204988,7554563.0,0.16736096902981318,hist
SLE,2019,8095145458.326861,1046.96778078594,7731991.0,0.17395139800429876,hist
SLE,2020,7993685031.06354,1010.2529461475721,7912558.0,0.18017464179555334,hist
SLE,2021,8465060863.023761,1045.7661615757959,8094602.0,0.18252190569467824,hist
SLE,2022,8914856495.10508,1077.0888453850719,8276807.0,0.18476231986844294,hist
SLE,2023,9423896753.16695,1113.8683750069677,8460512.0,0.18687308072688524,hist
SLE,2024,9828485690.6466,1137.290056730543,8642022.0,0.18894210423326802,hist
SLE,2025,9828485690.646576,1137.29005673054,8642022.0,0.1949360579102447,projected
SLE,2030,13334664243.910002,1418.670330991409,9399410.104383688,0.22513076656703362,projected
SLE,2035,18003529731.48411,1774.5535934589846,10145385.181853753,0.2560154312318472,projected
SLE,2040,24296690922.681942,2236.771726477541,10862391.827951202,0.32095827985002434,projected
SLE,2045,32644247455.805397,2832.90848630657,11523226.963948147,0.40264047719441287,projected
SLE,2050,43541680416.00455,3595.734452623642,12109259.176309358,0.5070524280003447,projected
SLE,2055,57571120998.70997,4558.452971664961,12629530.535154844,0.4323193715385962,projected
SLE,2060,75347784986.91385,5753.936682908436,13094997.240885155,0.35758631507684785,projected
SLE,2065,97223786919.66608,7212.439036097425,13480015.072997116,0.3147097070067983,projected
SLE,2070,123470105323.66129,8961.658568360093,13777595.339280512,0.2718330989367487,projected
SLV,2012,22019127752.9422,3601.442229145883,6113975.0,1.277631818452911,hist
SLV,2013,22499794814.169,3665.1547327058097,6138839.0,1.2854376766993914,hist
SLV,2014,22888906230.2134,3713.9499201622275,6162955.0,1.2933375120145443,hist
SLV,2015,23438240000.0,3790.3408910816156,6183676.0,1.3018901428411798,hist
SLV,2016,24033351541.724,3875.846913579538,6200800.0,1.3111457836875167,hist
SLV,2017,24573529736.8617,3954.840142775728,6213533.0,1.3212835145569413,hist
SLV,2018,25166352435.5773,4046.1629172058397,6219807.0,1.332762361375765,hist
SLV,2019,25779775126.599304,4143.1143709786775,6222318.0,1.3450310011779365,hist
SLV,2020,23744951345.511,3808.5319543640862,6234673.0,1.3551467019607082,hist
SLV,2021,26571731219.353905,4247.5475039497705,6255782.0,1.3442598774808427,hist
SLV,2022,27356823619.6966,4355.960838883599,6280319.0,1.3327184392990619,hist
SLV,2023,28325024473.790703,4489.177877127179,6309624.0,1.320268391126576,hist
SLV,2024,29062047321.2665,4585.225997577937,6338193.0,1.308085335711143,hist
SLV,2025,29062047321.26658,4585.22599757795,6338193.0,1.301853305716693,projected
SLV,2030,32925388708.919346,5208.175004993343,6321866.810802652,1.2595433282756479,projected
SLV,2035,37190553518.065414,5922.31809828722,6279729.136606358,1.2401404136684258,projected
SLV,2040,42129726608.23565,6775.362512165825,6218077.118764879,1.284890430643285,projected
SLV,2045,47640207300.473175,7773.4646171511695,6128568.102742896,1.3171904591761199,projected
SLV,2050,53579449297.208954,8914.431921412395,6010416.566030589,1.440372697269023,projected
SLV,2055,59820058860.06467,10197.542619697912,5866124.917635966,1.4626442507446538,projected
SLV,2060,66236325868.34971,11612.905844730854,5703682.330155397,1.4849158042202844,projected
SLV,2065,73246909920.43547,13199.933054745145,5549036.469855769,1.5449856974594405,projected
SLV,2070,81068997698.05087,15007.415863679586,5401929.181842104,1.605055590698597,projected
SMR,2012,1408461048.24799,42082.55544677134,33469.0,,hist
SMR,2013,1397419106.23211,42293.487068554525,33041.0,,hist
SMR,2014,1387604046.66243,42492.850916013784,32655.0,,hist
SMR,2015,1419401070.56043,43146.824043542874,32897.0,,hist
SMR,2016,1452677592.44342,43886.21468968973,33101.0,,hist
SMR,2017,1456429357.00178,43057.778477510125,33825.0,,hist
SMR,2018,1478187032.6214697,42818.696269667744,34522.0,,hist
SMR,2019,1508721722.60406,43525.422571735275,34663.0,,hist
SMR,2020,1408423247.99647,40506.85211378976,34770.0,,hist
SMR,2021,1604162946.37945,46834.1395065821,34252.0,,hist
SMR,2022,1730866817.58497,51277.34609939179,33755.0,,hist
SMR,2023,1737823775.34504,51323.79726358654,33860.0,,hist
SOM,2012,4605859127.18469,369.61720475338495,12461160.0,0.01620240250410026,hist
SOM,2013,5110628982.78701,397.10879634485826,12869594.0,0.016142915399940307,hist
SOM,2014,5569461554.68169,417.5167969063955,13339491.0,0.01601296513931189,hist
SOM,2015,6152149099.999421,445.5830800733964,13806963.0,0.015894649789729275,hist
SOM,2016,6584944951.372289,458.9214768246054,14348740.0,0.015702345901475335,hist
SOM,2017,7555288980.07721,506.50109887945933,14916629.0,0.015496860310457584,hist
SOM,2018,7710498420.373011,498.9810650138719,15452487.0,0.01533817521422318,hist
SOM,2019,7926418061.75135,494.44403971233874,16030971.0,0.015149736736913265,hist
SOM,2020,7707287719.38597,462.8670537372354,16651191.0,0.01493689114926833,hist
SOM,2021,7972973226.06341,461.6278307259781,17271431.0,0.015652064501427282,hist
SOM,2022,8189695542.68851,460.04622668519596,17801897.0,0.01639994190592301,hist
SOM,2023,8531635197.80811,464.72106952556663,18358615.0,0.017080079362549915,hist
SOM,2024,8882404280.64207,467.2699101944148,19009151.0,0.017632724668122927,hist
SOM,2025,8882404280.642075,467.269910194415,19009151.0,0.01876988879351045,projected
SOM,2030,12820227699.176352,624.1218126796812,20541226.790540155,0.02265035821314761,projected
SOM,2035,18236327870.299587,828.7199623317327,22005416.424371917,0.029578007651129293,projected
SOM,2040,26201181063.12778,1126.1179841025305,23266817.005865544,0.04461561466661584,projected
SOM,2045,37848982372.31992,1557.443937377169,24301987.03399875,0.05641855564204827,projected
SOM,2050,54747214906.224335,2174.147884340227,25180998.634247955,0.07186920500667228,projected
SOM,2055,78641774484.70894,3031.6902660602677,25939910.605348624,0.06882071504232457,projected
SOM,2060,111380507048.51047,4192.549374697653,26566295.84870249,0.06577222507797685,projected
SOM,2065,155461190558.89926,5727.537039105245,27142764.769127604,0.06452515648291993,projected
SOM,2070,213470809332.9058,7712.857217788792,27677267.10155617,0.06327808788786297,projected
SRB,2012,41331605760.2741,5739.307502353206,7201497.0,0.0,hist
SRB,2013,41518250531.7903,5793.336145255647,7166553.0,0.0,hist
SRB,2014,40769149019.8676,5716.540471535059,7131787.0,0.0,hist
SRB,2015,41297410634.9586,5820.321557688796,7095383.0,0.0,hist
SRB,2016,42526090399.794,6024.957546537831,7058322.0,0.0,hist
SRB,2017,43531153349.2666,6200.261185921521,7020858.0,0.0,hist
SRB,2018,45555069182.0072,6524.080297551916,6982604.0,0.0,hist
SRB,2019,47719029694.9033,6870.75810896295,6945235.0,0.0,hist
SRB,2020,47265687464.123,6850.967421688341,6899126.0,0.0,hist
SRB,2021,51022863667.9918,7465.676010771479,6834326.0,0.0,hist
SRB,2022,52402255080.28259,7862.953873648458,6664449.0,0.0,hist
SRB,2023,54366256509.84519,8208.4786891507,6623183.0,0.0,hist
SRB,2024,56513683533.7835,8580.261058232581,6586476.0,0.0,hist
SRB,2025,56513683533.78356,8580.26105823259,6586476.0,0.0,projected
SRB,2030,63766848061.41868,9672.086856380824,6592873.80358363,0.0,projected
SRB,2035,70692937568.70467,10717.736905192844,6595882.898977794,0.0,projected
SRB,2040,77629484181.43697,11779.15465183704,6590412.170989717,0.0,projected
SRB,2045,84588687855.96985,12866.268481023542,6574453.811587228,0.0,projected
SRB,2050,91804090613.93748,14013.19139321542,6551262.167045334,0.0,projected
SRB,2055,99708500430.75803,15284.652785597076,6523439.022750626,0.0,projected
SRB,2060,108360593286.99115,16705.40462828546,6486559.032728596,0.0,projected
SRB,2065,117042314608.6554,18251.8153209887,6412639.649824992,0.0,projected
SRB,2070,125197694956.18796,19869.04652800753,6301142.572679998,0.0,projected
SSD,2012,11500530835.4315,1069.1961908093813,10756240.0,0.0,hist
SSD,2013,13010519613.8763,1165.1620270749468,11166275.0,0.0,hist
SSD,2014,13449448810.7001,1197.0949196947897,11235073.0,0.0,hist
SSD,2015,11997800760.2242,1080.147186247656,11107561.0,0.0,hist
STP,2012,232194345.227845,1225.6945255615,189439.0,0.255766183998041,hist
STP,2013,244081946.538405,1263.7042399528082,193148.0,0.26175359236803436,hist
STP,2014,256057120.595489,1301.3214644502839,196767.0,0.2676377420349825,hist
STP,2015,259999643.04738796,1298.1094659639623,200291.0,0.273438987849148,hist
STP,2016,273459368.754364,1342.5338076889966,203689.0,0.27921223553353397,hist
STP,2017,284706696.977306,1375.5940328419867,206970.0,0.2849570168231449,hist
STP,2018,297171520.830854,1413.843486185416,210187.0,0.2906109630956367,hist
STP,2019,303157496.465873,1420.6600831609105,213392.0,0.2961110970817969,hist
STP,2020,311114954.79799,1430.841192990963,217435.0,0.30028666938062,hist
STP,2021,317023957.753826,1428.2867609797488,221961.0,0.29582746546180183,hist
STP,2022,317558772.390522,1403.233567046782,226305.0,0.29178095122051567,hist
STP,2023,318740893.733006,1380.601694162567,230871.0,0.2876100344805138,hist
STP,2024,322247041.654835,1368.1434755401933,235536.0,0.2834816944124996,hist
STP,2025,322247041.65483415,1368.14347554019,235536.0,0.2850497269195974,projected
STP,2030,438918833.6646814,1800.6391513779358,243757.24215970733,0.3140052931164811,projected
STP,2035,566339658.3357029,2264.6783177144075,250075.10069124197,0.2908568740519415,projected
STP,2040,706077082.9309893,2774.4919792967403,254488.78144169695,0.4688474753787595,projected
STP,2045,854995972.924363,3323.1626712272114,257283.81590439007,0.5985061675460486,projected
STP,2050,1012648451.954943,3918.948897983451,258397.97310855857,0.7827684877757982,projected
STP,2055,1178138767.300963,4566.233810726369,258011.04720775387,0.6818361593610538,projected
STP,2060,1346764217.1731596,5252.472147921382,256405.7798395236,0.5809038309463102,projected
STP,2065,1522555688.8194728,5971.9717246810105,254950.25077346613,0.5400441270349475,projected
STP,2070,1706408934.961668,6735.002774120641,253364.25123959448,0.4991844231235845,projected
SUR,2012,5142988298.24504,9140.928986115354,562633.0,4.567712401443983,hist
SUR,2013,5293854859.13611,9303.460087758094,569020.0,4.562515074098072,hist
SUR,2014,5307380818.79212,9224.243784105476,575373.0,4.557702435402665,hist
SUR,2015,5126237646.22072,8813.617053920674,581627.0,4.553769889063936,hist
SUR,2016,4874454256.1508,8293.315530314057,587757.0,4.550880917059673,hist
SUR,2017,4950790053.58146,8338.692354018625,593713.0,4.549384485550923,hist
SUR,2018,5195768566.26648,8666.648706977965,599513.0,4.549101198758905,hist
SUR,2019,5256433828.6406,8677.305220217311,605768.0,4.545406662077231,hist
SUR,2020,4416708447.1504,7213.107666699439,612317.0,4.539606933622376,hist
SUR,2021,4309144555.20541,6973.899418681153,617896.0,4.477587006935662,hist
SUR,2022,4412832154.84564,7081.333573257826,623164.0,4.418881231425731,hist
SUR,2023,4519472314.04237,7186.473087399576,628886.0,4.358011318685501,hist
SUR,2024,4597250505.9213,7246.257679592107,634431.0,4.299438250377923,hist
SUR,2025,4597250505.921296,7246.2576795921,634431.0,4.278954702856862,projected
SUR,2030,5627401556.324577,8592.118184087396,654949.2727819463,4.139889513135306,projected
SUR,2035,6738749831.518994,10023.82892421993,672273.0288459521,4.076115666770952,projected
SUR,2040,7961666812.53324,11605.163879629514,686045.1860148493,4.223200822023589,projected
SUR,2045,9304210239.232111,13353.233836547985,696775.8037582147,4.329365132845765,projected
SUR,2050,10729810369.152435,15221.537815129484,704909.7469302684,4.7342427136618985,projected
SUR,2055,12249004246.732706,17242.425410421285,710399.1436917821,4.80744525350721,projected
SUR,2060,13850015175.247574,19414.19200990275,713396.4250576582,4.880647793352523,projected
SUR,2065,15488215672.369072,21691.847156175256,714010.9166756632,5.078086591600454,projected
SUR,2070,17185299653.11768,24131.915592536476,712139.8874125332,5.275525389848383,projected
SVK,2012,81977043067.5237,15159.65704200044,5407579.0,5.818459670585685,hist
SVK,2013,82553606913.1151,15249.882451378478,5413393.0,5.686290777305818,hist
SVK,2014,84789118561.7889,15647.649176351688,5418649.0,5.554977458893846,hist
SVK,2015,89178548717.3324,16442.076086001754,5423801.0,5.424022639378451,hist
SVK,2016,90915584911.6973,16740.741399642797,5430798.0,5.291518074932871,hist
SVK,2017,93529165482.8938,17195.28887219626,5439232.0,5.157991448266061,hist
SVK,2018,97328432250.48688,17869.014917367902,5446771.0,5.025703945321165,hist
SVK,2019,99543529164.3085,18250.980247563642,5454147.0,4.8939283937133915,hist
SVK,2020,96969818857.1148,17763.856384735183,5458827.0,4.764860881213586,hist
SVK,2021,102454294896.646,18808.45404965958,5447247.0,4.485203895994751,hist
SVK,2022,103012252413.418,18964.829840062284,5431752.0,4.20738570245455,hist
SVK,2023,105188526684.47002,19383.37320094016,5426740.0,3.920390131333381,hist
SVK,2024,107227789781.41301,19776.175806949894,5422069.0,3.632635471541456,hist
SVK,2025,107227789781.41249,19776.1758069498,5422069.0,3.3415034769528957,projected
SVK,2030,121037851045.0279,22263.58510597137,5436584.021347219,2.159338951462506,projected
SVK,2035,135321964769.37225,24978.006428391374,5417644.725063321,1.5354284840172854,projected
SVK,2040,149367176066.27783,27748.530985598503,5382885.895610093,1.3000485282154544,projected
SVK,2045,162477415821.24426,30400.32653563799,5344594.428312264,0.6825439737570558,projected
SVK,2050,174786519425.55896,32959.138733477695,5303127.634461591,0.3260545182674292,projected
SVK,2055,186661596106.7257,35543.018951869,5251709.101005059,0.1730427410016855,projected
SVK,2060,199010099849.59714,38397.33986931688,5182913.725974676,0.020030963735941907,projected
SVK,2065,211952107266.91684,41677.18603521885,5085566.647609294,0.0203323872668521,projected
SVK,2070,224707120375.8489,45250.47918189449,4965850.626080401,0.02063381079776231,projected
SVN,2012,40926910455.6051,19894.869796454772,2057159.0,6.222981633188115,hist
SVN,2013,40589764218.782,19704.21860051273,2059953.0,6.079904920219898,hist
SVN,2014,41711191731.4298,20228.708198639077,2061980.0,5.939424284763117,hist
SVN,2015,42709468274.8137,20697.27485306191,2063531.0,5.800557293915121,hist
SVN,2016,44005450729.606,21309.712213894923,2065042.0,5.662008569241728,hist
SVN,2017,46282469720.8281,22397.763498833763,2066388.0,5.524103511256448,hist
SVN,2018,48309217703.4135,23293.96666532306,2073894.0,5.370379061317647,hist
SVN,2019,50002578162.6734,23943.180094988904,2088385.0,5.200311541964921,hist
SVN,2020,47959972369.9892,22811.805054077802,2102419.0,5.033681833231399,hist
SVN,2021,51996698295.6593,24665.44104640258,2108079.0,4.71550115008281,hist
SVN,2022,53384233078.3164,25275.71596775703,2112076.0,4.402488154683033,hist
SVN,2023,54652553125.6646,25773.901583506886,2120461.0,4.082192596145469,hist
SVN,2024,55598805913.76191,26134.627203986984,2127400.0,3.7669788556172397,hist
SVN,2025,55598805913.76194,26134.627203987,2127400.0,3.465080116698794,projected
SVN,2030,61113022668.98252,28485.1183382858,2145436.8538410724,2.239196372989866,projected
SVN,2035,67225394539.25015,31103.60597428794,2161337.646664589,1.5922122323909427,projected
SVN,2040,73773012703.68558,33869.57583203459,2178149.8850041525,1.3481273734812291,projected
SVN,2045,80374933808.41393,36615.223098347975,2195123.421548682,0.7077860515634882,projected
SVN,2050,87043499430.77484,39383.450992835955,2210154.195136645,0.33811277947211277,projected
SVN,2055,93949023338.05113,42280.95416776193,2222017.5771171385,0.17944226762582302,projected
SVN,2060,101453525132.19724,45469.52749827057,2231242.1244328087,0.020771755779533278,projected
SVN,2065,109315932669.18448,48924.0475468925,2234400.834567251,0.021084326659936634,projected
SVN,2070,117295173804.98433,52518.51469672693,2233406.1517603127,0.021396897540339993,projected
SWE,2012,464448264944.252,48789.790688363755,9519374.0,5.171457627469624,hist
SWE,2013,469732138276.917,48928.499414129066,9600379.0,5.03409014318177,hist
SWE,2014,480516119003.081,49557.61836479588,9696110.0,4.8915809854036825,hist
SWE,2015,501602351911.6,51188.16521204924,9799186.0,4.748296575047737,hist
SWE,2016,512292396637.964,51626.32353123691,9923085.0,4.598325554575917,hist
SWE,2017,521937949816.044,51894.37481778077,10057698.0,4.447310840850679,hist
SWE,2018,531177584320.755,52203.08725897608,10175214.0,4.307510718012951,hist
SWE,2019,545031918111.884,53024.40994943168,10278887.0,4.176520023690179,hist
SWE,2020,534492107010.626,51624.5811789573,10353442.0,4.059530288615313,hist
SWE,2021,562423939232.591,53997.13370687995,10415811.0,3.742696440035285,hist
SWE,2022,569484812988.256,54304.187750103294,10486941.0,3.42676917026031,hist
SWE,2023,568322714847.714,53937.79671224296,10536632.0,3.1214370463443446,hist
SWE,2024,572983369203.274,54209.94742648771,10569709.0,2.8234023120083784,hist
SWE,2025,572983369203.2739,54209.9474264877,10569709.0,2.5351358478472994,projected
SWE,2030,632372266255.201,57745.792998867175,10950966.8742034,2.029204169433003,projected
SWE,2035,694961650344.5706,61476.95351526882,11304425.652321326,1.2104456776047325,projected
SWE,2040,765062560021.817,65572.21570140058,11667480.682759296,0.4960001220111892,projected
SWE,2045,842151574495.103,69838.76856141958,12058511.222953113,0.0857828724275228,projected
SWE,2050,922096292858.9402,73936.26452294874,12471502.297397442,0.045295485569064445,projected
SWE,2055,1001473867930.4227,77723.56088136583,12885074.442986893,0.02702340313074332,projected
SWE,2060,1086876403572.3984,81836.7592746365,13281029.371225992,0.008751320692422185,projected
SWE,2065,1185710491371.5037,86985.97210478144,13631054.09620786,0.00899688235013456,projected
SWE,2070,1290240996380.111,92495.74225532952,13949193.38901536,0.009242444007846932,projected
SWZ,2012,3617154618.7404,3218.50138205493,1123863.0,0.4024816318982616,hist
SWZ,2013,3765262097.1870193,3332.1198392791257,1129990.0,0.412951152096767,hist
SWZ,2014,3842727914.0131593,3381.7929207129105,1136299.0,0.4232399486803874,hist
SWZ,2015,3908217914.2182393,3419.8227655952805,1142813.0,0.4333373776228704,hist
SWZ,2016,4023477834.54531,3500.176888479418,1149507.0,0.44325092985173226,hist
SWZ,2017,4165142616.5682306,3596.236054004922,1158195.0,0.4522696995832524,hist
SWZ,2018,4167866438.89669,3565.542850675011,1168929.0,0.4603470037928521,hist
SWZ,2019,4435938143.62829,3759.6710696466657,1179874.0,0.46819357057137007,hist
SWZ,2020,4304996589.59367,3609.3669136859003,1192729.0,0.47513381411206945,hist
SWZ,2021,4487365678.93282,3719.0383823980583,1206593.0,0.5237507183964075,hist
SWZ,2022,4504690089.10423,3695.649571795479,1218917.0,0.571984821076479,hist
SWZ,2023,4663821718.37207,3790.165767880913,1230506.0,0.6196232230822772,hist
SWZ,2024,4802519614.26982,3864.2055051083908,1242822.0,0.6659828723116284,hist
SWZ,2025,4802519614.269819,3864.20550510839,1242822.0,0.7184828051982382,projected
SWZ,2030,5723282407.448598,4454.855168942432,1284729.1753386646,0.78825435782651,projected
SWZ,2035,6897324935.529118,5232.331013161162,1318212.6509542128,0.8396383795062591,projected
SWZ,2040,8389716301.676775,6229.068558788173,1346865.3013684188,1.0830528499203722,projected
SWZ,2045,10221446539.170729,7452.806862077082,1371489.524461128,1.2075708454925627,projected
SWZ,2050,12391815980.23496,8901.406943076054,1392118.803182447,1.4325523232041912,projected
SWZ,2055,14903623295.973421,10575.516805818352,1409257.208855634,1.3882008851565226,projected
SWZ,2060,17781356858.545048,12509.347633139476,1421445.5765414245,1.3438494471088538,projected
SWZ,2065,21067696402.284195,14746.833602908244,1428625.0845150517,1.405626725155855,projected
SWZ,2070,24755645249.43103,17286.27861068236,1432098.012936853,1.467404003202856,projected
SXM,2012,1376368434.1966,39298.98735678269,35023.0,,hist
SXM,2013,1394353867.67664,38889.77150880348,35854.0,,hist
SXM,2014,1416389988.22102,38623.199940581915,36672.0,,hist
SXM,2015,1417888715.0838,37839.62838151638,37471.0,,hist
SXM,2016,1431610451.70303,37428.70275570682,38249.0,,hist
SXM,2017,1323735540.53767,33945.41851824982,38996.0,,hist
SXM,2018,1232967219.66025,31047.724105062698,39712.0,,hist
SXM,2019,1368162086.82719,33877.976645467126,40385.0,,hist
SXM,2020,1185966832.3477602,28920.37730071596,41008.0,,hist
SXM,2021,1240255611.86927,29834.635006838183,41571.0,,hist
SXM,2022,1412651141.9191,33523.60383300743,42139.0,,hist
SXM,2023,1466331885.3120303,34300.963421648,42749.0,,hist
SXM,2024,1510321841.87139,34840.1808966872,43350.0,,hist
SYC,2012,1248162998.34204,14135.001057065332,88303.0,,hist
SYC,2013,1263811654.24036,14050.313558131385,89949.0,,hist
SYC,2014,1315169064.95728,14395.6158118771,91359.0,,hist
SYC,2015,1432403352.12944,15333.105172710477,93419.0,,hist
SYC,2016,1605975218.58763,16962.67539727315,94677.0,,hist
SYC,2017,1717657339.98638,17921.57319769185,95843.0,,hist
SYC,2018,1802500555.7617702,18628.186227669645,96762.0,,hist
SYC,2019,1901895701.0371497,19481.646105374133,97625.0,,hist
SYC,2020,1678615792.63838,17048.36172978794,98462.0,,hist
SYC,2021,1687886479.31967,17005.04220636795,99258.0,,hist
SYC,2022,1902424765.1769,15869.673878250387,119878.0,,hist
SYC,2023,1945405357.9961302,16242.436592521939,119773.0,,hist
SYC,2024,2012826895.3276002,16586.407496478074,121354.0,,hist
SYR,2012,25998267919.356102,1142.290801505978,22759763.0,1.3429449474775683,hist
SYR,2013,19160700666.0922,884.3298133321044,21666917.0,1.4099380376073964,hist
SYR,2014,17185167298.461903,847.6598772062755,20273659.0,1.506038556992981,hist
SYR,2015,16466863117.000898,847.7316319425637,19424618.0,1.5710380433053148,hist
SYR,2016,15412063258.1149,802.969498335502,19193834.0,1.5890892650222268,hist
SYR,2017,15300590613.036701,795.8832169708575,19224668.0,1.5857031847501382,hist
SYR,2018,15513754781.2974,792.4138116987543,19577845.0,1.5562754216671701,hist
SYR,2019,15703131995.8402,771.5186952713077,20353534.0,1.496173622332855,hist
SYR,2020,15593656903.8252,740.8113970134391,21049429.0,1.4459452748765944,hist
SYR,2021,15882796969.6273,734.3342363234245,21628839.0,1.370913096556295,hist
SYR,2022,15999183136.033398,712.2722782000387,22462173.0,1.2851025096910598,hist
SYR,2025,,,24672760.0,1.0745049859211684,projected
SYR,2030,,,26413900.49956678,1.0545471735429723,projected
SYR,2035,,,28024453.772914644,1.0063711561665212,projected
SYR,2040,,,29444001.14784337,1.0298359673052284,projected
SYR,2045,,,30669994.37148075,1.0247508366392344,projected
SYR,2050,,,31748019.635067023,0.9045607503054824,projected
SYR,2055,,,32704808.65622023,0.7207329932190517,projected
SYR,2060,,,33498725.65820468,0.5369052361326211,projected
SYR,2065,,,34123884.0434753,0.46261536499936584,projected
SYR,2070,,,34578522.43325321,0.3883254938661105,projected
TCA,2012,881607724.52549,27441.333598701716,32127.0,,hist
TCA,2013,891048689.69461,26477.54107195822,33653.0,,hist
TCA,2014,968670576.849373,27636.821022806645,35050.0,,hist
TCA,2015,1078274000.0,29457.01406911624,36605.0,,hist
TCA,2016,1156461656.30247,30183.000294988124,38315.0,,hist
TCA,2017,2019043138.3592896,50586.10323351514,39913.0,,hist
TCA,2018,2155382023.58255,51863.183030933134,41559.0,,hist
TCA,2019,2262756808.26439,52419.88621286174,43166.0,,hist
TCA,2020,1497558135.76773,33739.42539917384,44386.0,,hist
TCA,2021,1941275299.16352,42907.74924659108,45243.0,,hist
TCA,2022,2214745146.4168396,48307.30792454991,45847.0,,hist
TCA,2023,2518855082.8172503,54523.03309271506,46198.0,,hist
TCA,2024,2660838540.233,57179.29601876007,46535.0,,hist
TCD,2012,13427942676.0538,1016.4215206189419,13210998.0,0.0632061676651782,hist
TCD,2013,13809056592.536701,1008.6171142929422,13691079.0,0.06363964656839116,hist
TCD,2014,14093914057.3116,993.3211577083925,14188678.0,0.06396468386889255,hist
TCD,2015,14559599499.5011,993.9907306108685,14647621.0,0.06443730192603284,hist
TCD,2016,13959379525.7795,923.5658720479892,15114655.0,0.06484647191501805,hist
TCD,2017,13733590857.5857,879.0758954667161,15622759.0,0.06505963031563602,hist
TCD,2018,14522052213.2592,898.8347940074017,16156531.0,0.06515568219055588,hist
TCD,2019,15303748438.8629,917.2037100650617,16685223.0,0.06526545514108216,hist
TCD,2020,15243505756.0454,884.9805419331994,17224679.0,0.06532763526757396,hist
TCD,2021,15288236703.0071,857.5276305790863,17828273.0,0.0634729172190799,hist
TCD,2022,15919594857.6964,862.6021281725222,18455316.0,0.06166122786861379,hist
TCD,2023,16553201687.350496,856.8324887453397,19319064.0,0.05923384250077492,hist
TCD,2024,17248313422.9922,849.7073210006264,20299123.0,0.056687539812114406,hist
TCD,2025,17248313422.992172,849.707321000625,20299123.0,0.057001097642919066,projected
TCD,2030,23222454840.70199,1025.8653614707137,22636942.149415717,0.06279131212209346,projected
TCD,2035,31484231758.895382,1261.547363673255,24956836.869939275,0.05816234681966672,projected
TCD,2040,43062296302.98731,1584.802721791517,27172023.186777577,0.09375494238322454,projected
TCD,2045,58771852267.56248,2006.595957835662,29289330.539145753,0.11968265630299779,projected
TCD,2050,79807366159.3309,2549.975020140042,31297312.92620583,0.15652940097744308,projected
TCD,2055,107322303110.71884,3234.403352305083,33181484.008243054,0.13634606816225756,projected
TCD,2060,142531027354.19156,4087.657937377286,34868628.81820341,0.11616273534707203,projected
TCD,2065,186784172395.56982,5137.816058719008,36354779.98060912,0.10799206282097874,projected
TCD,2070,241554169940.7524,6408.3644822296465,37693575.42171338,0.09982139029488547,projected
TGO,2012,4881723795.11932,687.4954645714641,7100736.0,0.19420676779934024,hist
TGO,2013,5166047627.07863,709.0918611497601,7285442.0,0.20884412172505165,hist
TGO,2014,5457063353.66745,730.2910496112319,7472450.0,0.22268900885000129,hist
TGO,2015,5755457836.01866,751.0519875872478,7663195.0,0.23574282430416812,hist
TGO,2016,5998044851.32381,763.2761853533015,7858289.0,0.24802523562138878,hist
TGO,2017,6238441246.41392,774.274897347436,8057140.0,0.25959145914286647,hist
TGO,2018,6537585941.16754,791.5924052163092,8258778.0,0.270509205772421,hist
TGO,2019,6859420393.24743,810.512262603518,8463068.0,0.28081851944745473,hist
TGO,2020,7007740719.48155,808.3006970792079,8669720.0,0.29056266800490904,hist
TGO,2021,7367160812.92227,829.786700130989,8878379.0,0.29404319073735563,hist
TGO,2022,7830882103.10093,861.5080108030539,9089738.0,0.2972755436312407,hist
TGO,2023,8315779388.69167,893.7530303009952,9304337.0,0.3002563988272953,hist
TGO,2024,8858969845.08846,931.0299655298577,9515236.0,0.30322071221098185,hist
TGO,2025,8858969845.088455,931.029965529857,9515236.0,0.3128400128441994,projected
TGO,2030,11536747825.939634,1129.2008394488746,10216736.848663997,0.3612975078057832,projected
TGO,2035,14835598967.821106,1363.1248106653802,10883522.07497377,0.4108622676250147,projected
TGO,2040,19222251258.570126,1673.3593527643543,11487222.530423827,0.5150847589057399,projected
TGO,2045,25057089600.187664,2085.408856877529,12015432.617710035,0.6461711260986511,projected
TGO,2050,32756624412.199318,2623.9026554955576,12483932.795141293,0.8137349743747629,projected
TGO,2055,42813430960.249855,3322.480358216653,12885984.669366123,0.6938008247155738,projected
TGO,2060,55760701660.82443,4218.974585706703,13216647.91481179,0.5738666750563847,projected
TGO,2065,72184061979.67401,5355.843042028572,13477628.342210282,0.5050568367784092,projected
TGO,2070,92724524406.42378,6780.334892658648,13675508.050025744,0.4362469985004336,projected
THA,2012,375224234353.836,5403.8784603627355,69436098.0,0.025789927463383166,hist
THA,2013,385308369004.167,5516.611641641346,69845114.0,0.026905357710529123,hist
THA,2014,389101609925.933,5541.4659936184535,70216367.0,0.028022862849697218,hist
THA,2015,401296238228.084,5688.853353978843,70540795.0,0.02914794861593673,hist
THA,2016,415081396923.293,5857.78052935926,70859841.0,0.030265031412216224,hist
THA,2017,432422173710.333,6076.7430770008095,71160187.0,0.03138034417295682,hist
THA,2018,450682801200.339,6314.199484120429,71376079.0,0.032524720294796354,hist
THA,2019,460212749509.626,6434.537705180334,71522271.0,0.033694999015853516,hist
THA,2020,432369701127.278,6035.186277370776,71641484.0,0.03487363127066057,hist
THA,2021,439080796986.82,6121.526965297134,71727332.0,0.037805240185243456,hist
THA,2022,450410744554.857,6278.785513827601,71735329.0,0.04077404219494789,hist
THA,2023,459498911646.803,6408.414325772939,71702435.0,0.04376712797720522,hist
THA,2024,471178549995.253,6574.461093879848,71668011.0,0.046763959534610336,hist
THA,2025,471178549995.2531,6574.46109387985,71668011.0,0.049739768608030414,projected
THA,2030,580375139061.4495,8003.432212346368,72515781.1877438,0.062195290352523656,projected
THA,2035,695083701492.4072,9538.675183308102,72870046.22075261,0.08430374740247432,projected
THA,2040,815833719165.3354,11220.282688316012,72710620.74174704,0.11662853376291875,projected
THA,2045,940662757983.4393,13050.091372887651,72080932.70041946,0.1477342558760163,projected
THA,2050,1067685683735.8013,15016.96635167025,71098626.62887627,0.19028466555646417,projected
THA,2055,1196663000822.263,17124.86477816151,69878683.20854175,0.17538780667113701,projected
THA,2060,1326127351871.7285,19359.65247805107,68499543.23174036,0.16049094778580983,projected
THA,2065,1452439386766.1655,21715.505637149086,66884898.33188377,0.15351236371674928,projected
THA,2070,1574205026639.0042,24180.74624593485,65101589.94384435,0.14653377964768874,projected
TJK,2012,6808117273.38834,849.5190808317383,8014084.0,1.0658300407343113,hist
TJK,2013,7311917934.39479,889.8823830999787,8216724.0,1.0533518729618863,hist
TJK,2014,7801816486.46336,925.9709614828038,8425552.0,1.0407094697004509,hist
TJK,2015,8271431485.07484,956.9163109306558,8643840.0,1.0275527881932407,hist
TJK,2016,8842160257.54501,997.3526145567089,8865631.0,1.0146431801119344,hist
TJK,2017,9469953672.84779,1042.2639175764186,9085946.0,1.0025265580911045,hist
TJK,2018,10189670046.8255,1094.800201822101,9307333.0,0.9908694906719603,hist
TJK,2019,10943705646.910498,1148.3467671249298,9529966.0,0.979625997413529,hist
TJK,2020,11425228817.455402,1171.9012748035914,9749310.0,0.9692227026230275,hist
TJK,2021,12499200274.9255,1254.0699959230587,9966908.0,0.9744169449257424,hist
TJK,2022,13499136339.2248,1325.755452908491,10182222.0,0.9796089203832105,hist
TJK,2023,14619564549.617397,1407.1075436221045,10389799.0,0.985319057407021,hist
TJK,2024,15847607943.9846,1496.338133950371,10590927.0,0.9914088175789183,hist
TJK,2025,15847607943.98459,1496.33813395037,10590927.0,1.016210372419796,projected
TJK,2030,20713203034.036003,1915.9633134204164,10810855.765843645,0.9724132895017478,projected
TJK,2035,26438607323.40949,2414.9569225348473,10947858.769943746,0.9722192999847585,projected
TJK,2040,33304467580.09903,3021.694324049785,11021785.795812452,0.9487727019013735,projected
TJK,2045,41096882615.76454,3728.805611319521,11021460.193850515,0.9779121122291429,projected
TJK,2050,49446912297.200714,4515.999112167777,10949274.140460389,0.9473766380750982,projected
TJK,2055,58135925434.35989,5370.949242507361,10824143.51903647,0.9565855961726851,projected
TJK,2060,67152885356.59063,6302.282084831142,10655328.41162724,0.9657945542702718,projected
TJK,2065,76858323305.1734,7323.273897566239,10495076.980626918,0.946406641428566,projected
TJK,2070,87242253720.94727,8433.816201828331,10344338.984057346,0.9270187285868601,projected
TKM,2012,27654947984.180603,4761.079275980702,5808546.0,13.803900813172076,hist
TKM,2013,30475752706.6088,5131.167364629981,5939341.0,13.679219760745502,hist
TKM,2014,33614755226.4132,5533.035288465278,6075283.0,13.548423784252437,hist
TKM,2015,35799714285.7143,5759.497903834006,6215770.0,13.413537922658499,hist
TKM,2016,38019296559.4106,5977.838281138534,6360041.0,13.276710721484587,hist
TKM,2017,40490550853.5767,6222.555905588821,6507061.0,13.140399706417398,hist
TKM,2018,43000964982.7593,6460.943568494276,6655524.0,13.007291443062728,hist
TKM,2019,45710025794.8484,6718.166080562743,6803944.0,12.880073424260571,hist
TKM,2020,48406917338.9257,6965.112268892857,6949912.0,12.762788394272576,hist
TKM,2021,51408146222.3962,7248.707632257193,7092043.0,12.854681870410491,hist
TKM,2022,54595451255.3951,7551.03650143158,7230193.0,12.950090950231562,hist
TKM,2023,58035050718.9991,7880.445285709391,7364438.0,13.048837847393589,hist
TKM,2024,61690926131.84899,8231.495442636584,7494498.0,13.151388880301186,hist
TKM,2025,61690926131.84904,8231.49544263659,7494498.0,13.48039028392501,projected
TKM,2030,81815211002.94305,10582.298195566178,7731327.306314463,12.89940647677605,projected
TKM,2035,102689942094.23485,12976.754570666772,7913376.301834337,12.896833137169436,projected
TKM,2040,120740530163.62369,14991.218400850335,8054083.859973317,12.585805714528846,projected
TKM,2045,136756782309.66156,16778.951960371007,8150496.087756704,12.972350306596342,projected
TKM,2050,149990323937.32727,18288.964720793432,8201138.021049243,12.567286433728114,projected
TKM,2055,160804725265.10107,19605.333368975054,8202090.841238664,12.689446522458736,projected
TKM,2060,169736537213.7047,20805.58241209358,8158220.897245473,12.811606611189362,projected
TKM,2065,177173671597.44287,21919.844187389368,8082797.947048002,12.554419084875711,projected
TKM,2070,182543841961.29935,22870.023030915316,7981795.283482646,12.297231558562062,projected
TLS,2012,1440641467.25077,1269.4162556124807,1134885.0,0.00392329005573666,hist
TLS,2013,1485364306.0252,1281.928640431865,1158695.0,0.004032482704408408,hist
TLS,2014,1551797213.1655698,1312.9649498863864,1181903.0,0.0041393854313460585,hist
TLS,2015,1590282371.46446,1319.59295003154,1205131.0,0.004242100295937952,hist
TLS,2016,1638148814.59482,1333.6585611756784,1228312.0,0.004341096630191515,hist
TLS,2017,1586016118.47795,1267.0866159767534,1251703.0,0.004435681304833095,hist
TLS,2018,1578617315.6726797,1237.2006590123035,1275959.0,0.004523726944661467,hist
TLS,2019,1960846014.97769,1507.2474355008783,1300945.0,0.004605901572213352,hist
TLS,2020,2582938981.94735,1947.8399294352112,1326053.0,0.004684548153914587,hist
TLS,2021,2721637681.7497196,2015.8203575703833,1350139.0,0.004993729816679616,hist
TLS,2022,2163090172.13552,1579.7108527640282,1369295.0,0.005311126987815701,hist
TLS,2023,1770794193.37577,1279.2112275756383,1384286.0,0.0056366747020487095,hist
TLS,2024,1609639637.8194997,1149.2188829801132,1400638.0,0.0059494602634080325,hist
TLS,2025,1609639637.8194954,1149.21888298011,1400638.0,0.006328052196383648,projected
TLS,2030,2218137715.6294947,1453.017255203666,1526573.554227051,0.00791268344695246,projected
TLS,2035,2970980277.620764,1810.4963982104225,1640975.5250313764,0.010725391951812817,projected
TLS,2040,3953251113.7808733,2270.763496698183,1740934.7646855875,0.014837854495372324,projected
TLS,2045,5214278958.3827715,2853.805665314122,1827131.756642872,0.018795223792544898,projected
TLS,2050,6763002575.35513,3551.6219766303725,1904201.1283451903,0.02420862278837201,projected
TLS,2055,8614982035.240412,4375.306851707874,1969000.6500635736,0.022313396830821168,projected
TLS,2060,10746380634.228884,5325.495840614169,2017911.7505403112,0.020418170873270323,projected
TLS,2065,13257180102.189201,6425.675533806284,2063157.4116124471,0.019530333123282534,projected
TLS,2070,16234781686.42379,7700.66846644357,2108230.182505385,0.01864249537329474,projected
TON,2012,422596497.997101,3932.593504532859,107460.0,,hist
TON,2013,424261200.8142831,3962.169640955967,107078.0,,hist
TON,2014,432706273.83226395,4058.815614368993,106609.0,,hist
TON,2015,437525514.240726,4123.903239933324,106095.0,,hist
TON,2016,466396529.430219,4419.814728689388,105524.0,,hist
TON,2017,481332022.4906299,4568.624686687326,105356.0,,hist
TON,2018,483872624.14682,4583.5594849415065,105567.0,,hist
TON,2019,482492576.867438,4566.074978162356,105669.0,,hist
TON,2020,491207296.77196896,4647.007651290102,105704.0,,hist
TON,2021,486614870.548582,4612.900469699327,105490.0,,hist
TON,2022,476257056.368298,4533.967902061061,105042.0,,hist
TON,2023,489545312.4729449,4680.299745431943,104597.0,,hist
TON,2025,,,104175.0,,projected
TON,2030,,,104856.24351964524,,projected
TON,2035,,,104961.24306161018,,projected
TON,2040,,,104326.86007186564,,projected
TON,2045,,,102999.01266416948,,projected
TON,2050,,,101002.98903506786,,projected
TON,2055,,,98457.78102853875,,projected
TON,2060,,,95690.44810278782,,projected
TON,2065,,,93395.84968238322,,projected
TON,2070,,,91495.02271209752,,projected
TTO,2012,25149270114.892395,18835.66741229544,1335194.0,22.332403438238714,hist
TTO,2013,25996346049.551796,19392.1974593783,1340557.0,22.469967444152633,hist
TTO,2014,26950637730.5197,20032.540200171778,1345343.0,22.616130769436605,hist
TTO,2015,26841141793.214302,19887.232771649822,1349667.0,22.769049171730046,hist
TTO,2016,24818295899.894104,18331.034459758033,1353895.0,22.92261612545773,hist
TTO,2017,23608962518.1707,17402.615532845433,1356633.0,23.10057062587437,hist
TTO,2018,23385751652.646797,17205.615135338983,1359193.0,23.2808567294027,hist
TTO,2019,23495134887.9587,17225.361633712026,1363985.0,23.422074708535852,hist
TTO,2020,21430194900.9331,15679.961148682509,1366725.0,23.597680324891616,hist
TTO,2021,21276595987.8665,15558.094053682915,1367558.0,23.473051268552396,hist
TTO,2022,21459842974.326595,15712.230497272009,1365805.0,23.392781876915414,hist
TTO,2023,21774542874.5018,15922.766834978758,1367510.0,23.253356725787697,hist
TTO,2024,22320911476.7121,16312.484955571561,1368333.0,23.129177810345446,hist
TTO,2025,22320911476.712154,16312.4849555716,1368333.0,23.01898490019965,projected
TTO,2030,24498839493.08609,18043.02324865165,1357801.2484641054,22.27087239968483,projected
TTO,2035,26500024659.96378,19764.986714871735,1340756.0066824842,21.927795805415535,projected
TTO,2040,28242056088.577023,21452.304714951584,1316504.5184582518,22.71905236289754,projected
TTO,2045,29531086782.70412,22993.96822035701,1284297.1034707995,23.290171909015697,projected
TTO,2050,30350012595.61957,24393.330592836697,1244193.0584309837,25.468243790219184,projected
TTO,2055,31100003514.156742,25953.822885408037,1198282.1818377296,25.862042808056525,projected
TTO,2060,31953137620.523106,27812.676164691944,1148869.581312979,26.25584182589387,projected
TTO,2065,32774136663.344772,29839.2584537211,1098356.271627041,27.317979901940404,projected
TTO,2070,33381593025.836452,31874.767632437462,1047273.298138982,28.38011797798694,projected
TUN,2012,42938131960.3014,3900.046201327018,11009647.0,1.6978873164598283,hist
TUN,2013,43981498924.3673,3947.5876353317426,11141361.0,1.7130366747832693,hist
TUN,2014,45340671513.9524,4021.5995470359103,11274288.0,1.72764612718781,hist
TUN,2015,45779494041.9295,4014.947736864319,11402264.0,1.7426714554232388,hist
TUN,2016,46290957182.3198,4015.288938027027,11528674.0,1.7576019583865412,hist
TUN,2017,47333713938.692,4062.80606534519,11650498.0,1.7729061882161603,hist
TUN,2018,48567689496.9783,4127.970056979942,11765514.0,1.7889282185206699,hist
TUN,2019,49320533876.2551,4153.279786155151,11875081.0,1.805468105859657,hist
TUN,2020,44893953703.8732,3749.268414529278,11974057.0,1.8233168591063162,hist
TUN,2021,47020147729.528206,3902.5332299019924,12048622.0,1.6344076525929687,hist
TUN,2022,48314277429.7123,3986.5455832566627,12119334.0,1.4482825541403512,hist
TUN,2023,48403183212.3138,3967.3338763453353,12200431.0,1.263240618302747,hist
TUN,2024,49184626298.0351,4006.205882674423,12277109.0,1.0810313731025765,hist
TUN,2025,49184626298.03519,4006.20588267443,12277109.0,0.9067118325657938,projected
TUN,2030,62234181856.06504,4937.014201585804,12605631.524429277,1.0331748296769214,projected
TUN,2035,76492320800.25789,5957.135135493002,12840454.188207284,0.8567326395815171,projected
TUN,2040,91541767361.13448,7036.965394766817,13008699.37902656,0.8523260647111629,projected
TUN,2045,106556113335.74908,8123.721710061401,13116662.182528617,0.9119736576420393,projected
TUN,2050,120335199478.64217,9143.784600820412,13160327.449953848,0.9119818028820954,projected
TUN,2055,133190438191.12752,10140.379258483496,13134660.42995381,0.8688771925051737,projected
TUN,2060,145627839524.75348,11176.67785746571,13029617.689793048,0.8257725821282519,projected
TUN,2065,158004025435.9387,12299.259975525736,12846628.63866204,0.8680789589796751,projected
TUN,2070,169464226448.03894,13445.099905052504,12604162.6796954,0.9103853358310984,projected
TUR,2012,720809935556.199,9588.320665314382,75175827.0,,hist
TUR,2013,781994134596.37,10269.448914077346,76147624.0,,hist
TUR,2014,817972077517.761,10597.98018817163,77181884.0,,hist
TUR,2015,865460050683.656,11064.649450466251,78218479.0,,hist
TUR,2016,894225044186.927,11279.616953156881,79277962.0,,hist
TUR,2017,964205820086.0889,12005.64598248323,80312698.0,,hist
TUR,2018,997645953748.995,12255.008214616915,81407204.0,,hist
TUR,2019,1010631549472.6,12238.295022012742,82579440.0,,hist
TUR,2020,1028853867659.94,12338.643833135055,83384680.0,,hist
TUR,2021,1150372769727.98,13670.938029516044,84147318.0,,hist
TUR,2022,1212967141770.11,14273.574765487347,84979913.0,,hist
TUR,2023,1274162834489.99,14932.885136312141,85325965.0,,hist
TUR,2024,1316562171166.7798,15395.027889489287,85518661.0,,hist
TUR,2025,1316562171166.781,15395.0278894893,85518661.0,,projected
TUR,2030,1538413971151.8523,17341.911849937347,88710747.95351414,,projected
TUR,2035,1766722055934.0928,19318.713646616976,91451329.95143674,,projected
TUR,2040,2011445215625.5938,21456.55171736133,93745036.11398356,,projected
TUR,2045,2264983013692.9746,23700.26779726992,95567823.66627446,,projected
TUR,2050,2524837774679.4404,26053.664334010187,96909123.5041185,,projected
TUR,2055,2794680902489.5386,28598.233678400906,97722150.7424862,,projected
TUR,2060,3071399059065.5757,31318.61983636043,98069425.636047,,projected
TUR,2065,3354961111026.9688,34211.192206098516,98066185.2067497,,projected
TUR,2070,3642651449252.879,37276.60253859637,97719513.0774394,,projected
TUV,2012,31949982.2602472,2922.0762996384856,10934.0,,hist
TUV,2013,33339111.9237362,3030.552851898573,11001.0,,hist
TUV,2014,33339111.923736203,3035.2432559847234,10984.0,,hist
TUV,2015,36811936.0824587,3357.8341770007023,10963.0,,hist
TUV,2016,38895630.5776922,3558.6121297065147,10930.0,,hist
TUV,2017,39847948.4184971,3666.2018970003774,10869.0,,hist
TUV,2018,40400752.5680826,3757.8599728474187,10751.0,,hist
TUV,2019,45984984.3588252,4345.996064533144,10581.0,,hist
TUV,2020,44019157.5155388,4233.0183205634,10399.0,,hist
TUV,2021,44813322.9441554,4396.048944884776,10194.0,,hist
TUV,2022,45116847.7756278,4515.29701517492,9992.0,,hist
TUV,2023,46855113.8352982,4773.340855266728,9816.0,,hist
TZA,2012,39187673997.62719,827.1933745799341,47374260.0,0.09393547115082823,hist
TZA,2013,41845219654.6812,857.0602562462805,48824128.0,0.09378783044627877,hist
TZA,2014,44662433111.6494,887.0127497194006,50351512.0,0.09350453355960765,hist
TZA,2015,47413919817.124,911.4387353529526,52020962.0,0.0929832910166206,hist
TZA,2016,50669888784.2555,941.3993115722438,53824013.0,0.09226487541239514,hist
TZA,2017,54078588995.4215,971.7121428091425,55652890.0,0.09155052790016319,hist
TZA,2018,57054358529.8857,993.335558894609,57437145.0,0.09095224116204396,hist
TZA,2019,60363511324.6004,1020.0865655096924,59174891.0,0.09046104822954153,hist
TZA,2020,61565931105.41409,1009.7278315063398,60972798.0,0.08990908164913865,hist
TZA,2021,64226431583.1539,1022.2188513287784,62830412.0,0.0948340310778756,hist
TZA,2022,67159014151.451,1037.8167870048194,64711821.0,0.0994395477563368,hist
TZA,2023,70563656177.7408,1059.2343438120668,66617606.0,0.10374685612710713,hist
TZA,2024,74463225268.4644,1086.1005652082215,68560157.0,0.10775675667865811,hist
TZA,2025,76840453051.38876,1120.77416992188,68560157.0,0.1147061714894394,projected
TZA,2030,107931677000.08865,1414.0246786611992,76329415.3410947,0.13842041911259634,projected
TZA,2035,148230086624.19858,1760.3183593638032,84206408.36681975,0.18075653272487238,projected
TZA,2040,200659206918.61948,2178.9929549229587,92088047.5842172,0.27265405796250564,projected
TZA,2045,268275817470.5587,2691.875181611596,99661313.90607232,0.3447839563599738,projected
TZA,2050,354393112006.97394,3315.8294000709434,106879175.3880316,0.4392056577956539,projected
TZA,2055,462588774430.4626,4075.1965628608577,113513242.1945599,0.42057578649054495,projected
TZA,2060,596015487254.5167,4987.05711631896,119512464.6365484,0.40194591518543604,projected
TZA,2065,758337751767.6357,6060.99760501069,125117645.83782545,0.39432485436310705,projected
TZA,2070,952159584794.5203,7306.284063864656,130320635.83507536,0.3867037935407781,projected
UGA,2012,28279643267.764103,823.5804682854936,34337438.0,0.053266224156757816,hist
UGA,2013,29294007439.772594,828.9886697299846,35337042.0,0.05325967793155077,hist
UGA,2014,30789849487.572395,845.9786647910997,36395539.0,0.05316732038150586,hist
UGA,2015,32387183730.1002,862.9346103558121,37531446.0,0.05297070325954135,hist
UGA,2016,33935615078.9833,874.6483706392165,38799152.0,0.05260632746469327,hist
UGA,2017,34998276801.8745,871.0938800171504,40177388.0,0.05212122555008597,hist
UGA,2018,37204541496.6985,895.0751278543788,41565831.0,0.05165561368081938,hist
UGA,2019,39600047064.28,920.9391015156709,42999637.0,0.05116606716831435,hist
UGA,2020,40768765796.4748,917.035031764401,44457152.0,0.050681072000564584,hist
UGA,2021,42210585952.7826,919.4016752172653,45910930.0,0.0533415672987531,hist
UGA,2022,44147216889.624,933.0940563704233,47312719.0,0.05590010168797616,hist
UGA,2023,46503341915.459,955.7457972754611,48656601.0,0.05838078669173667,hist
UGA,2024,49319389340.67,986.0901453639233,50015092.0,0.06071038487777329,hist
UGA,2025,49319389340.67003,986.090145363924,50015092.0,0.0646256998969139,projected
UGA,2030,70013691784.20215,1223.4134380747462,57228153.30063798,0.07798635722053787,projected
UGA,2035,97916857048.78426,1508.4159347327989,64913698.39985765,0.10183861327251932,projected
UGA,2040,136554724033.44365,1874.0789176548749,72864980.62969576,0.15361387357595588,projected
UGA,2045,189562784662.23126,2342.0555865414863,80938636.02193944,0.19425201106151244,projected
UGA,2050,261294216967.1822,2935.788116925118,89003091.01354909,0.24744939757963946,projected
UGA,2055,356742704418.34235,3684.1744621166704,96831110.49344358,0.2369532886393028,projected
UGA,2060,481197475978.0943,4611.130945746255,104355630.24337804,0.22645717969896606,projected
UGA,2065,640552970008.7334,5740.24884733857,111589756.3057256,0.22216345789477088,projected
UGA,2070,840650445508.489,7100.946919684078,118385682.22192676,0.21786973609057567,projected
UKR,2012,112148546939.271,2426.9294748154166,46210056.0,3.5672498069983547,hist
UKR,2013,112199506223.48701,2432.416278518678,46126770.0,3.621156524212094,hist
UKR,2014,100891035818.548,2194.6011021954487,45972380.0,3.6809426639490552,hist
UKR,2015,91030967789.0717,1988.2313981683326,45784896.0,3.7438358642165706,hist
UKR,2016,93253017277.0895,2044.2677228679424,45616832.0,3.8056254424501317,hist
UKR,2017,95453762636.0202,2100.838024950726,45436041.0,3.8689554233415917,hist
UKR,2018,98783535744.14449,2185.0458747906578,45208907.0,3.9368228482291867,hist
UKR,2019,101944118786.821,2267.5685708658393,44957458.0,4.007541947767954,hist
UKR,2020,98118341608.386,2196.0230721589746,44680014.0,4.081429777057893,hist
UKR,2021,101499127457.564,2291.24703281103,44298640.0,4.2310002874950925,hist
UKR,2022,72309415409.67378,1761.5490660468035,41048766.0,4.689465636368209,hist
UKR,2023,76311548883.89682,2022.4175273731562,37732836.0,5.235916976105314,hist
UKR,2024,78535131747.3225,2074.34425032338,37860221.0,5.35219315190146,hist
UKR,2025,84013438718.93506,2219.04248046875,37860221.0,5.4860861631619615,projected
UKR,2030,99668907463.62079,2687.2781626540445,37089166.59568449,5.249644401589087,projected
UKR,2035,116533608008.98203,3197.367780771741,36446732.43715948,5.248597134966118,projected
UKR,2040,134224016674.20816,3735.265821704772,35934260.928435996,5.122018957051847,projected
UKR,2045,152085593509.39133,4284.806616459088,35494155.77477637,5.279330199035349,projected
UKR,2050,170143657139.6706,4848.389457435274,35092819.71536875,5.114482204182476,projected
UKR,2055,189840299396.93326,5466.506995807568,34727898.371396504,5.164197439302551,projected
UKR,2060,212187908686.40448,6167.5641953661325,34403842.74327089,5.213912674422627,projected
UKR,2065,236242742171.01904,6948.323492630776,33999963.07333307,5.109245606205048,projected
UKR,2070,260556824113.04764,7770.40201292243,33531961.88301882,5.00457853798747,projected
URY,2012,53197370201.0395,15949.317698543442,3335401.0,2.2763008522529713,hist
URY,2013,55664418793.7377,16639.405475065054,3345337.0,2.292692090481231,hist
URY,2014,57467273107.59459,17122.03645632246,3356334.0,2.3082563358959534,hist
URY,2015,57680327998.66889,17125.90168002979,3368017.0,2.3232456255036142,hist
URY,2016,58655009160.0858,17357.23499928411,3379283.0,2.3384198076516833,hist
URY,2017,59675827116.7172,17611.603670103217,3388438.0,2.354959377698339,hist
URY,2018,59774159517.755394,17608.944119503707,3394534.0,2.373546821106579,hist
URY,2019,60329073609.821495,17758.43843729862,3397206.0,2.394478558505724,hist
URY,2020,55890466349.1545,16443.36350008429,3398968.0,2.4160240598957667,hist
URY,2021,59156857853.7605,17416.00522088692,3396695.0,2.4063379954262603,hist
URY,2022,61810768801.32091,18228.355844376103,3390913.0,2.399119059655322,hist
URY,2023,62269484309.0206,18378.983356366214,3388081.0,2.3897928586983643,hist
URY,2024,64204978531.94909,18958.603329353642,3386588.0,2.3795098633344893,hist
URY,2025,64204978531.94929,18958.6033293537,3386588.0,2.368173311784258,projected
URY,2030,73357136833.258,21621.778679304723,3392742.933932246,2.291208143006723,projected
URY,2035,82330225357.62106,24326.008459000324,3384452.71431943,2.255912718904884,projected
URY,2040,91275696155.19138,27148.167318863532,3362131.0449110763,2.3373165110498153,projected
URY,2045,100233639474.53911,30130.005930731433,3326704.9367655353,2.396072797342163,projected
URY,2050,109424997130.00516,33383.88325679515,3277779.169316145,2.6201509538107004,projected
URY,2055,118496084039.76135,36830.601181657534,3217326.903118135,2.6606646570992045,projected
URY,2060,127234867333.59328,40395.4765841601,3149730.566206136,2.701178360387709,projected
URY,2065,135922869645.90364,44131.60123839183,3079944.2084974465,2.8104502095169663,projected
URY,2070,144571672604.05637,48051.91940319483,3008655.5209373017,2.9197220586462245,projected
USA,2012,16892000920975.498,53738.14767145941,314339099.0,18.157121650335963,hist
USA,2013,17249744800617.5,54462.62524124064,316726282.0,17.453656845566105,hist
USA,2014,17685097277697.8,55394.451043533,319257560.0,16.75315196921257,hist
USA,2015,18206020741000.0,56572.91889960633,321815121.0,16.06235587668362,hist
USA,2016,18537270454435.6,57151.470844837306,324353340.0,15.383370431764325,hist
USA,2017,18992846546661.7,58151.702139185494,326608609.0,14.727677187468135,hist
USA,2018,19556270302218.305,59526.665698712124,328529577.0,14.095305458601072,hist
USA,2019,20061570168697.6,60750.9898621638,330226227.0,13.479436083676056,hist
USA,2020,19627632559934.5,59194.66651720297,331577720.0,12.88325976787584,hist
USA,2021,20816096100824.5,62680.2503585805,332099760.0,14.039556367038626,hist
USA,2022,21339074561820.0,63886.13170698414,334017321.0,15.128750463812025,hist
USA,2023,21955252291273.6,65186.59772441562,336806231.0,16.16358487144497,hist
USA,2024,22568462768174.3,66356.17067501007,340110988.0,17.155363119288577,hist
USA,2025,22568462768174.312,66356.1706750101,340110988.0,18.304198099004083,projected
USA,2030,24790336996142.348,70397.46118529781,352148168.1120582,18.627111218176815,projected
USA,2035,26827357834170.14,73825.4046706099,363389241.8723197,17.013897533942654,projected
USA,2040,28756666951566.625,76929.38897232534,373805997.106146,16.247159588975116,projected
USA,2045,30578856736191.21,79765.76125585535,383358175.9234638,15.972505716281063,projected
USA,2050,32258380369257.42,82206.10279912603,392408583.6799987,15.639535585954077,projected
USA,2055,33947639973646.855,84564.84770165151,401439142.8151756,16.101943757253732,projected
USA,2060,35722811188965.73,87006.65103515553,410575637.19504297,16.564351928553393,projected
USA,2065,37580248642419.79,89650.66427996705,419185389.69283813,16.259306359134744,projected
USA,2070,39363748760094.64,92214.3751230932,426872152.0646817,15.954260789716091,projected
UZB,2012,70106848438.9456,2395.8403675572845,29261903.0,3.9728718511054044,hist
UZB,2013,75222229947.9017,2530.684478987033,29724065.0,3.9630471993591776,hist
UZB,2014,80392884506.0999,2659.9907509527316,30222994.0,3.9487138291184385,hist
UZB,2015,86196264755.3105,2803.1901802175075,30749346.0,3.9313368218793006,hist
UZB,2016,91309557164.505,2918.6772585290296,31284568.0,3.9134348280548537,hist
UZB,2017,95322862968.5109,2995.767614377433,31819178.0,3.896210009108149,hist
UZB,2018,100622047495.601,3108.161878611203,32373490.0,3.877193395538671,hist
UZB,2019,107444145839.577,3259.369646324928,32964701.0,3.8544976771329003,hist
UZB,2020,109123866128.148,3249.051910940187,33586372.0,3.8291258503664523,hist
UZB,2021,117891622986.822,3442.724844503409,34243696.0,3.860023247371282,hist
UZB,2022,124966702851.263,3576.715527160529,34938955.0,3.8855334976849183,hist
UZB,2023,132828878427.532,3725.67414578619,35652307.0,3.908063997577968,hist
UZB,2024,141462755525.29095,3890.415930750157,36361859.0,3.93012125172115,hist
UZB,2025,141462755525.2907,3890.41593075015,36361859.0,4.028439035492629,projected
UZB,2030,181826092089.7023,4871.37068821742,37325447.74912991,3.8548195928494193,projected
UZB,2035,226614382440.13913,5963.806587690051,37998278.29894685,3.8540505838293146,projected
UZB,2040,275615717263.796,7159.729362084219,38495270.32730794,3.76110409013854,projected
UZB,2045,326769188701.5658,8414.20208303491,38835433.886287615,3.876617906196238,projected
UZB,2050,377931280179.1794,9704.455660998636,38944098.81205933,3.755569844310666,projected
UZB,2055,429482710123.0303,11067.85362679735,38804516.630322255,3.792075795522518,projected
UZB,2060,482497391830.21295,12553.04688573675,38436675.67102333,3.82858174673437,projected
UZB,2065,539171280450.7125,14200.502751209142,37968464.20841003,3.7517246047212667,projected
UZB,2070,597881653484.0957,15981.836738860944,37410071.39875888,3.674867462708163,projected
VCT,2012,738391734.91399,6790.683259582751,108736.0,,hist
VCT,2013,756574514.5147429,6996.5738615133205,108135.0,,hist
VCT,2014,765242794.4232188,7116.220713472068,107535.0,,hist
VCT,2015,786555555.5555551,7353.735560541839,106960.0,,hist
VCT,2016,819195102.035842,7702.894263564696,106349.0,,hist
VCT,2017,831877075.6021911,7872.926905370764,105663.0,,hist
VCT,2018,858294259.20171,8179.995989570841,104926.0,,hist
VCT,2019,864031342.481725,8294.674344866657,104167.0,,hist
VCT,2020,827146498.160775,7989.746519335963,103526.0,,hist
VCT,2021,844461993.2483901,8211.335880129423,102841.0,,hist
VCT,2022,870731795.635827,8532.73813413389,102046.0,,hist
VCT,2023,917110146.812992,9051.352080110064,101323.0,,hist
VCT,2024,954361646.8322879,9485.187712016856,100616.0,,hist
VCT,2025,954361646.8322883,9485.18771201686,100616.0,,projected
VCT,2030,1046929511.4840533,10433.730562437444,100340.8613265434,,projected
VCT,2035,1142104921.6189666,11459.45198348866,99664.88129315148,,projected
VCT,2040,1252925604.6527712,12715.041695849695,98538.85143465456,,projected
VCT,2045,1377435901.4731047,14195.660513594124,97032.18107773409,,projected
VCT,2050,1514983925.7091763,15901.977463634692,95270.15927256248,,projected
VCT,2055,1665569677.3609953,17853.719817102454,93289.78467364045,,projected
VCT,2060,1828541270.0577636,20059.204439488058,91157.21790332532,,projected
VCT,2065,2002594931.0579152,22516.970616730938,88937.13835421154,,projected
VCT,2070,2189034433.1030197,25259.23310140647,86662.74325569811,,projected
VEN,2012,137347654100.449,4647.373037265937,29553826.0,20.28285542453962,hist
VEN,2013,139192362251.361,4653.364565564891,29912198.0,18.942618994431637,hist
VEN,2014,133771673722.298,4421.607867233308,30254079.0,17.64372863573206,hist
VEN,2015,125449241571.39099,4103.138498700496,30573972.0,16.38564168240881,hist
VEN,2016,104072271054.897,3382.7347793224735,30765720.0,15.216726278468373,hist
VEN,2017,87762679935.5076,2871.315311652607,30565323.0,14.242706677760284,hist
VEN,2018,70512625399.3064,2365.5928127071247,29807592.0,13.503684564657219,hist
VEN,2019,51010266124.708,1762.7373480008257,28938098.0,12.775259452089768,hist
VEN,2020,35707915777.1561,1255.3726309050596,28444077.0,11.84327760046494,hist
VEN,2021,36049081141.1399,1276.6238144940726,28237826.0,11.849355541747444,hist
VEN,2022,38933336798.9515,1379.9777882298622,28213017.0,11.77927833808061,hist
VEN,2023,40491326652.42781,1430.745752493116,28300854.0,11.662472093598307,hist
VEN,2024,42637366965.0064,1501.0227744988506,28405543.0,11.539538603433844,hist
VEN,2025,42637366965.006386,1501.02277449885,28405543.0,11.459587306604208,projected
VEN,2030,49694892675.845665,1666.1869455216745,29825520.36517514,10.755781010769624,projected
VEN,2035,57512645884.115585,1850.9180419849688,31072497.31189483,4.0817702375906,projected
VEN,2040,65922841526.087616,2050.915704781193,32143125.81078058,4.661692261964505,projected
VEN,2045,75153556031.63708,2274.7489552279258,33038175.86504038,4.922504033807768,projected
VEN,2050,85184665009.8931,2524.0459999706914,33749252.19702107,4.363120254381337,projected
VEN,2055,96004306523.14703,2800.073615827754,34286350.89465902,4.227498837110771,projected
VEN,2060,107529037975.1021,3102.886175206017,34654522.24265451,4.0918774198402055,projected
VEN,2065,119333711156.98366,3424.5974363684254,34846055.156640455,4.124027834989811,projected
VEN,2070,131229353130.122,3764.979499787549,34855263.65748526,4.156178250139418,projected
VNM,2012,199081239731.688,2224.1140425325534,89510356.0,0.024461445465984537,hist
VNM,2013,210137237901.38898,2320.0843144493424,90573104.0,0.025368542847430082,hist
VNM,2014,223632762207.56,2439.2865574442326,91679578.0,0.026242078114306108,hist
VNM,2015,239258328381.74097,2577.5688534011206,92823254.0,0.02708392042662605,hist
VNM,2016,255264731908.12396,2715.57887431272,94000117.0,0.027895418500280985,hist
VNM,2017,272980590259.18704,2868.136800133787,95176977.0,0.028686849136890073,hist
VNM,2018,293358610036.841,3048.2832760214465,96237319.0,0.029494613812113102,hist
VNM,2019,314947640805.601,3241.076489665288,97173776.0,0.03032338206073225,hist
VNM,2020,323972192107.065,3303.169498074928,98079191.0,0.031146183838790968,hist
VNM,2021,332245562394.76996,3358.217347647141,98935098.0,0.03351245649149394,hist
VNM,2022,360611028837.66406,3617.66311465012,99680655.0,0.03587781220706752,hist
VNM,2023,378876063686.799,3775.4637555580152,100352192.0,0.03823622980082271,hist
VNM,2024,405742875627.91895,4017.746041115537,100987686.0,0.04057777032230523,hist
VNM,2025,405742875627.91925,4017.74604111554,100987686.0,0.043159923294508164,projected
VNM,2030,513753328259.1584,4969.958636538535,103371751.3224569,0.05396776133094435,projected
VNM,2035,629091954496.0049,5987.93911467093,105059844.87295124,0.0731515922400762,projected
VNM,2040,758365792327.8773,7147.537834250623,106101682.83318888,0.10120028122418423,projected
VNM,2045,899662037690.4735,8454.577606088144,106411234.19845678,0.1281911703656514,projected
VNM,2050,1045768029199.0613,9882.204811585236,105823351.0777952,0.1651127819724559,projected
VNM,2055,1195438584269.308,11432.873850012851,104561512.70032288,0.15218656006164405,projected
VNM,2060,1351089670368.3008,13151.334522804464,102734035.6999897,0.13926033815083222,projected
VNM,2065,1520699462073.344,15134.804705043936,100476979.49921644,0.13320491888464164,projected
VNM,2070,1692526174763.1787,17292.672703259657,97875337.36437044,0.12714949961845104,projected
VUT,2012,709081226.945817,2849.054483214269,248883.0,,hist
VUT,2013,712367041.3870069,2799.2826266180195,254482.0,,hist
VUT,2014,730710779.902669,2807.8342295675875,260240.0,,hist
VUT,2015,759690180.951654,2854.894122726536,266101.0,,hist
VUT,2016,786063165.282252,2889.0140480149803,272087.0,,hist
VUT,2017,820749507.202776,2946.961861650788,278507.0,,hist
VUT,2018,844553132.872594,2960.653766831525,285259.0,,hist
VUT,2019,871926684.758592,2986.203691143696,291985.0,,hist
VUT,2020,828395819.755769,2771.870988080523,298858.0,,hist
VUT,2021,815536673.766002,2666.3026984385488,305868.0,,hist
VUT,2022,857832270.181912,2740.2754553066065,313046.0,,hist
VUT,2023,875793075.435631,2733.3597852608104,320409.0,,hist
VUT,2024,884044669.596211,2697.091832545331,327777.0,,hist
VUT,2025,884044669.5962106,2697.09183254533,327777.0,,projected
VUT,2030,1130113792.4826856,3189.5108887464344,354321.9734631009,,projected
VUT,2035,1437324326.758466,3785.742581778104,379667.7390789147,,projected
VUT,2040,1828729591.4719825,4538.37077160315,402948.4772188403,,projected
VUT,2045,2318863200.805937,5467.342267002593,424129.8765583276,,projected
VUT,2050,2921757609.833284,6593.620198903699,443118.8818426447,,projected
VUT,2055,3652447591.846479,7942.739234792312,459847.3503759668,,projected
VUT,2060,4520455169.930741,9530.21132442074,474328.95410695433,,projected
VUT,2065,5529789616.964066,11377.396854724882,486032.93772490823,,projected
VUT,2070,6684460205.82441,13502.57622850639,495050.729038826,,projected
WSM,2012,787546481.622133,4007.910928468142,196498.0,,hist
WSM,2013,788391466.046139,3976.392892681315,198268.0,,hist
WSM,2014,793594248.721633,3967.237304706794,200037.0,,hist
WSM,2015,824150498.653536,4084.360838199324,201782.0,,hist
WSM,2016,889949544.378272,4373.237924403914,203499.0,,hist
WSM,2017,902464748.1871899,4393.373162559647,205415.0,,hist
WSM,2018,896962897.99084,4321.005183449624,207582.0,,hist
WSM,2019,936894420.7462119,4466.080754820345,209780.0,,hist
WSM,2020,907769700.5048012,4283.0639249273445,211944.0,,hist
WSM,2021,861986288.32084,4032.137339592944,213779.0,,hist
WSM,2022,881527953.232608,4095.1586828668824,215261.0,,hist
WSM,2023,1015816489.37016,4688.463140315421,216663.0,,hist
WSM,2024,1064051361.64931,4880.544180320569,218019.0,,hist
WSM,2025,1064051361.6493082,4880.54418032056,218019.0,,projected
WSM,2030,1210996750.4764907,5573.78511064223,217266.49421131983,,projected
WSM,2035,1357942139.3036716,6317.34334033207,214954.62034398335,,projected
WSM,2040,1522604348.060373,7218.773458662989,210922.8606188148,,projected
WSM,2045,1722700196.676108,8378.868512206556,205600.5765177521,,projected
WSM,2050,1962398348.6637077,9845.347502749975,199322.40564546615,,projected
WSM,2055,2226066315.85007,11577.93873833438,192267.9300832365,,projected
WSM,2060,2489734283.0364337,13469.788760187275,184838.405958923,,projected
WSM,2065,2765908240.7612796,15483.41048760489,178636.88642599146,,projected
WSM,2070,3069178511.319509,17691.017760333045,173487.9560293726,,projected
YEM,2012,56340077330.5769,1981.4580004660288,28433647.0,0.3801841408547234,hist
YEM,2013,59057651713.0868,2014.7289059487014,29312952.0,0.36858546836863404,hist
YEM,2014,58946215687.1767,1950.1625450588988,30226309.0,0.35725945328994985,hist
YEM,2015,42444490073.8555,1362.1738120601024,31159379.0,0.34637856917619864,hist
YEM,2016,38465266584.2701,1197.9586597117166,32109010.0,0.3359570289013799,hist
YEM,2017,36514386855.1096,1103.4563484984174,33090921.0,0.3258160776694761,hist
YEM,2018,36789138480.0859,1079.3293836625517,34085182.0,0.3161450208133347,hist
YEM,2025,,,40583164.0,0.23103665344017948,projected
YEM,2030,,,45167131.714075685,0.2267453879344243,projected
YEM,2035,,,49813267.01179416,0.21638673350604196,projected
YEM,2040,,,54520593.89397742,0.22143206276009397,projected
YEM,2045,,,59169013.65275719,0.22033867409575927,projected
YEM,2050,,,63614452.36992494,0.19449578300909706,projected
YEM,2055,,,67644462.68214332,0.15496972183381733,projected
YEM,2060,,,71202845.6045051,0.11544366065853762,projected
YEM,2065,,,74424604.50445752,0.09947008823586975,projected
YEM,2070,,,77353114.68623532,0.08349651581320189,projected
ZAF,2012,329233094599.263,6121.557838607127,53782567.0,6.0696697500511645,hist
ZAF,2013,337416077838.151,6170.876708633718,54678791.0,5.981309645269956,hist
ZAF,2014,342186555600.731,6155.005894625163,55594838.0,5.893697181022455,hist
ZAF,2015,346709790458.563,6112.27382485974,56723537.0,5.787147934727696,hist
ZAF,2016,349013858372.625,6095.295060427998,57259551.0,5.74359830380088,hist
ZAF,2017,353055253707.071,6125.692050749696,57635162.0,5.716722371666102,hist
ZAF,2018,358551560868.533,6117.270140604694,58613001.0,5.631729724946177,hist
ZAF,2019,359483563936.676,6032.829725986684,59587885.0,5.549801608162465,hist
ZAF,2020,337307318679.639,5569.58483319272,60562381.0,5.470546146460126,hist
ZAF,2021,353695896167.047,5750.909374795844,61502603.0,4.996215526032288,hist
ZAF,2022,360975440918.611,5786.865053447355,62378410.0,4.540853477990221,hist
ZAF,2023,363885280375.697,5756.550494531214,63212384.0,4.100813220396813,hist
ZAF,2024,365831497261.341,5715.475314691474,64007187.0,3.6744801798585525,hist
ZAF,2025,365831497261.34143,5715.47531469148,64007187.0,3.2990685874072234,projected
ZAF,2030,434288881787.1815,6583.432502207324,65966937.7094048,3.326823283141626,projected
ZAF,2035,505659499863.60565,7481.162141485698,67591036.03162727,3.429883584791814,projected
ZAF,2040,580748508019.8738,8420.104270555163,68971652.76809372,3.7298733343804034,projected
ZAF,2045,657856555350.626,9385.376227154518,70093786.2722288,4.084719423773458,projected
ZAF,2050,736179333306.0917,10370.430937380885,70988306.82652599,5.035126758499792,projected
ZAF,2055,817711713645.1852,11412.780470300033,71648772.68717745,4.066937045678949,projected
ZAF,2060,904097080626.6859,12537.601351366557,72110849.21982643,3.0987473328581054,projected
ZAF,2065,992454423920.7703,13732.714918477475,72269353.13318236,2.7736346232494173,projected
ZAF,2070,1080915644702.8315,14992.889993450886,72095216.1441184,2.4485219136407292,projected
ZMB,2012,18773117888.8094,1258.7893857899642,14913629.0,0.28525283007990365,hist
ZMB,2013,19722575262.7917,1280.7701217677813,15398997.0,0.28499333673501814,hist
ZMB,2014,20648211567.0616,1299.0124176250424,15895315.0,0.28455354271326777,hist
ZMB,2015,21251216798.7762,1295.8778868006752,16399089.0,0.2840111944135529,hist
ZMB,2016,22049221308.1088,1303.5751386913287,16914423.0,0.2833074183242885,hist
ZMB,2017,22826646593.6169,1308.7682924008561,17441320.0,0.28245787423003405,hist
ZMB,2018,23747586257.2512,1321.250457115735,17973569.0,0.28157428440375915,hist
ZMB,2019,24089861649.0155,1301.1813297617798,18513839.0,0.280619891301172,hist
ZMB,2020,23418945736.8993,1228.7350011319509,19059395.0,0.2796420424750214,hist
ZMB,2021,24879098747.886105,1269.1082180889518,19603607.0,0.3031819234577565,hist
ZMB,2022,26175604214.1895,1298.8480495592999,20152938.0,0.3253674678998004,hist
ZMB,2023,27580695690.340004,1330.8599821675052,20723965.0,0.3460130114403009,hist
ZMB,2024,28634291574.826996,1343.3896638035283,21314956.0,0.36520894856480696,hist
ZMB,2025,28634291574.827038,1343.38966380353,21314956.0,0.39399864584739713,projected
ZMB,2030,40041564920.465614,1680.3957286456873,23828651.928755533,0.4322596829318196,projected
ZMB,2035,54936671579.07307,2082.3112446350738,26382545.70281627,0.46043744141614174,projected
ZMB,2040,74860840540.5,2591.3152740498904,28889128.73326378,0.5939200676236829,projected
ZMB,2045,101213104072.3194,3235.5812384466844,31281274.24824267,0.662202733936816,projected
ZMB,2050,135471620037.56462,4035.3492166584074,33571225.87515387,0.7855771514145878,projected
ZMB,2055,179333575121.48767,5017.570594410137,35741116.49196836,0.7612558922198813,projected
ZMB,2060,234439391995.20517,6208.65647335681,37760084.327624545,0.7369346330251749,projected
ZMB,2065,302399677888.0677,7634.013015583107,39612151.20681447,0.7708118026923609,projected
ZMB,2070,384905885746.5247,9310.319396197989,41341856.20997137,0.8046889723595471,projected
ZWE,2012,18794430788.9262,1360.1523003427515,13817887.0,0.35069930337109034,hist
ZWE,2013,19168343271.8446,1367.818316894637,14013808.0,0.35672555347768115,hist
ZWE,2014,19623972034.3634,1381.2540412587166,14207359.0,0.36264611074440134,hist
ZWE,2015,19973250000.0,1387.1263259502578,14399013.0,0.3684560570553675,hist
ZWE,2016,20124206636.7998,1378.3425619237394,14600294.0,0.37386669238567993,hist
ZWE,2017,21076969325.2127,1422.9194894692664,14812482.0,0.37885100524058013,hist
ZWE,2018,22132908952.043,1472.1460384484249,15034452.0,0.3834448881793304,hist
ZWE,2019,20731353612.1651,1357.5308781875403,15271368.0,0.3875254552275226,hist
ZWE,2020,19110793941.1996,1230.8193336101606,15526888.0,0.3910122818118178,hist
ZWE,2021,20729099176.6536,1312.2000135880703,15797210.0,0.4285703708753953,hist
ZWE,2022,22001713149.7897,1369.1976149557074,16069056.0,0.4648206086702589,hist
ZWE,2023,23178995952.2035,1418.4718462879957,16340822.0,0.4998671812749962,hist
ZWE,2024,23582865676.3961,1417.7189411585337,16634373.0,0.5330680558285193,hist
ZWE,2025,23582865676.39604,1417.71894115853,16634373.0,0.5750902133321398,projected
ZWE,2030,30943008215.111732,1850.365816906381,16722643.669912374,0.6309369737489554,projected
ZWE,2035,41704897305.33474,2491.6784570018176,16737672.225780422,0.6720659301775186,projected
ZWE,2040,57208614921.901054,3425.343293609167,16701571.205618428,0.8669004880900889,projected
ZWE,2045,78536534967.56322,4727.870815930968,16611396.128449108,0.9665675644894242,projected
ZWE,2050,106704027246.33173,6479.732785989727,16467349.931010088,1.1466479297770273,projected
ZWE,2055,142747078207.98346,8776.658882759195,16264398.572946113,1.111148015535679,projected
ZWE,2060,187523855732.5577,11704.092070834588,16022076.261673314,1.0756481012943302,projected
ZWE,2065,242730078934.36746,15364.866114157156,15797734.723553268,1.1250960599011148,projected
ZWE,2070,309355346810.2129,19847.24885815762,15586812.510947157,1.1745440185078988,projected
